<?xml version="1.0" encoding="ISO-8859-1"?>

<Objects>
   <Object type="0x60a" id="Sandsman Archer">
      <Group>Sandsmen</Group>
      <Enemy/>
      <Class>Character</Class>
      <AnimatedTexture>
         <File>chars8x8rLow1</File>
         <Index>0x05</Index>
      </AnimatedTexture>
      <HitSound>monster/dark_elves_hit</HitSound>
      <DeathSound>monster/dark_elves_death</DeathSound>
      <Size>100</Size>
      <MaxHitPoints>30</MaxHitPoints>
      <Defense>0</Defense>
      <Terrain>LowSand</Terrain>
      <Projectile id="0">
         <ObjectId>Green Arrow</ObjectId>
         <Damage>8</Damage>
         <Speed>85</Speed>
         <LifetimeMS>1400</LifetimeMS>
      </Projectile>
     <Behavior projectileId="0" range="10" predictive="0.5">Shoot</Behavior>
     <Behavior bucket="movement" protecteeId="Sandsman King" radius="6.5" speed="0.8" radiusVariability="0.5" acquireRange="15">Orbit</Behavior>
     <Behavior bucket="movement" speed="0.4">Wander</Behavior>
     <SoulboundLoot prob="0.03">Magic Potion</SoulboundLoot>
   </Object>
   <Object type="0x60c" id="Sandsman Sorcerer">
      <Group>Sandsmen</Group>
      <Enemy/>
      <Class>Character</Class>
      <AnimatedTexture>
         <File>chars8x8rLow1</File>
         <Index>0x07</Index>
      </AnimatedTexture>
      <HitSound>monster/dark_elves_hit</HitSound>
      <DeathSound>monster/dark_elves_death</DeathSound>
      <Size>100</Size>
      <MaxHitPoints>88</MaxHitPoints>
      <Defense>0</Defense>
      <Terrain>LowSand</Terrain>
      <Projectile id="0">
         <ObjectId>Purple Mystic Shot</ObjectId>
         <Damage>13</Damage>
         <Speed>8</Speed>
         <LifetimeMS>10000</LifetimeMS>
         <PassesCover/>
         <Parametric/>
      </Projectile>
      <Projectile id="1">
         <ObjectId>Dark Blue Magic</ObjectId>
         <Damage>17</Damage>
         <Speed>80</Speed>
         <LifetimeMS>300</LifetimeMS>
      </Projectile>
     <Behavior projectileId="0" range="10" cooldown="5">Shoot</Behavior>
     <Behavior projectileId="1" range="5" cooldown="0.4">Shoot</Behavior>
     <Behavior bucket="movement" protecteeId="Sandsman King" speed="1.2" acquireRange="15" protectionRange="6" reprotectRange="5">Protect</Behavior>
     <Behavior bucket="movement" speed="0.4">Wander</Behavior>
     <SoulboundLoot prob="0.03">Magic Potion</SoulboundLoot>
   </Object>
   <Object type="0x60d" id="Sandsman King">
      <Enemy/>
      <Class>Character</Class>
      <AnimatedTexture>
         <File>chars8x8rLow1</File>
         <Index>0x17</Index>
      </AnimatedTexture>
      <HitSound>monster/dark_elves_hit</HitSound>
      <DeathSound>monster/dark_elves_death</DeathSound>
      <Size>120</Size>
      <MaxHitPoints>270</MaxHitPoints>
      <Defense>2</Defense>
      <Terrain>LowSand</Terrain>
      <Quest/>
      <Level>4</Level>
      <Exp>43</Exp>
      <SpawnProb>0.75</SpawnProb>
      <Projectile id="0">
         <ObjectId>Blade</ObjectId>
         <Damage>15</Damage>
         <Speed>70</Speed>
         <LifetimeMS>1200</LifetimeMS>
      </Projectile>
      <Behavior bucket="movement" minAltitude="24">StayAbove</Behavior>
      <Behavior bucket="movement" range="4" speed="0.6">Follow</Behavior>
      <Behavior bucket="movement" speed="0.4">Wander</Behavior>
      <Behavior projectileId="0" range="10" cooldown="10">Shoot</Behavior>
      <Behavior childIds="Sandsman Archer" maxChildren="2" cooldown="10">MakeMinions</Behavior>
      <Behavior childIds="Sandsman Sorcerer" maxChildren="3" cooldown="8">MakeMinions</Behavior>
      <SoulboundLoot tier="3" prob=".3">Weapon</SoulboundLoot>
      <SoulboundLoot tier="3" prob=".3">Armor</SoulboundLoot>
      <SoulboundLoot prob="0.04">Health Potion</SoulboundLoot>
      <SoulboundLoot tier="1" prob=".11">Ring</SoulboundLoot>
      <SoulboundLoot tier="1" prob=".39">ClassSpecial</SoulboundLoot>
   </Object>
   <Object type="0x6c4" id="Giant Crab">
      <Enemy/>
      <Class>Character</Class>
      <AnimatedTexture>
         <File>chars16x16dEncounters</File>
         <Index>7</Index>
      </AnimatedTexture>
      <HitSound>monster/scorpions_hit</HitSound>
      <DeathSound>monster/scorpions_death</DeathSound>
      <Size>100</Size>
      <MaxHitPoints>300</MaxHitPoints>
      <Defense>2</Defense>
      <Terrain>LowSand</Terrain>
      <Quest/>
      <Level>3</Level>
      <Exp>43</Exp>
      <SpawnProb>0.75</SpawnProb>
      <Projectile id="0">
         <ObjectId>Beam</ObjectId>
         <Damage>1</Damage>
         <Speed>20</Speed>
         <Size>60</Size>
         <LifetimeMS>200</LifetimeMS>
      </Projectile>
      <Projectile id="1">
         <ObjectId>Beam</ObjectId>
         <Damage>4</Damage>
         <Speed>40</Speed>
         <Size>100</Size>
         <LifetimeMS>400</LifetimeMS>
      </Projectile>
      <Projectile id="2">
         <ObjectId>Beam</ObjectId>
         <Damage>7</Damage>
         <Speed>60</Speed>
         <Size>140</Size>
         <LifetimeMS>600</LifetimeMS>
      </Projectile>
      <Projectile id="3">
         <ObjectId>Beam</ObjectId>
         <Damage>11</Damage>
         <Speed>80</Speed>
         <Size>180</Size>
         <LifetimeMS>800</LifetimeMS>
      </Projectile>
      <Projectile id="4">
         <ObjectId>Blue Bolt</ObjectId>
         <Damage>10</Damage>
         <Speed>70</Speed>
         <LifetimeMS>1800</LifetimeMS>
         <Size>90</Size>
      </Projectile>
     <State id="idle">
       <Behavior bucket="movement" minAltitude="24">StayAbove</Behavior>
       <Behavior bucket="movement" speed="0.6">Wander</Behavior>
       <Transition playerWithin="11">scuttle</Transition>
     </State>
     <State id="scuttle">
       <Behavior numShots="1" projectileId="0" cooldown="1" type="targeted" predictive="1" range="9" offset="0">Shoot</Behavior>
       <Behavior numShots="1" projectileId="1" cooldown="1" type="targeted" predictive="1" range="9" offset="0">Shoot</Behavior>
       <Behavior numShots="1" projectileId="2" cooldown="1" type="targeted" predictive="1" range="9" offset="0">Shoot</Behavior>
       <Behavior numShots="1" projectileId="3" cooldown="1" type="targeted" predictive="1" range="9" offset="0">Shoot</Behavior>
       <State id="move">
         <Behavior bucket="movement" acquireRange="10.6" range="2" speed="1" predictive="1">Follow</Behavior>
         <Behavior bucket="movement" minAltitude="24">StayAbove</Behavior>
         <Behavior bucket="movement" speed="0.6">Wander</Behavior>
         <Transition afterTime="0.4">pause</Transition>
       </State>
       <State id="pause">
         <Transition afterTime="0.2">move</Transition>
       </State>
       <Transition afterTime="4.7">tri-spit</Transition>
     </State>
     <State id="tri-spit">
       <Behavior numShots="1" projectileId="4" cooldown="90" type="targeted" predictive="0.5" range="9" offset="1.2">Shoot</Behavior>
       <Behavior numShots="1" projectileId="4" cooldown="90" type="targeted" predictive="0.5" range="9" offset="1.8">Shoot</Behavior>
       <Behavior numShots="1" projectileId="4" cooldown="90" type="targeted" predictive="0.5" range="9" offset="2.4">Shoot</Behavior>
       <State id="move">
         <Behavior bucket="movement" acquireRange="10.6" range="2" speed="1" predictive="1">Follow</Behavior>
         <Behavior bucket="movement" minAltitude="24">StayAbove</Behavior>
         <Behavior bucket="movement" speed="0.6">Wander</Behavior>
         <Transition afterTime="0.4">pause</Transition>
       </State>
       <State id="pause">
         <Transition afterTime="0.2">move</Transition>
       </State>
       <Transition afterTime="3.2">idle</Transition>
     </State>
     <Behavior prob=".03" childId="Pirate Cave Portal">MetamorphoseAtDeath</Behavior>
     <SoulboundLoot tier="2" prob=".14">Weapon</SoulboundLoot>
     <SoulboundLoot tier="2" prob=".19">Armor</SoulboundLoot>
     <SoulboundLoot prob="0.02">Health Potion</SoulboundLoot>
     <SoulboundLoot prob="0.02">Magic Potion</SoulboundLoot>
     <SoulboundLoot tier="1" prob=".05">Ring</SoulboundLoot>
     <SoulboundLoot tier="1" prob=".28">ClassSpecial</SoulboundLoot>
   </Object>
   <Object type="0x6c7" id="Sand Devil">
      <Enemy/>
      <Class>Character</Class>
      <AnimatedTexture>
         <File>chars8x8rMid2</File>
         <Index>4</Index>
      </AnimatedTexture>
      <HitSound>monster/scorpions_hit</HitSound>
      <DeathSound>monster/scorpions_death</DeathSound>
      <Size>100</Size>
      <MaxHitPoints>100</MaxHitPoints>
      <Defense>1</Defense>
      <Terrain>LowSand</Terrain>
      <Exp>4</Exp>
      <SpawnProb>1.0</SpawnProb>
      <Projectile id="0">
         <ObjectId>Dark Gray Spinner</ObjectId>
         <Damage>10</Damage>
         <Speed>65</Speed>
         <Size>68</Size>
         <LifetimeMS>1500</LifetimeMS>
         <Wavy/>
         <ConditionEffect duration="1">Confused</ConditionEffect>
      </Projectile>
     <State id="wander">
       <Behavior numShots="1" projectileId="0" cooldown="0.7" type="targeted" predictive="0.3">Shoot</Behavior>
       <Behavior bucket="movement" acquireRange="10" range="2.2" speed="0.7" predictive="0.7">Follow</Behavior>
       <Behavior bucket="movement" minAltitude="24">StayAbove</Behavior>
       <Behavior bucket="movement" speed="0.7">Wander</Behavior>
       <Transition afterTime="3">circle</Transition>
     </State>
     <State id="circle">
       <Behavior numShots="1" projectileId="0" cooldown="1" type="targeted" predictive="0.3" offset="1">Shoot</Behavior>
       <Behavior bucket="movement" acquireRange="9" distance="4" speed="0.7">Circle</Behavior>
       <Transition afterTime="3.1">wander</Transition>
     </State>
     <Behavior prob=".03" childId="Pirate Cave Portal">MetamorphoseAtDeath</Behavior>
   </Object>
   <Object type="0x615" id="Hobbit Rogue">
      <Group>Hobbits</Group>
      <Enemy/>
      <Class>Character</Class>
      <AnimatedTexture>
         <File>chars8x8rLow1</File>
         <Index>0x0c</Index>
      </AnimatedTexture>
      <HitSound>monster/hobbits_hit</HitSound>
      <DeathSound>monster/hobbits_death</DeathSound>
      <Size>75</Size>
      <MaxHitPoints>26</MaxHitPoints>
      <Defense>0</Defense>
      <Terrain>LowPlains</Terrain>
      <Projectile id="0">
         <ObjectId>Blade</ObjectId>
         <Damage>13</Damage>
         <Speed>60</Speed>
         <LifetimeMS>800</LifetimeMS>
      </Projectile>
     <Behavior projectileId="0" range="3">Shoot</Behavior>
     <Behavior bucket="movement" protecteeId="Hobbit Mage" speed="1.2" acquireRange="15" protectionRange="9" reprotectRange="2.5">Protect</Behavior>
     <Behavior bucket="movement" range="1" speed="0.85">Follow</Behavior>
     <Behavior bucket="movement" speed="0.4">Wander</Behavior>
     <SoulboundLoot prob="0.04">Health Potion</SoulboundLoot>
   </Object>
   <Object type="0x616" id="Hobbit Archer">
      <Group>Hobbits</Group>
      <Enemy/>
      <Class>Character</Class>
      <AnimatedTexture>
         <File>chars8x8rLow1</File>
         <Index>0x0d</Index>
      </AnimatedTexture>
      <HitSound>monster/hobbits_hit</HitSound>
      <DeathSound>monster/hobbits_death</DeathSound>
      <Size>75</Size>
      <MaxHitPoints>22</MaxHitPoints>
      <Defense>0</Defense>
      <Terrain>LowPlains</Terrain>
      <Projectile id="0">
         <ObjectId>Green Arrow</ObjectId>
         <Damage>8</Damage>
         <Speed>60</Speed>
         <LifetimeMS>2000</LifetimeMS>
      </Projectile>
     <Behavior projectileId="0" range="10">Shoot</Behavior>
     <State id="run1">
       <Behavior bucket="movement" protecteeId="Hobbit Mage" speed="1.1" acquireRange="12" protectionRange="10" reprotectRange="1">Protect</Behavior>
       <Behavior bucket="movement" speed="0.4">Wander</Behavior>
       <Transition afterTime="0.4">run2</Transition>
     </State>
     <State id="run2">
       <Behavior bucket="movement" range="4" speed="0.8" acquireRange="15">KeepDistance</Behavior>
       <Behavior bucket="movement" speed="0.4">Wander</Behavior>
       <Transition afterTime="0.6">run3</Transition>
     </State>
     <State id="run3">
       <Behavior bucket="movement" protecteeId="Hobbit Archer" speed="1" acquireRange="16" protectionRange="2" reprotectRange="2">Protect</Behavior>
       <Behavior bucket="movement" speed="0.4">Wander</Behavior>
       <Transition afterTime="0.4">run1</Transition>
     </State>
     <SoulboundLoot prob="0.04">Health Potion</SoulboundLoot>
   </Object>
   <Object type="0x617" id="Hobbit Mage">
      <Enemy/>
      <Class>Character</Class>
      <AnimatedTexture>
         <File>chars8x8rLow1</File>
         <Index>0x0e</Index>
      </AnimatedTexture>
      <HitSound>monster/hobbits_hit</HitSound>
      <DeathSound>monster/hobbits_death</DeathSound>
      <Size>88</Size>
      <MaxHitPoints>200</MaxHitPoints>
      <Defense>2</Defense>
      <Terrain>LowPlains</Terrain>
      <Quest/>
      <Level>3</Level>
      <Exp>32</Exp>
      <SpawnProb>1.0</SpawnProb>
      <Projectile id="0">
         <ObjectId>Dark Blue Magic</ObjectId>
         <Damage>10</Damage>
         <Speed>50</Speed>
         <LifetimeMS>340</LifetimeMS>
      </Projectile>
      <Projectile id="1">
         <ObjectId>Blue Magic</ObjectId>
         <Damage>10</Damage>
         <Speed>50</Speed>
         <LifetimeMS>340</LifetimeMS>
      </Projectile>
      <Projectile id="2">
         <ObjectId>Cyan Magic</ObjectId>
         <Damage>10</Damage>
         <Speed>50</Speed>
         <LifetimeMS>340</LifetimeMS>
      </Projectile>
     <State id="idle">
       <Transition playerWithin="12">ring1</Transition>
     </State>
     <State id="ring1">
       <Behavior numShots="15" projectileId="0" cooldown="1.2" type="auto" angle="24" defaultAngle="0">Shoot</Behavior>
       <Transition afterTime="0.4">ring2</Transition>
     </State>
     <State id="ring2">
       <Behavior numShots="15" projectileId="1" cooldown="1.2" type="auto" angle="24" defaultAngle="8">Shoot</Behavior>
       <Transition afterTime="0.4">ring3</Transition>
     </State>
     <State id="ring3">
       <Behavior numShots="15" projectileId="2" cooldown="1.2" type="auto" angle="24" defaultAngle="16">Shoot</Behavior>
       <Transition afterTime="0.4">idle</Transition>
     </State>
     <Behavior bucket="movement" minAltitude="11">StayAbove</Behavior>
     <Behavior bucket="movement" range="6" speed="0.75">Follow</Behavior>
     <Behavior bucket="movement" speed="0.4">Wander</Behavior>
     <Behavior childIds="Hobbit Archer" maxChildren="4" cooldown="12">MakeMinions</Behavior>
     <Behavior childIds="Hobbit Rogue" maxChildren="3" cooldown="6">MakeMinions</Behavior>
     <SoulboundLoot tier="2" prob=".3">Weapon</SoulboundLoot>
     <SoulboundLoot tier="2" prob=".3">Armor</SoulboundLoot>
     <SoulboundLoot prob="0.02">Health Potion</SoulboundLoot>
     <SoulboundLoot prob="0.02">Magic Potion</SoulboundLoot>
     <SoulboundLoot tier="1" prob=".11">Ring</SoulboundLoot>
     <SoulboundLoot tier="1" prob=".39">ClassSpecial</SoulboundLoot>
   </Object>
   <Object type="0x618" id="Undead Hobbit Rogue">
      <Group>Undead Hobbits</Group>
      <Enemy/>
      <Class>Character</Class>
      <AnimatedTexture>
         <File>chars8x8rLow1</File>
         <Index>0x0f</Index>
      </AnimatedTexture>
      <HitSound>monster/undead_hobbits_hit</HitSound>
      <DeathSound>monster/undead_hobbits_death</DeathSound>
      <Size>75</Size>
      <MaxHitPoints>34</MaxHitPoints>
      <Defense>0</Defense>
      <Terrain>LowPlains</Terrain>
      <Projectile id="0">
         <ObjectId>Blade</ObjectId>
         <Damage>16</Damage>
         <Speed>60</Speed>
         <LifetimeMS>800</LifetimeMS>
      </Projectile>
     <Behavior projectileId="0" range="3">Shoot</Behavior>
     <Behavior bucket="movement" protecteeId="Undead Hobbit Mage" speed="1.2" acquireRange="15" protectionRange="9" reprotectRange="2.5">Protect</Behavior>
     <Behavior bucket="movement" range="1" speed="0.85">Follow</Behavior>
     <Behavior bucket="movement" speed="0.4">Wander</Behavior>
     <SoulboundLoot prob="0.04">Health Potion</SoulboundLoot>
   </Object>
   <Object type="0x619" id="Undead Hobbit Archer">
      <Group>Undead Hobbits</Group>
      <Enemy/>
      <Class>Character</Class>
      <AnimatedTexture>
         <File>chars8x8rLow1</File>
         <Index>0x10</Index>
      </AnimatedTexture>
      <HitSound>monster/undead_hobbits_hit</HitSound>
      <DeathSound>monster/undead_hobbits_death</DeathSound>
      <Size>75</Size>
      <MaxHitPoints>28</MaxHitPoints>
      <Defense>0</Defense>
      <Terrain>LowPlains</Terrain>
      <Projectile id="0">
         <ObjectId>Green Arrow</ObjectId>
         <Damage>12</Damage>
         <Speed>60</Speed>
         <LifetimeMS>2000</LifetimeMS>
      </Projectile>
     <Behavior projectileId="0" range="10">Shoot</Behavior>
     <State id="run1">
       <Behavior bucket="movement" protecteeId="Undead Hobbit Mage" speed="1.1" acquireRange="12" protectionRange="10" reprotectRange="1">Protect</Behavior>
       <Behavior bucket="movement" speed="0.4">Wander</Behavior>
       <Transition afterTime="0.4">run2</Transition>
     </State>
     <State id="run2">
       <Behavior bucket="movement" range="4" speed="0.8" acquireRange="15">KeepDistance</Behavior>
       <Behavior bucket="movement" speed="0.4">Wander</Behavior>
       <Transition afterTime="0.6">run3</Transition>
     </State>
     <State id="run3">
       <Behavior bucket="movement" protecteeId="Undead Hobbit Archer" speed="1" acquireRange="16" protectionRange="2" reprotectRange="2">Protect</Behavior>
       <Behavior bucket="movement" speed="0.4">Wander</Behavior>
       <Transition afterTime="0.4">run1</Transition>
     </State>
     <SoulboundLoot prob="0.03">Magic Potion</SoulboundLoot>
   </Object>
   <Object type="0x61a" id="Undead Hobbit Mage">
      <Enemy/>
      <Class>Character</Class>
      <AnimatedTexture>
         <File>chars8x8rLow1</File>
         <Index>0x11</Index>
      </AnimatedTexture>
      <HitSound>monster/undead_hobbits_hit</HitSound>
      <DeathSound>monster/undead_hobbits_death</DeathSound>
      <Size>100</Size>
      <MaxHitPoints>270</MaxHitPoints>
      <Defense>5</Defense>
      <Terrain>LowPlains</Terrain>
      <Quest/>
      <Level>4</Level>
      <Exp>43</Exp>
      <SpawnProb>0.75</SpawnProb>
      <Projectile id="0">
         <ObjectId>Yellow Missile</ObjectId>
         <Damage>13</Damage>
         <Speed>50</Speed>
         <LifetimeMS>340</LifetimeMS>
      </Projectile>
      <Projectile id="1">
         <ObjectId>Fire Missile</ObjectId>
         <Damage>13</Damage>
         <Speed>50</Speed>
         <LifetimeMS>340</LifetimeMS>
      </Projectile>
      <Projectile id="2">
         <ObjectId>Violet Missile</ObjectId>
         <Damage>13</Damage>
         <Speed>50</Speed>
         <LifetimeMS>340</LifetimeMS>
      </Projectile>
      <Projectile id="3">
         <ObjectId>Salmon Missile</ObjectId>
         <Damage>20</Damage>
         <Speed>60</Speed>
         <LifetimeMS>1100</LifetimeMS>
         <Size>150</Size>
      </Projectile>
     <Behavior projectileId="3" range="10">Shoot</Behavior>
     <State id="idle">
       <Transition playerWithin="12">ring1</Transition>
     </State>
     <State id="ring1">
       <Behavior numShots="15" projectileId="0" cooldown="1.2" type="auto" angle="24" defaultAngle="0">Shoot</Behavior>
       <Transition afterTime="0.4">ring2</Transition>
     </State>
     <State id="ring2">
       <Behavior numShots="15" projectileId="1" cooldown="1.2" type="auto" angle="24" defaultAngle="8">Shoot</Behavior>
       <Transition afterTime="0.4">ring3</Transition>
     </State>
     <State id="ring3">
       <Behavior numShots="15" projectileId="2" cooldown="1.2" type="auto" angle="24" defaultAngle="16">Shoot</Behavior>
       <Transition afterTime="0.4">idle</Transition>
     </State>
     <Behavior bucket="movement" minAltitude="31">StayAbove</Behavior>
     <Behavior bucket="movement" range="6" speed="0.75">Follow</Behavior>
     <Behavior bucket="movement" speed="0.4">Wander</Behavior>
     <Behavior childIds="Undead Hobbit Archer" maxChildren="4" cooldown="12">MakeMinions</Behavior>
     <Behavior childIds="Undead Hobbit Rogue" maxChildren="3" cooldown="6">MakeMinions</Behavior>
     <SoulboundLoot tier="3" prob=".3">Weapon</SoulboundLoot>
     <SoulboundLoot tier="3" prob=".3">Armor</SoulboundLoot>
     <SoulboundLoot prob="0.03">Magic Potion</SoulboundLoot>
     <SoulboundLoot tier="1" prob=".12">Ring</SoulboundLoot>
     <SoulboundLoot tier="1" prob=".39">ClassSpecial</SoulboundLoot>
   </Object>
   <Object type="0x7F00" id="Sumo Master">
      <Group>Sumo</Group>
      <Enemy/>
      <Class>Character</Class>
      <AnimatedTexture>
         <File>chars16x16rEncounters</File>
         <Index>5</Index>
      </AnimatedTexture>
      <AltTexture id="1">
         <AnimatedTexture>
            <File>chars16x16rEncounters</File>
            <Index>6</Index>
         </AnimatedTexture>
      </AltTexture>
      <AltTexture id="2">
         <AnimatedTexture>
            <File>chars16x16rEncounters</File>
            <Index>7</Index>
         </AnimatedTexture>
      </AltTexture>
      <AltTexture id="3">
         <AnimatedTexture>
            <File>chars16x16rEncounters</File>
            <Index>8</Index>
         </AnimatedTexture>
      </AltTexture>
      <AltTexture id="4">
         <AnimatedTexture>
            <File>chars16x16rEncounters</File>
            <Index>9</Index>
         </AnimatedTexture>
      </AltTexture>
      <Level>4</Level>
      <SpawnProb>0.45</SpawnProb>
      <Terrain>LowPlains</Terrain>
      <HitSound>monster/ogres_hit</HitSound>
      <DeathSound>monster/ogres_death</DeathSound>
      <MaxHitPoints>340</MaxHitPoints>
      <Projectile id="0">
         <ObjectId>Red BigBullet</ObjectId>
         <Speed>70</Speed>
         <Damage>15</Damage>
         <Size>120</Size>
         <LifetimeMS>500</LifetimeMS>
      </Projectile>
      <Projectile id="1">
         <ObjectId>Gold Bullet</ObjectId>
         <Speed>100</Speed>
         <Damage>25</Damage>
         <Size>150</Size>
         <MultiHit/>
         <PassesCover/>
         <LifetimeMS>1000</LifetimeMS>
      </Projectile>
      <Size>100</Size>
      <Defense>5</Defense>
      <Exp>56</Exp>
     <State id="Sleeping">
       <Transition hitpointsLessThan="1">WakeUp</Transition>
       <Transition afterTime="1.55">Sleeping2</Transition>
     </State>
     <State id="Sleeping2">
       <Behavior altTextureId="3">SetAltTexture</Behavior>
       <Transition hitpointsLessThan="1">WakeUp</Transition>
       <Transition afterTime="1.55">Sleeping</Transition>
     </State>
     <State id="WakeUp">
       <Behavior altTextureId="2">SetAltTexture</Behavior>
       <Behavior childIds="Lil Sumo" cooldown=".2" maxChildren="5" startWithMinions="false">MakeMinions</Behavior>
       <Transition afterTime="1.0">Awake</Transition>
     </State>
     <State id="Awake">
       <Behavior altTextureId="1">SetAltTexture</Behavior>
       <Behavior bucket="movement" speed="0.25" acquireRange="10" predictive="true">Follow</Behavior>
       <Behavior bucket="movement" speed="0.25">Wander</Behavior>
       <Behavior projectileId="0" range="3" cooldown="0.5">Shoot</Behavior>
       <Order>
         <Behavior protecteeId="Sumo Master" speedVariability="0.2" radius="2" radiusVariability="0.05">Orbit</Behavior>
       </Order>
       <Transition hitpointsLessThan="0.4">Enrage</Transition>
     </State>
     <State id="Enrage">
       <Behavior prob="1" bubbleTime="4" text="Engaging Super-Mode!!!">Say</Behavior>
       <Transition hitpointsLessThan="0.4">Inflate</Transition>
     </State>
     <State id="Inflate">
       <State id="Attack">
         <Behavior projectileId="1" range="4.5" cooldown="0.25">Shoot</Behavior>
         <Behavior bucket="movement" speed="0.5" acquireRange="7" range="1" predictive="true">Follow</Behavior>
         <Transition afterTime="1.0">Rest</Transition>
       </State>
       <State id="Rest">
         <Transition afterTime="2.0">Attack</Transition>
         <Behavior bucket="movement" speed="0.5" acquireRange="4" range="1" predictive="true">Follow</Behavior>
       </State>
       <Behavior altTextureId="4">SetAltTexture</Behavior>
       <Behavior bucket="movement" speed="0.5">Wander</Behavior>
       <Order>
         <Behavior bucket="attacks" speed="1" distance="1.5">Circle</Behavior>
       </Order>
     </State>
     <SoulboundLoot tier="4" prob=".08" threshold=".8">Armor</SoulboundLoot>
     <SoulboundLoot tier="3" prob=".15" threshold=".1">Armor</SoulboundLoot>
     <SoulboundLoot tier="1" prob=".15" threshold=".2">Ring</SoulboundLoot>
     <SoulboundLoot tier="1" prob=".1" threshold=".2">ClassSpecial</SoulboundLoot>
     <SoulboundLoot prob="0.1" threshold=".1">Health Potion</SoulboundLoot>
   </Object>
   <Object type="0x7F01" id="Lil Sumo">
      <Group>Sumo</Group>
      <Enemy/>
      <Class>Character</Class>
      <AnimatedTexture>
         <File>chars8x8rLow2</File>
         <Index>7</Index>
      </AnimatedTexture>
      <HitSound>monster/ogres_hit</HitSound>
      <DeathSound>monster/ogres_death</DeathSound>
      <MaxHitPoints>55</MaxHitPoints>
      <Projectile id="0">
         <ObjectId>Red Bullet</ObjectId>
         <Speed>50</Speed>
         <Damage>10</Damage>
         <Size>50</Size>
         <LifetimeMS>3000</LifetimeMS>
      </Projectile>
      <Size>100</Size>
      <Defense>4</Defense>
      <Exp>1</Exp>
     <State id="Attacking">
       <Behavior numShots="1" projectileId="0" cooldown="1" range="3">Shoot</Behavior>
       <Behavior bucket="movement" listenIds="Sumo Master">FollowOrders</Behavior>
       <Behavior bucket="movement">Follow</Behavior>
       <Behavior bucket="movement" speed=".75">Wander</Behavior>
     </State>
     <SoulboundLoot prob="0.2" threshold=".1">Health Potion</SoulboundLoot>
     <SoulboundLoot prob="0.2" threshold=".1">Magic Potion</SoulboundLoot>
     <SoulboundLoot tier="2" prob=".05">Armor</SoulboundLoot>
   </Object>
   <Object type="0x605" id="Elf Archer">
      <Group>Elves</Group>
      <Enemy/>
      <Class>Character</Class>
      <AnimatedTexture>
         <File>chars8x8rLow1</File>
         <Index>0x00</Index>
      </AnimatedTexture>
      <HitSound>monster/elves_hit</HitSound>
      <DeathSound>monster/elves_death</DeathSound>
      <Size>100</Size>
      <MaxHitPoints>22</MaxHitPoints>
      <Defense>2</Defense>
      <Terrain>LowForest</Terrain>
      <Projectile id="0">
         <ObjectId>Green Arrow</ObjectId>
         <Damage>9</Damage>
         <Speed>65</Speed>
         <LifetimeMS>2000</LifetimeMS>
      </Projectile>
     <Behavior projectileId="0" range="10" predictive="1">Shoot</Behavior>
     <Behavior bucket="movement" distance="6" speed="0.5">Circle</Behavior>
     <Behavior bucket="movement" protecteeId="Elf Wizard" speed="1.2" acquireRange="100" protectionRange="10" reprotectRange="1">Protect</Behavior>
     <Behavior bucket="movement" speed="0.4">Wander</Behavior>
     <SoulboundLoot prob="0.04">Health Potion</SoulboundLoot>
   </Object>
   <Object type="0x606" id="Elf Swordsman">
      <Group>Elves</Group>
      <Enemy/>
      <Class>Character</Class>
      <AnimatedTexture>
         <File>chars8x8rLow1</File>
         <Index>0x01</Index>
      </AnimatedTexture>
      <HitSound>monster/elves_hit</HitSound>
      <DeathSound>monster/elves_death</DeathSound>
      <Size>100</Size>
      <MaxHitPoints>26</MaxHitPoints>
      <Defense>2</Defense>
      <Terrain>LowForest</Terrain>
      <Projectile id="0">
         <ObjectId>Blade</ObjectId>
         <Damage>13</Damage>
         <Speed>100</Speed>
         <LifetimeMS>400</LifetimeMS>
      </Projectile>
     <Behavior projectileId="0" range="3" predictive="1">Shoot</Behavior>
     <Behavior bucket="movement" protecteeId="Elf Wizard" speed="1.2" acquireRange="15" protectionRange="10" reprotectRange="5">Protect</Behavior>
     <Behavior bucket="movement" range="1" speed="4" cooldown="2">Buzz</Behavior>
     <Behavior bucket="movement" range="6" speed="0.6">Circle</Behavior>
     <Behavior bucket="movement" speed="0.4">Wander</Behavior>
     <SoulboundLoot prob="0.04">Health Potion</SoulboundLoot>
   </Object>
   <Object type="0x607" id="Elf Mage">
      <Group>Elves</Group>
      <Enemy/>
      <Class>Character</Class>
      <AnimatedTexture>
         <File>chars8x8rLow1</File>
         <Index>0x02</Index>
      </AnimatedTexture>
      <HitSound>monster/elves_hit</HitSound>
      <DeathSound>monster/elves_death</DeathSound>
      <Size>100</Size>
      <MaxHitPoints>22</MaxHitPoints>
      <Defense>0</Defense>
      <Terrain>LowForest</Terrain>
      <Projectile id="0">
         <ObjectId>Cyan Magic</ObjectId>
         <Damage>4</Damage>
         <Speed>65</Speed>
         <LifetimeMS>1500</LifetimeMS>
      </Projectile>
     <Behavior numShots="1" projectileId="0" cooldown="0.3" type="targeted">Shoot</Behavior>
     <Behavior bucket="movement" range="6" speed="0.5">Circle</Behavior>
     <Behavior bucket="movement" protecteeId="Elf Wizard" speed="1.2" acquireRange="100" protectionRange="10" reprotectRange="1">Protect</Behavior>
     <Behavior bucket="movement" speed="0.4">Wander</Behavior>
     <SoulboundLoot prob="0.03">Magic Potion</SoulboundLoot>
   </Object>
   <Object type="0x609" id="Elf Wizard">
      <Enemy/>
      <Class>Character</Class>
      <AnimatedTexture>
         <File>chars8x8rLow1</File>
         <Index>0x04</Index>
      </AnimatedTexture>
      <HitSound>monster/elves_hit</HitSound>
      <DeathSound>monster/elves_death</DeathSound>
      <Size>140</Size>
      <MaxHitPoints>200</MaxHitPoints>
      <Defense>0</Defense>
      <Terrain>LowForest</Terrain>
      <Quest/>
      <Level>3</Level>
      <Exp>32</Exp>
      <SpawnProb>0.75</SpawnProb>
      <Projectile id="0">
         <ObjectId>Blue Bolt</ObjectId>
         <Damage>5</Damage>
         <Speed>70</Speed>
         <LifetimeMS>2000</LifetimeMS>
         <Size>90</Size>
      </Projectile>
     <State id="idle">
       <Transition playerWithin="11">move1</Transition>
     </State>
     <State id="move1">
       <Behavior projectileId="0" numShots="3" range="10" angle="14" predictive="0.3">Shoot</Behavior>
       <Behavior bucket="movement" minAltitude="11">StayAbove</Behavior>
       <Behavior bucket="movement" speed="0.8">BackAndForth</Behavior>
       <Transition afterTime="2">move2</Transition>
     </State>
     <State id="move2">
       <Behavior projectileId="0" numShots="3" range="10" angle="10" predictive="0.5">Shoot</Behavior>
       <Behavior bucket="movement" minAltitude="11">StayAbove</Behavior>
       <Behavior bucket="movement" acquireRange="10.5" range="3" speed="0.6">Follow</Behavior>
       <Behavior bucket="movement" speed="0.4">Wander</Behavior>
       <Transition afterTime="2">move3</Transition>
     </State>
     <State id="move3">
       <Behavior bucket="movement" minAltitude="11">StayAbove</Behavior>
       <Behavior bucket="movement" acquireRange="10.5" speed="0.6" distance="5">KeepDistance</Behavior>
       <Behavior bucket="movement" speed="0.4">Wander</Behavior>
       <Transition afterTime="2">idle</Transition>
     </State>
     <Behavior childIds="Elf Archer" maxChildren="2" cooldown="15">MakeMinions</Behavior>
     <Behavior childIds="Elf Swordsman" maxChildren="4" cooldown="7">MakeMinions</Behavior>
     <Behavior childIds="Elf Mage" maxChildren="1" cooldown="8">MakeMinions</Behavior>
     <SoulboundLoot tier="2" prob=".36">Weapon</SoulboundLoot>
     <SoulboundLoot tier="2" prob=".36">Armor</SoulboundLoot>
     <SoulboundLoot prob="0.02">Health Potion</SoulboundLoot>
     <SoulboundLoot prob="0.02">Magic Potion</SoulboundLoot>
     <SoulboundLoot tier="1" prob=".11">Ring</SoulboundLoot>
     <SoulboundLoot tier="1" prob=".39">ClassSpecial</SoulboundLoot>
   </Object>
   <Object type="0x612" id="Goblin Rogue">
      <Group>Goblins</Group>
      <Enemy/>
      <Class>Character</Class>
      <AnimatedTexture>
         <File>chars8x8rLow1</File>
         <Index>0x09</Index>
      </AnimatedTexture>
      <HitSound>monster/goblins_hit</HitSound>
      <DeathSound>monster/goblins_death</DeathSound>
      <Size>75</Size>
      <MaxHitPoints>25</MaxHitPoints>
      <Defense>0</Defense>
      <Terrain>LowForest</Terrain>
      <Projectile id="0">
         <ObjectId>Blade</ObjectId>
         <Damage>10</Damage>
         <Speed>60</Speed>
         <LifetimeMS>800</LifetimeMS>
      </Projectile>
     <Behavior projectileId="0" range="3">Shoot</Behavior>
     <State id="protect">
       <Behavior bucket="movement" listenIds="Goblin Mage" acquireRange="12">FollowOrders</Behavior>
       <Behavior bucket="movement" protecteeId="Goblin Mage" speed="0.8" acquireRange="12" protectionRange="1.5" reprotectRange="1.5">Protect</Behavior>
       <Behavior bucket="movement" speed="0.6">Follow</Behavior>
       <Transition afterTime="1.2">scatter</Transition>
     </State>
     <State id="scatter">
       <Behavior bucket="movement" listenIds="Goblin Mage" acquireRange="12">FollowOrders</Behavior>
       <Behavior bucket="movement" protecteeId="Goblin Mage" radius="7" speed="0.8" radiusVariability="1">Orbit</Behavior>
       <Behavior bucket="movement" speed="0.6">Follow</Behavior>
       <Transition afterTime="2.4">protect</Transition>
     </State>
     <SoulboundLoot prob="0.04">Health Potion</SoulboundLoot>
   </Object>
   <Object type="0x613" id="Goblin Warrior">
      <Group>Goblins</Group>
      <Enemy/>
      <Class>Character</Class>
      <AnimatedTexture>
         <File>chars8x8rLow1</File>
         <Index>0x0a</Index>
      </AnimatedTexture>
      <HitSound>monster/goblins_hit</HitSound>
      <DeathSound>monster/goblins_death</DeathSound>
      <Size>75</Size>
      <MaxHitPoints>25</MaxHitPoints>
      <Defense>2</Defense>
      <Terrain>LowForest</Terrain>
      <Projectile id="0">
         <ObjectId>Blade</ObjectId>
         <Damage>12</Damage>
         <Speed>60</Speed>
         <LifetimeMS>600</LifetimeMS>
      </Projectile>
     <Behavior projectileId="0" range="3">Shoot</Behavior>
     <State id="protect">
       <Behavior bucket="movement" listenIds="Goblin Mage" acquireRange="12">FollowOrders</Behavior>
       <Behavior bucket="movement" protecteeId="Goblin Mage" speed="0.8" acquireRange="12" protectionRange="1.5" reprotectRange="1.5">Protect</Behavior>
       <Behavior bucket="movement" speed="0.6">Follow</Behavior>
       <Transition afterTime="1.2">scatter</Transition>
     </State>
     <State id="scatter">
       <Behavior bucket="movement" listenIds="Goblin Mage" acquireRange="12">FollowOrders</Behavior>
       <Behavior bucket="movement" protecteeId="Goblin Mage" radius="7" speed="0.8" radiusVariability="1">Orbit</Behavior>
       <Behavior bucket="movement" speed="0.6">Follow</Behavior>
       <Transition afterTime="2.4">protect</Transition>
     </State>
     <Behavior prob=".03" childId="Pirate Cave Portal">MetamorphoseAtDeath</Behavior>
     <SoulboundLoot prob="0.04">Health Potion</SoulboundLoot>
   </Object>
   <Object type="0x614" id="Goblin Mage">
      <Enemy/>
      <Class>Character</Class>
      <AnimatedTexture>
         <File>chars8x8rLow1</File>
         <Index>0x0b</Index>
      </AnimatedTexture>
      <HitSound>monster/goblins_hit</HitSound>
      <DeathSound>monster/goblins_death</DeathSound>
      <Size>120</Size>
      <MaxHitPoints>280</MaxHitPoints>
      <Defense>0</Defense>
      <Quest/>
      <Level>4</Level>
      <Exp>39</Exp>
      <SpawnProb>0.75</SpawnProb>
      <Terrain>LowForest</Terrain>
      <Projectile id="0">
         <ObjectId>Cyan Magic</ObjectId>
         <Damage>14</Damage>
         <Speed>35</Speed>
         <Size>90</Size>
         <LifetimeMS>3000</LifetimeMS>
         <Wavy/>
      </Projectile>
      <Projectile id="1">
         <ObjectId>Dark Blue Magic</ObjectId>
         <Damage>16</Damage>
         <Speed>75</Speed>
         <Size>130</Size>
         <LifetimeMS>1600</LifetimeMS>
      </Projectile>
     <Behavior childIds="Goblin Rogue" cooldown="12" maxChildren="7">MakeMinions</Behavior>
     <Behavior childIds="Goblin Warrior" cooldown="12" maxChildren="7">MakeMinions</Behavior>
     <State id="unharmed">
       <Behavior bucket="movement" minAltitude="31">StayAbove</Behavior>
       <Behavior bucket="movement" acquireRange="10.5" range="4" speed="0.5">Follow</Behavior>
       <Behavior numShots="1" projectileId="0" cooldown="1" type="targeted" predictive="0.35" offset="0.5">Shoot</Behavior>
       <Behavior numShots="1" projectileId="1" cooldown="1.3" type="targeted" predictive="0.35">Shoot</Behavior>
       <Transition hitpointsLessThan=".65">activate_horde</Transition>
     </State>
     <State id="activate_horde">
       <Behavior numShots="1" projectileId="0" cooldown="1" type="targeted" predictive="0.25" offset="0.5">Shoot</Behavior>
       <Behavior numShots="1" projectileId="1" cooldown="1" type="targeted" predictive="0.25">Shoot</Behavior>
       <Behavior type="Flash" color="484848" flashPeriod="0.6" flashRepeats="5000">ShowEffect</Behavior>
       <Order>
         <Behavior bucket="movement" protecteeId="Goblin Mage" speed="0.8" acquireRange="12" protectionRange="6" reprotectRange="3">Protect</Behavior>
         <Behavior bucket="movement" acquireRange="10.5" range="1.5" speed="0.8" predictive="0.5">Follow</Behavior>
       </Order>
       <Behavior bucket="movement" minAltitude="31">StayAbove</Behavior>
       <Behavior bucket="movement" acquireRange="10.5" distance="6" speed="0.5">KeepDistance</Behavior>
     </State>
     <SoulboundLoot tier="3" prob=".3">Weapon</SoulboundLoot>
     <SoulboundLoot tier="3" prob=".3">Armor</SoulboundLoot>
     <SoulboundLoot prob="0.02">Health Potion</SoulboundLoot>
     <SoulboundLoot prob="0.02">Magic Potion</SoulboundLoot>
     <SoulboundLoot tier="1" prob=".09">Ring</SoulboundLoot>
     <SoulboundLoot tier="1" prob=".38">ClassSpecial</SoulboundLoot>
   </Object>
   <Object type="0x6c8" id="Easily Enraged Bunny">
      <Enemy/>
      <Class>Character</Class>
      <AnimatedTexture>
         <File>chars8x8rLow2</File>
         <Index>4</Index>
      </AnimatedTexture>
      <HitSound>monster/night_elves_hit</HitSound>
      <DeathSound>monster/night_elves_death</DeathSound>
      <Size>100</Size>
      <MaxHitPoints>40</MaxHitPoints>
      <Defense>0</Defense>
      <Terrain>LowForest</Terrain>
      <Exp>0</Exp>
      <SpawnProb>0.7</SpawnProb>
     <Behavior childId="Enraged Bunny" prob="1">MetamorphoseAtDeath</Behavior>
     <Behavior bucket="movement" acquireRange="9.5" range="2" speed="0.7" predictive="1">Follow</Behavior>
     <Behavior bucket="movement" minAltitude="24">StayAbove</Behavior>
   </Object>
   <Object type="0x6c9" id="Enraged Bunny">
      <Enemy/>
      <Class>Character</Class>
      <AnimatedTexture>
         <File>chars8x8rLow2</File>
         <Index>5</Index>
      </AnimatedTexture>
      <HitSound>monster/night_elves_hit</HitSound>
      <DeathSound>monster/night_elves_death</DeathSound>
      <Size>100</Size>
      <MaxHitPoints>130</MaxHitPoints>
      <Defense>1</Defense>
      <Exp>6</Exp>
      <Projectile id="0">
         <ObjectId>Fire Missile</ObjectId>
         <Damage>12</Damage>
         <Speed>70</Speed>
         <Size>90</Size>
         <LifetimeMS>1600</LifetimeMS>
      </Projectile>
     <Behavior numShots="1" projectileId="0" cooldown="0.4" type="targeted" predictive="0.5" range="9" offset="0">Shoot</Behavior>
     <State id="red">
       <Behavior type="Flash" color="FF0000" flashPeriod="1.5" flashRepeats="1">ShowEffect</Behavior>
       <Transition afterTime="1.6">yellow</Transition>
     </State>
     <State id="yellow">
       <Behavior type="Flash" color="FFFF33" flashPeriod="1.5" flashRepeats="1">ShowEffect</Behavior>
       <Transition afterTime="1.6">orange</Transition>
     </State>
     <State id="orange">
       <Behavior type="Flash" color="FF9900" flashPeriod="1.5" flashRepeats="1">ShowEffect</Behavior>
       <Transition afterTime="1.6">red</Transition>
     </State>
     <Behavior bucket="movement" minAltitude="24">StayAbove</Behavior>
     <Behavior bucket="movement" acquireRange="9" range="2.5" speed="0.85" predictive="1">Follow</Behavior>
     <Behavior bucket="movement" speed="0.85">Wander</Behavior>
     <SoulboundLoot prob="0.02">Magic Potion</SoulboundLoot>
     <SoulboundLoot prob="0.01">Health Potion</SoulboundLoot>
   </Object>
   <Object type="0x6d1" id="Forest Nymph">
      <Enemy/>
      <Class>Character</Class>
      <AnimatedTexture>
         <File>chars8x8rLow2</File>
         <Index>6</Index>
      </AnimatedTexture>
      <HitSound>monster/elves_hit</HitSound>
      <DeathSound>monster/elves_death</DeathSound>
      <Size>100</Size>
      <MaxHitPoints>120</MaxHitPoints>
      <Defense>1</Defense>
      <Terrain>LowForest</Terrain>
      <Exp>6</Exp>
      <SpawnProb>1.0</SpawnProb>
      <Projectile id="0">
         <ObjectId>Purple Boomerang</ObjectId>
         <Damage>14</Damage>
         <Speed>55</Speed>
         <Size>70</Size>
         <LifetimeMS>2900</LifetimeMS>
         <Boomerang/>
      </Projectile>
      <Projectile id="1">
         <ObjectId>Blue Boomerang</ObjectId>
         <Damage>10</Damage>
         <Speed>50</Speed>
         <Size>70</Size>
         <LifetimeMS>2900</LifetimeMS>
         <Boomerang/>
      </Projectile>
     <State id="circle">
       <Behavior projectileId="0" numShots="1" range="4" type="targeted" cooldown="0.9" predictive="0.1">Shoot</Behavior>
       <Behavior bucket="movement" minAltitude="24">StayAbove</Behavior>
       <Behavior bucket="movement" acquireRange="11" range="3.5" speed="0.9" duration="1" cooldown="5" predictive="1">Follow</Behavior>
       <Behavior bucket="movement" speed="1.3" acquireRange="12" distance="3.5">Circle</Behavior>
       <Behavior bucket="movement" speed="0.7">Wander</Behavior>
       <Transition afterTime="4">dart_away</Transition>
     </State>
     <State id="dart_away">
       <Behavior projectileId="1" numShots="6" range="9" type="auto" angle="60" cooldown="1.4" defaultAngle="20" offset="1.2">Shoot</Behavior>
       <Behavior bucket="movement" speed="0.4">Wander</Behavior>
       <Transition afterTime="3.6">circle</Transition>
     </State>
     <Behavior prob=".05" childId="Pirate Cave Portal">MetamorphoseAtDeath</Behavior>
     <SoulboundLoot prob="0.03">Magic Potion</SoulboundLoot>
     <SoulboundLoot prob="0.02">Health Potion</SoulboundLoot>
   </Object>
   <Object type="0x1656" id="Hobbit Mage Challenger">
      <Enemy/>
      <Class>Character</Class>
      <DisplayId>Hobbit Mage</DisplayId>
      <AnimatedTexture>
         <File>chars8x8rLow1</File>
         <Index>0x0e</Index>
      </AnimatedTexture>
      <HitSound>monster/hobbits_hit</HitSound>
      <DeathSound>monster/hobbits_death</DeathSound>
      <Size>88</Size>
      <MaxHitPoints>200</MaxHitPoints>
      <Defense>2</Defense>
      <Terrain>LowPlains</Terrain>
      <Quest/>
      <Level>3</Level>
      <Exp>32</Exp>
      <SpawnProb>0.0</SpawnProb>
      <Projectile id="0">
         <ObjectId>Dark Blue Magic</ObjectId>
         <Damage>10</Damage>
         <Speed>50</Speed>
         <LifetimeMS>340</LifetimeMS>
      </Projectile>
      <Projectile id="1">
         <ObjectId>Blue Magic</ObjectId>
         <Damage>10</Damage>
         <Speed>50</Speed>
         <LifetimeMS>340</LifetimeMS>
      </Projectile>
      <Projectile id="2">
         <ObjectId>Cyan Magic</ObjectId>
         <Damage>10</Damage>
         <Speed>50</Speed>
         <LifetimeMS>340</LifetimeMS>
      </Projectile>
   </Object>
   <Object type="0x1657" id="Easily Enraged Bunny Challenger">
      <Enemy/>
      <Class>Character</Class>
      <DisplayId>Easily Enraged Bunny</DisplayId>
      <AnimatedTexture>
         <File>chars8x8rLow2</File>
         <Index>4</Index>
      </AnimatedTexture>
      <HitSound>monster/night_elves_hit</HitSound>
      <DeathSound>monster/night_elves_death</DeathSound>
      <Size>100</Size>
      <MaxHitPoints>40</MaxHitPoints>
      <Defense>0</Defense>
      <Terrain>LowForest</Terrain>
      <Exp>0</Exp>
      <SpawnProb>0.0</SpawnProb>
   </Object>
   <Object type="0x1658" id="Enraged Bunny Challenger">
      <Enemy/>
      <Class>Character</Class>
      <DisplayId>Enraged Bunny</DisplayId>
      <AnimatedTexture>
         <File>chars8x8rLow2</File>
         <Index>5</Index>
      </AnimatedTexture>
      <HitSound>monster/night_elves_hit</HitSound>
      <DeathSound>monster/night_elves_death</DeathSound>
      <Size>100</Size>
      <MaxHitPoints>130</MaxHitPoints>
      <Defense>1</Defense>
      <Exp>6</Exp>
      <Projectile id="0">
         <ObjectId>Fire Missile</ObjectId>
         <Damage>12</Damage>
         <Speed>70</Speed>
         <Size>90</Size>
         <LifetimeMS>1600</LifetimeMS>
      </Projectile>
   </Object>
   <Object type="0x1659" id="Goblin Mage Challenger">
      <Enemy/>
      <Class>Character</Class>
      <DisplayId>Goblin Mage</DisplayId>
      <AnimatedTexture>
         <File>chars8x8rLow1</File>
         <Index>0x0b</Index>
      </AnimatedTexture>
      <HitSound>monster/goblins_hit</HitSound>
      <DeathSound>monster/goblins_death</DeathSound>
      <Size>120</Size>
      <MaxHitPoints>280</MaxHitPoints>
      <Defense>0</Defense>
      <Quest/>
      <Level>4</Level>
      <Exp>39</Exp>
      <SpawnProb>0.0</SpawnProb>
      <Terrain>LowForest</Terrain>
      <Projectile id="0">
         <ObjectId>Cyan Magic</ObjectId>
         <Damage>14</Damage>
         <Speed>35</Speed>
         <Size>90</Size>
         <LifetimeMS>3000</LifetimeMS>
         <Wavy/>
      </Projectile>
      <Projectile id="1">
         <ObjectId>Dark Blue Magic</ObjectId>
         <Damage>16</Damage>
         <Speed>75</Speed>
         <Size>130</Size>
         <LifetimeMS>1600</LifetimeMS>
      </Projectile>
   </Object>
   <Object type="0x165a" id="Elf Wizard Challenger">
      <Enemy/>
      <Class>Character</Class>
      <DisplayId>Elf Wizard</DisplayId>
      <AnimatedTexture>
         <File>chars8x8rLow1</File>
         <Index>0x04</Index>
      </AnimatedTexture>
      <HitSound>monster/elves_hit</HitSound>
      <DeathSound>monster/elves_death</DeathSound>
      <Size>140</Size>
      <MaxHitPoints>200</MaxHitPoints>
      <Defense>0</Defense>
      <Terrain>LowForest</Terrain>
      <Quest/>
      <Level>3</Level>
      <Exp>32</Exp>
      <SpawnProb>0.0</SpawnProb>
      <Projectile id="0">
         <ObjectId>Blue Bolt</ObjectId>
         <Damage>5</Damage>
         <Speed>70</Speed>
         <LifetimeMS>2000</LifetimeMS>
         <Size>90</Size>
      </Projectile>
   </Object>
</Objects>
