<?xml version="1.0" encoding="ISO-8859-1"?>

<GroundTypes>
   <Ground type="0xaade" id="Ice Slide Dark">
      <RandomTexture>
         <Texture>
            <File>d3LofiObjEmbed</File>
            <Index>0x140</Index>
         </Texture>
         <Texture>
            <File>d3LofiObjEmbed</File>
            <Index>0x141</Index>
         </Texture>
         <Texture>
            <File>d3LofiObjEmbed</File>
            <Index>0x142</Index>
         </Texture>
         <Texture>
            <File>d3LofiObjEmbed</File>
            <Index>0x143</Index>
         </Texture>
         <Texture>
            <File>d3LofiObjEmbed</File>
            <Index>0x144</Index>
         </Texture>
         <Texture>
            <File>d3LofiObjEmbed</File>
            <Index>0x145</Index>
         </Texture>
         <Texture>
            <File>d3LofiObjEmbed</File>
            <Index>0x145</Index>
         </Texture>
         <Texture>
            <File>d3LofiObjEmbed</File>
            <Index>0x145</Index>
         </Texture>
         <Texture>
            <File>d3LofiObjEmbed</File>
            <Index>0x145</Index>
         </Texture>
         <Texture>
            <File>d3LofiObjEmbed</File>
            <Index>0x146</Index>
         </Texture>
         <Texture>
            <File>d3LofiObjEmbed</File>
            <Index>0x147</Index>
         </Texture>
      </RandomTexture>
      <SlideAmount>0.95</SlideAmount>
      <BlendPriority>16</BlendPriority>
      <Speed>1</Speed>
   </Ground>
   <Ground type="0xaae0" id="Ice Slide Dark Safe">
      <RandomTexture>
         <Texture>
            <File>d3LofiObjEmbed</File>
            <Index>0x140</Index>
         </Texture>
         <Texture>
            <File>d3LofiObjEmbed</File>
            <Index>0x141</Index>
         </Texture>
         <Texture>
            <File>d3LofiObjEmbed</File>
            <Index>0x142</Index>
         </Texture>
         <Texture>
            <File>d3LofiObjEmbed</File>
            <Index>0x143</Index>
         </Texture>
         <Texture>
            <File>d3LofiObjEmbed</File>
            <Index>0x144</Index>
         </Texture>
         <Texture>
            <File>d3LofiObjEmbed</File>
            <Index>0x145</Index>
         </Texture>
         <Texture>
            <File>d3LofiObjEmbed</File>
            <Index>0x145</Index>
         </Texture>
         <Texture>
            <File>d3LofiObjEmbed</File>
            <Index>0x145</Index>
         </Texture>
         <Texture>
            <File>d3LofiObjEmbed</File>
            <Index>0x145</Index>
         </Texture>
         <Texture>
            <File>d3LofiObjEmbed</File>
            <Index>0x146</Index>
         </Texture>
         <Texture>
            <File>d3LofiObjEmbed</File>
            <Index>0x147</Index>
         </Texture>
      </RandomTexture>
      <SlideAmount>0.95</SlideAmount>
      <BlendPriority>16</BlendPriority>
      <Speed>1</Speed>
   </Ground>
   <Ground type="0x136a" id="Tear Frost">
      <DisplayId>Tearing Frost</DisplayId>
      <MinDamage>60</MinDamage>
      <MaxDamage>60</MaxDamage>
      <Texture>
         <File>d3LofiObjEmbed</File>
         <Index>0x15c</Index>
      </Texture>
      <SlideAmount>0.95</SlideAmount>
      <BlendPriority>14</BlendPriority>
      <Speed>1</Speed>
   </Ground>
</GroundTypes>
