<?xml version="1.0" encoding="ISO-8859-1"?>

<Objects>
   <Object type="0x0b01" id="Stone Guardian Support">
      <Class>GameObject</Class>
      <AnimatedTexture>
         <File>d3Chars8x8rEmbed</File>
         <Index>13</Index>
      </AnimatedTexture>
      <Size>0</Size>
   </Object>
   <Object type="0x0d70" id="Destructible Castle Wall">
      <Class>Wall</Class>
      <Texture>
         <File>lofiEnvironment</File>
         <Index>0x23</Index>
      </Texture>
      <Top>
         <Texture>
            <File>lofiEnvironment</File>
            <Index>0x26</Index>
         </Texture>
      </Top>
      <HitSound>monster/stone_walls_hit</HitSound>
      <DeathSound>monster/stone_walls_death</DeathSound>
      <MaxHitPoints>9000</MaxHitPoints>
      <Static/>
      <FullOccupy/>
      <OccupySquare/>
      <EnemyOccupySquare/>
      <Enemy/>
      <Exp>0</Exp>
      <BlocksSight/>
   </Object>
   <Object type="0x0b70" id="Fortified Destructible Castle Wall">
      <Class>Wall</Class>
      <Texture>
         <File>d3LofiObjEmbed</File>
         <Index>0xeb</Index>
      </Texture>
      <Top>
         <Texture>
            <File>d3LofiObjEmbed</File>
            <Index>0xec</Index>
         </Texture>
      </Top>
      <HitSound>monster/stone_walls_hit</HitSound>
      <DeathSound>monster/stone_walls_death</DeathSound>
      <MaxHitPoints>24000</MaxHitPoints>
      <Static/>
      <FullOccupy/>
      <OccupySquare/>
      <EnemyOccupySquare/>
      <Enemy/>
      <Exp>0</Exp>
      <BlocksSight/>
   </Object>
   <Object type="0x0b09" id="Destructible Castle Ice Wall">
      <Class>Wall</Class>
      <Texture>
         <File>lofiObj3</File>
         <Index>0x3a4</Index>
      </Texture>
      <Top>
         <Texture>
            <File>lofiObj3</File>
            <Index>0x3a5</Index>
         </Texture>
      </Top>
      <HitSound>monster/stone_walls_hit</HitSound>
      <DeathSound>monster/stone_walls_death</DeathSound>
      <MaxHitPoints>9000</MaxHitPoints>
      <Static/>
      <FullOccupy/>
      <OccupySquare/>
      <EnemyOccupySquare/>
      <Enemy/>
      <Exp>0</Exp>
      <BlocksSight/>
   </Object>
   <Object type="0x0b0a" id="Fortified Destructible Castle Ice Wall">
      <Class>Wall</Class>
      <Texture>
         <File>d3LofiObjEmbed</File>
         <Index>0xed</Index>
      </Texture>
      <Top>
         <Texture>
            <File>d3LofiObjEmbed</File>
            <Index>0xee</Index>
         </Texture>
      </Top>
      <HitSound>monster/stone_walls_hit</HitSound>
      <DeathSound>monster/stone_walls_death</DeathSound>
      <MaxHitPoints>24000</MaxHitPoints>
      <Static/>
      <FullOccupy/>
      <OccupySquare/>
      <EnemyOccupySquare/>
      <Enemy/>
      <Exp>0</Exp>
      <BlocksSight/>
   </Object>
   <Object type="0x0d71" id="Suit of Armor">
      <Class>Character</Class>
      <Texture>
         <File>lofiChar216x16</File>
         <Index>0x07</Index>
      </Texture>
      <Exp>200</Exp>
      <ShadowSize>80</ShadowSize>
      <ShadowColor>0xa0cde9</ShadowColor>
      <HitSound>monster/stone_walls_hit</HitSound>
      <DeathSound>monster/stone_walls_death</DeathSound>
      <MaxHitPoints>4000</MaxHitPoints>
      <Size>80</Size>
      <StasisImmune/>
      <Enemy/>
   </Object>
   <Object type="0x0d72" id="Suit of Armor Sm">
      <DisplayId>Suit of Armor</DisplayId>
      <Class>GameObject</Class>
      <AnimatedTexture>
         <File>chars8x8dEncounters</File>
         <Index>14</Index>
      </AnimatedTexture>
      <HitSound>monster/stone_walls_hit</HitSound>
      <DeathSound>monster/stone_walls_death</DeathSound>
      <MaxHitPoints>4000</MaxHitPoints>
      <Size>120</Size>
      <Static/>
      <OccupySquare/>
      <Enemy/>
      <Exp>0</Exp>
   </Object>
   <Object type="0x0d73" id="CastleArch Wall Flame">
      <DisplayId>Castle Arch Wall</DisplayId>
      <Class>Wall</Class>
      <Texture>
         <File>lofiEnvironment2</File>
         <Index>0x5f</Index>
      </Texture>
      <Top>
         <Texture>
            <File>lofiEnvironment2</File>
            <Index>0x62</Index>
         </Texture>
      </Top>
      <AltTexture id="1">
         <Texture>
            <File>lofiEnvironment2</File>
            <Index>0x63</Index>
         </Texture>
      </AltTexture>
      <AltTexture id="2">
         <Texture>
            <File>lofiEnvironment2</File>
            <Index>0x64</Index>
         </Texture>
      </AltTexture>
      <HitSound>monster/stone_walls_hit</HitSound>
      <DeathSound>monster/stone_walls_death</DeathSound>
      <Static/>
      <FullOccupy/>
      <OccupySquare/>
      <EnemyOccupySquare/>
      <BlocksSight/>
   </Object>
   <Object type="0x0d74" id="CastleArch Wall">
      <DisplayId>Castle Arch Wall</DisplayId>
      <Class>Wall</Class>
      <Texture>
         <File>lofiEnvironment2</File>
         <Index>0x65</Index>
      </Texture>
      <Top>
         <Texture>
            <File>lofiEnvironment2</File>
            <Index>0x62</Index>
         </Texture>
      </Top>
      <HitSound>monster/stone_walls_hit</HitSound>
      <DeathSound>monster/stone_walls_death</DeathSound>
      <Static/>
      <FullOccupy/>
      <OccupySquare/>
      <EnemyOccupySquare/>
      <BlocksSight/>
   </Object>
   <Object type="0x0d75" id="Castle Wall Blank">
      <Class>Wall</Class>
      <Texture>
         <File>lofiEnvironment2</File>
         <Index>0x66</Index>
      </Texture>
      <Top>
         <Texture>
            <File>lofiEnvironment2</File>
            <Index>0x62</Index>
         </Texture>
      </Top>
      <HitSound>monster/stone_walls_hit</HitSound>
      <DeathSound>monster/stone_walls_death</DeathSound>
      <Static/>
      <FullOccupy/>
      <OccupySquare/>
      <EnemyOccupySquare/>
      <BlocksSight/>
   </Object>
   <Object type="0x0d76" id="Castle Brick Wall2">
      <DisplayId>Brick Castle Wall</DisplayId>
      <Class>Wall</Class>
      <Texture>
         <File>lofiEnvironment2</File>
         <Index>0x67</Index>
      </Texture>
      <Top>
         <Texture>
            <File>lofiEnvironment2</File>
            <Index>0x62</Index>
         </Texture>
      </Top>
      <HitSound>monster/stone_walls_hit</HitSound>
      <DeathSound>monster/stone_walls_death</DeathSound>
      <Static/>
      <FullOccupy/>
      <OccupySquare/>
      <EnemyOccupySquare/>
      <BlocksSight/>
   </Object>
   <Object type="0x0d77" id="Castle Brick Wall3">
      <DisplayId>Brick Castle Wall</DisplayId>
      <Class>Wall</Class>
      <Texture>
         <File>lofiEnvironment2</File>
         <Index>0x68</Index>
      </Texture>
      <Top>
         <Texture>
            <File>lofiEnvironment2</File>
            <Index>0x62</Index>
         </Texture>
      </Top>
      <HitSound>monster/stone_walls_hit</HitSound>
      <DeathSound>monster/stone_walls_death</DeathSound>
      <Static/>
      <FullOccupy/>
      <OccupySquare/>
      <EnemyOccupySquare/>
      <BlocksSight/>
   </Object>
   <Object type="0x0d78" id="Oryx Stone Guardian Right">
      <DisplayId>Stone Guardian</DisplayId>
      <Group>Oryx Minions</Group>
      <Enemy/>
      <Class>Character</Class>
      <StasisImmune/>
      <ParalyzeImmune/>
      <StunImmune/>
      <Quest/>
      <Level>20</Level>
      <TrackLoot/>
      <AnimatedTexture>
         <File>chars16x16dEncounters</File>
         <Index>20</Index>
      </AnimatedTexture>
      <AltTexture id="1">
         <AnimatedTexture>
            <File>chars16x16dEncounters</File>
            <Index>21</Index>
         </AnimatedTexture>
      </AltTexture>
      <AltTexture id="2">
         <AnimatedTexture>
            <File>chars16x16dEncounters</File>
            <Index>22</Index>
         </AnimatedTexture>
      </AltTexture>
      <AltTexture id="3">
         <AnimatedTexture>
            <File>chars16x16dEncounters</File>
            <Index>23</Index>
         </AnimatedTexture>
      </AltTexture>
      <AltTexture id="4">
         <AnimatedTexture>
            <File>chars16x16dEncounters2</File>
            <Index>0</Index>
         </AnimatedTexture>
      </AltTexture>
      <HitSound>monster/stone_walls_death</HitSound>
      <DeathSound>monster/flying_brain_death</DeathSound>
      <MaxHitPoints>60000</MaxHitPoints>
      <Projectile id="0">
         <ObjectId>Purple Blast</ObjectId>
         <Speed>60</Speed>
         <Damage>115</Damage>
         <Size>100</Size>
         <LifetimeMS>2000</LifetimeMS>
         <MultiHit/>
      </Projectile>
      <Projectile id="1">
         <ObjectId>Super Blast Purple</ObjectId>
         <Speed>60</Speed>
         <Damage>150</Damage>
         <Size>140</Size>
         <LifetimeMS>900</LifetimeMS>
         <MultiHit/>
      </Projectile>
      <Projectile id="2">
         <ObjectId>Small White Blast</ObjectId>
         <Speed>40</Speed>
         <Damage>70</Damage>
         <Size>100</Size>
         <LifetimeMS>1000</LifetimeMS>
         <MultiHit/>
      </Projectile>
      <Size>120</Size>
      <Defense>80</Defense>
      <Exp>1000</Exp>
   </Object>
   <Object type="0x0d79" id="Oryx Stone Guardian Left">
      <DisplayId>Stone Guardian</DisplayId>
      <Group>Oryx Minions</Group>
      <Enemy/>
      <Class>Character</Class>
      <StasisImmune/>
      <ParalyzeImmune/>
      <StunImmune/>
      <Quest/>
      <Level>20</Level>
      <TrackLoot/>
      <AnimatedTexture>
         <File>chars16x16dEncounters2</File>
         <Index>2</Index>
      </AnimatedTexture>
      <AltTexture id="1">
         <AnimatedTexture>
            <File>chars16x16dEncounters2</File>
            <Index>3</Index>
         </AnimatedTexture>
      </AltTexture>
      <AltTexture id="2">
         <AnimatedTexture>
            <File>chars16x16dEncounters2</File>
            <Index>4</Index>
         </AnimatedTexture>
      </AltTexture>
      <AltTexture id="3">
         <AnimatedTexture>
            <File>chars16x16dEncounters2</File>
            <Index>5</Index>
         </AnimatedTexture>
      </AltTexture>
      <AltTexture id="4">
         <AnimatedTexture>
            <File>chars16x16dEncounters2</File>
            <Index>6</Index>
         </AnimatedTexture>
      </AltTexture>
      <HitSound>monster/stone_walls_death</HitSound>
      <DeathSound>monster/flying_brain_death</DeathSound>
      <MaxHitPoints>60000</MaxHitPoints>
      <Projectile id="0">
         <ObjectId>Red Blast</ObjectId>
         <Speed>60</Speed>
         <Damage>115</Damage>
         <Size>100</Size>
         <LifetimeMS>2000</LifetimeMS>
         <MultiHit/>
      </Projectile>
      <Projectile id="1">
         <ObjectId>Super Blast Red</ObjectId>
         <Speed>60</Speed>
         <Damage>150</Damage>
         <Size>140</Size>
         <LifetimeMS>900</LifetimeMS>
         <MultiHit/>
      </Projectile>
      <Projectile id="2">
         <ObjectId>Small White Blast</ObjectId>
         <Speed>40</Speed>
         <Damage>70</Damage>
         <Size>100</Size>
         <LifetimeMS>1000</LifetimeMS>
         <MultiHit/>
      </Projectile>
      <Size>120</Size>
      <Defense>80</Defense>
      <Exp>1000</Exp>
   </Object>
   <Object type="0x0d7a" id="Oryx Guardian TaskMaster">
      <Group>Oryx Minions</Group>
      <Class>GameObject</Class>
      <Texture>
         <File>lofiEnvironment</File>
         <Index>0xa4</Index>
      </Texture>
      <Size>0</Size>
   </Object>
   <Object type="0x0d7c" id="Oryx Guardian Sword">
      <DisplayId>Stone Guardian Sword</DisplayId>
      <Group>Oryx Minions</Group>
      <Enemy/>
      <Class>Character</Class>
      <StasisImmune/>
      <StunImmune/>
      <AnimatedTexture>
         <File>chars8x8dEncounters</File>
         <Index>16</Index>
      </AnimatedTexture>
      <HitSound>monster/ents_hit</HitSound>
      <DeathSound>monster/traps_hit</DeathSound>
      <MaxHitPoints>20000</MaxHitPoints>
      <Projectile id="0">
         <ObjectId>Lightning Spiral</ObjectId>
         <Speed>35</Speed>
         <Damage>100</Damage>
         <Size>120</Size>
         <LifetimeMS>3000</LifetimeMS>
         <ConditionEffect duration="1.5">Paralyzed</ConditionEffect>
      </Projectile>
      <Size>120</Size>
      <Defense>40</Defense>
      <Exp>0</Exp>
   </Object>
   <Object type="0x0d7d" id="Oryx Armor Spawner">
      <Group>Oryx Minions</Group>
      <Class>GameObject</Class>
      <AnimatedTexture>
         <File>chars8x8rEncounters</File>
         <Index>11</Index>
      </AnimatedTexture>
      <Size>0</Size>
   </Object>
   <Object type="0x0d7e" id="Oryx Suit of Armor">
      <DisplayId>Haunted Armor</DisplayId>
      <Group>Oryx Minions</Group>
      <Enemy/>
      <Class>Character</Class>
      <AnimatedTexture>
         <File>chars8x8rEncounters</File>
         <Index>11</Index>
      </AnimatedTexture>
      <AltTexture id="1">
         <AnimatedTexture>
            <File>chars8x8rEncounters</File>
            <Index>12</Index>
         </AnimatedTexture>
      </AltTexture>
      <AltTexture id="2">
         <Texture>
            <File>invisible</File>
            <Index>0</Index>
         </Texture>
      </AltTexture>
      <HitSound>monster/traps_hit</HitSound>
      <DeathSound>monster/stone_walls_death</DeathSound>
      <MaxHitPoints>3000</MaxHitPoints>
      <Projectile id="0">
         <ObjectId>Armor Sword Attack</ObjectId>
         <Speed>55</Speed>
         <Damage>65</Damage>
         <Size>100</Size>
         <LifetimeMS>1000</LifetimeMS>
      </Projectile>
      <Projectile id="1">
         <ObjectId>Armor Creation</ObjectId>
         <Speed>20</Speed>
         <Damage>1</Damage>
         <Size>120</Size>
         <LifetimeMS>400</LifetimeMS>
      </Projectile>
      <Size>120</Size>
      <Defense>20</Defense>
      <Exp>0</Exp>
   </Object>
   <Object type="0x0d7f" id="Oryx Insect Commander">
      <DisplayId>Commander of Oryx</DisplayId>
      <Group>Oryx Minions</Group>
      <Enemy/>
      <Class>Character</Class>
      <StasisImmune/>
      <AnimatedTexture>
         <File>chars16x16dEncounters2</File>
         <Index>7</Index>
      </AnimatedTexture>
      <HitSound>monster/medusa_hit</HitSound>
      <DeathSound>monster/snake_queen_death</DeathSound>
      <MaxHitPoints>3500</MaxHitPoints>
      <Flying/>
      <Projectile id="0">
         <ObjectId>Oryx Knight Swipe</ObjectId>
         <Speed>65</Speed>
         <Damage>65</Damage>
         <Size>100</Size>
         <LifetimeMS>1000</LifetimeMS>
      </Projectile>
      <Size>120</Size>
      <Defense>30</Defense>
   </Object>
   <Object type="0x0d80" id="Oryx Insect Minion">
      <DisplayId>Insect Minion</DisplayId>
      <Group>Oryx Minions</Group>
      <Enemy/>
      <Class>Character</Class>
      <AnimatedTexture>
         <File>chars8x8rEncounters</File>
         <Index>14</Index>
      </AnimatedTexture>
      <AltTexture id="1">
         <AnimatedTexture>
            <File>chars8x8rEncounters</File>
            <Index>14</Index>
         </AnimatedTexture>
      </AltTexture>
      <AltTexture id="2">
         <AnimatedTexture>
            <File>chars8x8rEncounters</File>
            <Index>15</Index>
         </AnimatedTexture>
      </AltTexture>
      <HitSound>monster/snake_queen_hit</HitSound>
      <DeathSound>monster/snakes_hit</DeathSound>
      <MaxHitPoints>500</MaxHitPoints>
      <Flying/>
      <Projectile id="0">
         <ObjectId>Oryx Insect Sting</ObjectId>
         <Speed>65</Speed>
         <Damage>55</Damage>
         <Size>100</Size>
         <LifetimeMS>1000</LifetimeMS>
      </Projectile>
      <Projectile id="1">
         <ObjectId>Oryx Insect Sting Status</ObjectId>
         <Speed>50</Speed>
         <Damage>60</Damage>
         <Size>120</Size>
         <LifetimeMS>1000</LifetimeMS>
      </Projectile>
      <Size>100</Size>
      <Defense>10</Defense>
      <Exp>10</Exp>
   </Object>
   <Object type="0x0d81" id="Oryx Eye Warrior">
      <DisplayId>Warrior of Oryx</DisplayId>
      <Group>Oryx Minions</Group>
      <Enemy/>
      <Class>Character</Class>
      <AnimatedTexture>
         <File>chars8x8dEncounters</File>
         <Index>18</Index>
      </AnimatedTexture>
      <HitSound>monster/slimes_death</HitSound>
      <DeathSound>monster/trees_hit</DeathSound>
      <MaxHitPoints>1500</MaxHitPoints>
      <Projectile id="0">
         <ObjectId>Oryx Eye Warrior Swipe</ObjectId>
         <Speed>40</Speed>
         <Damage>60</Damage>
         <Size>100</Size>
         <LifetimeMS>1000</LifetimeMS>
      </Projectile>
      <Projectile id="1">
         <ObjectId>Oryx Knight Blast Sm</ObjectId>
         <Speed>70</Speed>
         <Damage>45</Damage>
         <Size>80</Size>
         <LifetimeMS>1000</LifetimeMS>
      </Projectile>
      <Size>100</Size>
      <Defense>20</Defense>
      <Exp>0</Exp>
   </Object>
   <Object type="0x0d82" id="Oryx Brute">
      <DisplayId>Brute of Oryx</DisplayId>
      <Group>Oryx Minions</Group>
      <Enemy/>
      <Class>Character</Class>
      <StasisImmune/>
      <AnimatedTexture>
         <File>chars16x16dEncounters2</File>
         <Index>8</Index>
      </AnimatedTexture>
      <AltTexture id="1">
         <AnimatedTexture>
            <File>chars16x16dEncounters2</File>
            <Index>9</Index>
         </AnimatedTexture>
      </AltTexture>
      <HitSound>monster/ogres_hit</HitSound>
      <DeathSound>monster/ogres_death</DeathSound>
      <MaxHitPoints>7000</MaxHitPoints>
      <Projectile id="0">
         <ObjectId>Oryx Brute Rush</ObjectId>
         <Speed>45</Speed>
         <Damage>65</Damage>
         <Size>200</Size>
         <LifetimeMS>400</LifetimeMS>
         <MultiHit/>
         <PassesCover/>
         <ConditionEffect duration="4">Armor Broken</ConditionEffect>
      </Projectile>
      <Projectile id="1">
         <ObjectId>Oryx Brute Line</ObjectId>
         <Speed>65</Speed>
         <Damage>55</Damage>
         <Size>80</Size>
         <LifetimeMS>1000</LifetimeMS>
      </Projectile>
      <Projectile id="2">
         <ObjectId>Oryx Knight Blast Sm</ObjectId>
         <Speed>35</Speed>
         <Damage>60</Damage>
         <Size>100</Size>
         <LifetimeMS>1000</LifetimeMS>
      </Projectile>
      <Size>100</Size>
      <Defense>30</Defense>
      <Exp>312</Exp>
   </Object>
   <Object type="0x0d83" id="Oryx Knight">
      <DisplayId>Knight of Oryx</DisplayId>
      <Group>Oryx Minions</Group>
      <Enemy/>
      <Class>Character</Class>
      <AnimatedTexture>
         <File>chars8x8rEncounters</File>
         <Index>16</Index>
      </AnimatedTexture>
      <HitSound>monster/dwarves_hit</HitSound>
      <DeathSound>monster/dragons_hit</DeathSound>
      <MaxHitPoints>2500</MaxHitPoints>
      <Projectile id="0">
         <ObjectId>Oryx Knight Swipe Spin</ObjectId>
         <Speed>65</Speed>
         <Damage>55</Damage>
         <Size>100</Size>
         <LifetimeMS>1000</LifetimeMS>
         <ConditionEffect duration="3">Slowed</ConditionEffect>
      </Projectile>
      <Projectile id="1">
         <ObjectId>Oryx Bubble</ObjectId>
         <Speed>0.02</Speed>
         <Damage>100</Damage>
         <Size>160</Size>
         <LifetimeMS>400</LifetimeMS>
         <MultiHit/>
         <PassesCover/>
      </Projectile>
      <Projectile id="2">
         <ObjectId>Oryx Knight Blast Sm</ObjectId>
         <Speed>35</Speed>
         <Damage>60</Damage>
         <Size>80</Size>
         <LifetimeMS>1000</LifetimeMS>
      </Projectile>
      <Projectile id="3">
         <ObjectId>Oryx Knight Line</ObjectId>
         <Speed>55</Speed>
         <Damage>55</Damage>
         <Size>80</Size>
         <LifetimeMS>1200</LifetimeMS>
      </Projectile>
      <Size>100</Size>
      <Defense>20</Defense>
   </Object>
   <Object type="0x0d84" id="Oryx Pet">
      <DisplayId>Pet of Oryx</DisplayId>
      <Group>Oryx Minions</Group>
      <Enemy/>
      <Class>Character</Class>
      <AnimatedTexture>
         <File>chars8x8rEncounters</File>
         <Index>17</Index>
      </AnimatedTexture>
      <HitSound>monster/night_elves_hit</HitSound>
      <DeathSound>monster/medusa_hit</DeathSound>
      <MaxHitPoints>750</MaxHitPoints>
      <Projectile id="0">
         <ObjectId>Pet Bubble</ObjectId>
         <Speed>0.02</Speed>
         <Damage>60</Damage>
         <Size>80</Size>
         <LifetimeMS>400</LifetimeMS>
         <MultiHit/>
         <PassesCover/>
      </Projectile>
      <Size>100</Size>
      <Defense>15</Defense>
      <Exp>12</Exp>
   </Object>
   <Object type="0x0d85" id="Oryx's Living Floor Fire Down">
      <DisplayId>Oryx's Living Floor</DisplayId>
      <Group>Oryx's Minions</Group>
      <Class>GameObject</Class>
      <Enemy/>
      <HitSound>monster/stone_walls_hit</HitSound>
      <DeathSound>monster/stone_walls_death</DeathSound>
      <MaxHitPoints>2600</MaxHitPoints>
      <DrawOnGround/>
      <Texture>
         <File>lofiEnvironment3</File>
         <Index>0x1d</Index>
      </Texture>
      <AltTexture id="1">
         <Texture>
            <File>lofiEnvironment3</File>
            <Index>0x1e</Index>
         </Texture>
      </AltTexture>
      <AltTexture id="2">
         <Texture>
            <File>lofiEnvironment3</File>
            <Index>0x1f</Index>
         </Texture>
      </AltTexture>
      <Projectile id="0">
         <ObjectId>Mute Spell</ObjectId>
         <Speed>40</Speed>
         <Damage>20</Damage>
         <Size>80</Size>
         <LifetimeMS>1000</LifetimeMS>
         <ConditionEffect duration="5">Quiet</ConditionEffect>
         <ConditionEffect duration="5">Weak</ConditionEffect>
         <MultiHit/>
      </Projectile>
   </Object>
   <Object type="0x0d86" id="Quiet Bomb">
      <Group>Oryx's Minions</Group>
      <Class>GameObject</Class>
      <Enemy/>
      <Invincible/>
      <Exp>0</Exp>
      <Size>90</Size>
      <Texture>
         <File>lofiEnvironment3</File>
         <Index>0x22</Index>
      </Texture>
      <AltTexture id="1">
         <Texture>
            <File>lofiEnvironment3</File>
            <Index>0x23</Index>
         </Texture>
      </AltTexture>
      <AltTexture id="2">
         <Texture>
            <File>lofiEnvironment3</File>
            <Index>0x24</Index>
         </Texture>
      </AltTexture>
      <Projectile id="0">
         <ObjectId>Mute Spell</ObjectId>
         <Speed>40</Speed>
         <Damage>20</Damage>
         <Size>80</Size>
         <LifetimeMS>1000</LifetimeMS>
         <ConditionEffect duration="5">Quiet</ConditionEffect>
         <ConditionEffect duration="5">Weak</ConditionEffect>
         <MultiHit/>
      </Projectile>
   </Object>
   <Object type="0x0d87" id="Oryx's Living Floor">
      <Group>Oryx's Minions</Group>
      <Class>GameObject</Class>
      <Enemy/>
      <HitSound>monster/stone_walls_hit</HitSound>
      <DeathSound>monster/stone_walls_death</DeathSound>
      <MaxHitPoints>2600</MaxHitPoints>
      <DrawOnGround/>
      <Texture>
         <File>lofiEnvironment3</File>
         <Index>0x1d</Index>
      </Texture>
      <AltTexture id="1">
         <Texture>
            <File>lofiEnvironment3</File>
            <Index>0x1e</Index>
         </Texture>
      </AltTexture>
      <AltTexture id="2">
         <Texture>
            <File>lofiEnvironment3</File>
            <Index>0x1f</Index>
         </Texture>
      </AltTexture>
      <Projectile id="0">
         <ObjectId>Mute Spell</ObjectId>
         <Speed>40</Speed>
         <Damage>20</Damage>
         <Size>80</Size>
         <LifetimeMS>1000</LifetimeMS>
         <ConditionEffect duration="5">Quiet</ConditionEffect>
         <ConditionEffect duration="5">Weak</ConditionEffect>
         <MultiHit/>
      </Projectile>
   </Object>
   <Object type="0x0d88" id="Oryx Suit of Armor Snowy">
      <DisplayId>Snowy Haunted Armor</DisplayId>
      <Group>Oryx Minions</Group>
      <Enemy/>
      <Class>Character</Class>
      <AnimatedTexture>
         <File>d3Chars8x8rEmbed</File>
         <Index>12</Index>
      </AnimatedTexture>
      <AltTexture id="1">
         <AnimatedTexture>
            <File>d3Chars8x8rEmbed</File>
            <Index>13</Index>
         </AnimatedTexture>
      </AltTexture>
      <AltTexture id="2">
         <Texture>
            <File>invisible</File>
            <Index>0</Index>
         </Texture>
      </AltTexture>
      <HitSound>monster/traps_hit</HitSound>
      <DeathSound>monster/stone_walls_death</DeathSound>
      <MaxHitPoints>3000</MaxHitPoints>
      <Projectile id="0">
         <ObjectId>Armor Sword Attack</ObjectId>
         <Speed>55</Speed>
         <Damage>65</Damage>
         <Size>100</Size>
         <LifetimeMS>1000</LifetimeMS>
      </Projectile>
      <Projectile id="1">
         <ObjectId>Armor Creation</ObjectId>
         <Speed>20</Speed>
         <Damage>1</Damage>
         <Size>120</Size>
         <LifetimeMS>400</LifetimeMS>
      </Projectile>
      <Size>120</Size>
      <Defense>20</Defense>
      <Exp>0</Exp>
   </Object>
   <Object type="0x0d8b" id="Grey Pillar Snowy">
      <Class>GameObject</Class>
      <Model>Pillar</Model>
      <Texture>
         <File>d3LofiObjEmbed</File>
         <Index>0x5d</Index>
      </Texture>
      <Static/>
      <OccupySquare/>
      <EnemyOccupySquare/>
   </Object>
   <Object type="0xb3a7" id="Infested Parasite Pillar">
      <Class>GameObject</Class>
      <Model>Pillar</Model>
      <Texture>
         <File>lofiEnvironment3</File>
         <Index>0x19f</Index>
      </Texture>
      <Static/>
      <OccupySquare/>
      <EnemyOccupySquare/>
   </Object>
   <Object type="0xb3a6" id="Infested pD Boss Target">
      <Class>GameObject</Class>
      <Texture>
         <File>lofiEnvironment</File>
         <Index>0xa4</Index>
      </Texture>
      <Size>0</Size>
   </Object>
   <Object type="0xb3b2" id="Infested pD Boss">
      <DisplayId>Nightmare Colony</DisplayId>
      <Class>Character</Class>
      <Enemy/>
      <AnimatedTexture>
         <File>parasiteDenChars16x16</File>
         <Index>4</Index>
      </AnimatedTexture>
      <HitSound>monster/flayers_hit</HitSound>
      <DeathSound>monster/archdemon_death</DeathSound>
      <BloodProb>0.5</BloodProb>
      <BloodColor>0xB50000</BloodColor>
      <DontFaceAttacks/>
      <Size>170</Size>
      <MaxHitPoints>100000</MaxHitPoints>
      <Defense>5000</Defense>
      <Exp>40000</Exp>
      <Quest/>
      <EventChestBoss/>
      <TrackLoot/>
      <Projectile id="0">
         <ObjectId>pD Wall Shot</ObjectId>
         <Damage>150</Damage>
         <Speed>50</Speed>
         <LifetimeMS>2700</LifetimeMS>
         <Size>120</Size>
         <MultiHit/>
         <ConditionEffect duration="4.0">Weak</ConditionEffect>
      </Projectile>
      <Projectile id="1">
         <ObjectId>pD Maw Shot 2</ObjectId>
         <Damage>70</Damage>
         <Speed>75</Speed>
         <LifetimeMS>2285</LifetimeMS>
         <Size>80</Size>
         <MultiHit/>
      </Projectile>
      <Projectile id="2">
         <ObjectId>pD Maw Shot 3</ObjectId>
         <Damage>70</Damage>
         <Speed>75</Speed>
         <LifetimeMS>2285</LifetimeMS>
         <Size>80</Size>
         <Amplitude>0.40</Amplitude>
         <Frequency>2</Frequency>
         <MultiHit/>
         <FaceDir/>
      </Projectile>
      <Projectile id="3">
         <ObjectId>pD Boss Shot</ObjectId>
         <Size>100</Size>
         <Damage>170</Damage>
         <Speed>30</Speed>
         <LifetimeMS>5000</LifetimeMS>
         <MultiHit/>
      </Projectile>
      <Projectile id="4">
         <ObjectId>pD Boss Shot</ObjectId>
         <Size>100</Size>
         <Damage>170</Damage>
         <Speed>40</Speed>
         <LifetimeMS>4000</LifetimeMS>
         <MultiHit/>
      </Projectile>
      <Projectile id="5">
         <ObjectId>pD Quiet Wave</ObjectId>
         <Size>130</Size>
         <Damage>80</Damage>
         <Speed>60</Speed>
         <LifetimeMS>3000</LifetimeMS>
         <MultiHit/>
         <ConditionEffect duration="4.0">Quiet</ConditionEffect>
      </Projectile>
      <StunImmune/>
      <StasisImmune/>
   </Object>
   <Object type="0xb3b3" id="Infested pD Boss Support">
      <DisplayId>Nightmare Colony</DisplayId>
      <Class>Character</Class>
      <Enemy/>
      <Texture>
         <File>parasiteDenObjects8x8</File>
         <Index>0x49</Index>
      </Texture>
      <AltTexture id="1">
         <Texture>
            <File>parasiteDenObjects8x8</File>
            <Index>0x48</Index>
         </Texture>
      </AltTexture>
      <DrawOnGround/>
      <HitSound>monster/cyclops_hit</HitSound>
      <DeathSound>monster/cyclops_death</DeathSound>
      <Size>100</Size>
      <ShadowSize>0</ShadowSize>
      <Invincible/>
      <Exp>0</Exp>
      <Projectile id="0">
         <ObjectId>pD Tongue Shot</ObjectId>
         <Damage>150</Damage>
         <Speed>65</Speed>
         <LifetimeMS>1600</LifetimeMS>
         <Size>100</Size>
         <MultiHit/>
      </Projectile>
      <Projectile id="5">
         <ObjectId>pD Quiet Wave</ObjectId>
         <Size>130</Size>
         <Damage>80</Damage>
         <Speed>60</Speed>
         <LifetimeMS>3000</LifetimeMS>
         <MultiHit/>
         <ConditionEffect duration="4.0">Quiet</ConditionEffect>
      </Projectile>
      <Projectile id="3">
         <ObjectId>Puppet Green Wheel</ObjectId>
         <Speed>35</Speed>
         <Damage>10</Damage>
         <LifetimeMS>7000</LifetimeMS>
         <Size>80</Size>
         <ConditionEffect duration="4" target="1">Stasis</ConditionEffect>
         <MultiHit/>
      </Projectile>
   </Object>
   <Object type="0xb3b4" id="Infested pD Blob Colony">
      <DisplayId>Blob Colony</DisplayId>
      <Class>Character</Class>
      <Enemy/>
      <Texture>
         <File>parasiteDenObjects16x16</File>
         <Index>0</Index>
      </Texture>
      <AltTexture id="1">
         <Texture>
            <File>parasiteDenObjects16x16</File>
            <Index>1</Index>
         </Texture>
      </AltTexture>
      <AltTexture id="2">
         <Texture>
            <File>parasiteDenObjects16x16</File>
            <Index>2</Index>
         </Texture>
      </AltTexture>
      <HitSound>monster/flayers_hit</HitSound>
      <DeathSound>monster/blobs_death</DeathSound>
      <BloodProb>0.5</BloodProb>
      <BloodColor>0xB50000</BloodColor>
      <Size>120</Size>
      <ShadowSize>75</ShadowSize>
      <MaxHitPoints>12000</MaxHitPoints>
      <Defense>2000</Defense>
      <Exp>2000</Exp>
      <StasisImmune/>
   </Object>
   <Object type="0xb3b5" id="Infested pD Pterasite Colony">
      <DisplayId>Pterasite Colony</DisplayId>
      <Class>Character</Class>
      <Enemy/>
      <Texture>
         <File>parasiteDenObjects16x16</File>
         <Index>0x10</Index>
      </Texture>
      <AltTexture id="1">
         <Texture>
            <File>parasiteDenObjects16x16</File>
            <Index>0x11</Index>
         </Texture>
      </AltTexture>
      <AltTexture id="2">
         <Texture>
            <File>parasiteDenObjects16x16</File>
            <Index>0x12</Index>
         </Texture>
      </AltTexture>
      <HitSound>monster/flayers_hit</HitSound>
      <DeathSound>monster/blobs_death</DeathSound>
      <BloodProb>0.5</BloodProb>
      <BloodColor>0xB50000</BloodColor>
      <Size>120</Size>
      <ShadowSize>75</ShadowSize>
      <MaxHitPoints>12000</MaxHitPoints>
      <Defense>2000</Defense>
      <Exp>2000</Exp>
      <StasisImmune/>
   </Object>
   <Object type="0xb3b6" id="Infested pD Swarm Colony">
      <DisplayId>Swarm Colony</DisplayId>
      <Class>Character</Class>
      <Enemy/>
      <Texture>
         <File>parasiteDenObjects16x16</File>
         <Index>0x20</Index>
      </Texture>
      <AltTexture id="1">
         <Texture>
            <File>parasiteDenObjects16x16</File>
            <Index>0x21</Index>
         </Texture>
      </AltTexture>
      <AltTexture id="2">
         <Texture>
            <File>parasiteDenObjects16x16</File>
            <Index>0x21</Index>
         </Texture>
      </AltTexture>
      <HitSound>monster/flayers_hit</HitSound>
      <DeathSound>monster/blobs_death</DeathSound>
      <BloodProb>0.5</BloodProb>
      <BloodColor>0xB50000</BloodColor>
      <Size>120</Size>
      <ShadowSize>75</ShadowSize>
      <MaxHitPoints>12000</MaxHitPoints>
      <Defense>2000</Defense>
      <Exp>2000</Exp>
      <Projectile id="0">
         <ObjectId>Invisible</ObjectId>
         <Speed>10</Speed>
         <Damage>0</Damage>
         <LifetimeMS>0</LifetimeMS>
         <Parametric/>
         <Size>0</Size>
      </Projectile>
      <Projectile id="3">
         <ObjectId>pD Swarm Shot</ObjectId>
         <Speed>10</Speed>
         <Damage>120</Damage>
         <LifetimeMS>2500</LifetimeMS>
         <FaceDir/>
         <Parametric/>
         <Magnitude>3.0</Magnitude>
         <Size>110</Size>
         <MultiHit/>
         <PassesCover/>
         <ConditionEffect duration="4.0">Quiet</ConditionEffect>
      </Projectile>
      <Projectile id="1">
         <ObjectId>pD Swarm Shot</ObjectId>
         <Speed>10</Speed>
         <Damage>120</Damage>
         <LifetimeMS>5500</LifetimeMS>
         <FaceDir/>
         <Parametric/>
         <Magnitude>5.0</Magnitude>
         <Size>110</Size>
         <MultiHit/>
         <PassesCover/>
         <ConditionEffect duration="4.0">Quiet</ConditionEffect>
      </Projectile>
      <Projectile id="4">
         <ObjectId>pD Swarm Shot</ObjectId>
         <Speed>10</Speed>
         <Damage>120</Damage>
         <LifetimeMS>7500</LifetimeMS>
         <FaceDir/>
         <Parametric/>
         <Magnitude>6.0</Magnitude>
         <Size>110</Size>
         <MultiHit/>
         <PassesCover/>
         <ConditionEffect duration="4.0">Quiet</ConditionEffect>
      </Projectile>
      <Projectile id="2">
         <ObjectId>pD Maw Shot 3</ObjectId>
         <Damage>60</Damage>
         <Speed>92</Speed>
         <LifetimeMS>1600</LifetimeMS>
         <Size>80</Size>
         <PassesCover/>
      </Projectile>
      <StunImmune/>
      <StasisImmune/>
   </Object>
   <Object type="0xb3b7" id="Infested pD Walker C">
      <DisplayId>Walking Horror</DisplayId>
      <Class>Character</Class>
      <Enemy/>
      <AnimatedTexture>
         <File>parasiteDenChars16x16</File>
         <Index>1</Index>
      </AnimatedTexture>
      <HitSound>monster/lizard_god_hit</HitSound>
      <DeathSound>monster/ogres_death</DeathSound>
      <Size>110</Size>
      <ShadowSize>75</ShadowSize>
      <MaxHitPoints>3500</MaxHitPoints>
      <Defense>20</Defense>
      <Exp>800</Exp>
      <Terrain>Mountains</Terrain>
      <SpawnProb>0.0</SpawnProb>
      <Projectile id="0">
         <ObjectId>pD Walker Shot</ObjectId>
         <Damage>150</Damage>
         <Speed>80</Speed>
         <LifetimeMS>2400</LifetimeMS>
         <Size>120</Size>
         <MultiHit/>
         <PassesCover/>
      </Projectile>
      <ParalyzeImmune/>
   </Object>
   <Object type="0xb3b8" id="Infested pD Maw C">
      <DisplayId>Horror Maw</DisplayId>
      <Class>Character</Class>
      <Enemy/>
      <AnimatedTexture>
         <File>parasiteDenChars16x16</File>
         <Index>0</Index>
      </AnimatedTexture>
      <HitSound>monster/abyss_brutes_hit</HitSound>
      <DeathSound>monster/abyss_demons_death</DeathSound>
      <Size>115</Size>
      <ShadowSize>75</ShadowSize>
      <MaxHitPoints>4000</MaxHitPoints>
      <Defense>20</Defense>
      <Exp>800</Exp>
      <Terrain>Mountains</Terrain>
      <SpawnProb>0.0</SpawnProb>
      <Projectile id="0">
         <ObjectId>pD Maw Shot</ObjectId>
         <Damage>140</Damage>
         <Speed>65</Speed>
         <LifetimeMS>1600</LifetimeMS>
         <Size>130</Size>
         <Amplitude>1.8</Amplitude>
         <Frequency>0.492</Frequency>
         <MultiHit/>
         <FaceDir/>
         <PassesCover/>
      </Projectile>
      <Projectile id="1">
         <ObjectId>pD Maw Shot</ObjectId>
         <Damage>140</Damage>
         <Speed>55</Speed>
         <LifetimeMS>1400</LifetimeMS>
         <Size>130</Size>
         <Amplitude>2.9</Amplitude>
         <Frequency>0.492</Frequency>
         <MultiHit/>
         <FaceDir/>
         <PassesCover/>
      </Projectile>
      <Projectile id="2">
         <ObjectId>pD Maw Shot 2</ObjectId>
         <Damage>160</Damage>
         <Speed>46</Speed>
         <LifetimeMS>1800</LifetimeMS>
         <Size>120</Size>
         <PassesCover/>
      </Projectile>
      <StunImmune/>
   </Object>
   <Object type="0xb3b9" id="Infested pD Tongue C">
      <DisplayId>Furious Lasher</DisplayId>
      <Class>Character</Class>
      <Enemy/>
      <AnimatedTexture>
         <File>parasiteDenChars16x16</File>
         <Index>2</Index>
      </AnimatedTexture>
      <HitSound>monster/demons_hit</HitSound>
      <DeathSound>monster/abyss_brutes_death</DeathSound>
      <Size>110</Size>
      <ShadowSize>75</ShadowSize>
      <MaxHitPoints>3500</MaxHitPoints>
      <Defense>20</Defense>
      <Exp>800</Exp>
      <Terrain>Mountains</Terrain>
      <SpawnProb>0.0</SpawnProb>
      <Projectile id="0">
         <ObjectId>pD Tongue Shot</ObjectId>
         <Damage>140</Damage>
         <Speed>65</Speed>
         <LifetimeMS>1600</LifetimeMS>
         <Size>100</Size>
         <MultiHit/>
         <PassesCover/>
      </Projectile>
   </Object>
   <Object type="0xb3ba" id="Infested pD Painling C">
      <DisplayId>Painling</DisplayId>
      <Class>Character</Class>
      <Enemy/>
      <AnimatedTexture>
         <File>parasiteDenChars8x8</File>
         <Index>2</Index>
      </AnimatedTexture>
      <AltTexture id="1">
         <Texture>
            <File>parasiteDenObjects8x8</File>
            <Index>0x21</Index>
         </Texture>
      </AltTexture>
      <HitSound>monster/flayers_hit</HitSound>
      <DeathSound>monster/flayers_death</DeathSound>
      <Size>100</Size>
      <ShadowSize>75</ShadowSize>
      <MaxHitPoints>3000</MaxHitPoints>
      <Defense>20</Defense>
      <Exp>300</Exp>
      <Projectile id="0">
         <ObjectId>Poison Fireball</ObjectId>
         <Damage>90</Damage>
         <Speed>70</Speed>
         <LifetimeMS>1400</LifetimeMS>
         <Size>100</Size>
         <MultiHit/>
         <ConditionEffect duration="6">Slowed</ConditionEffect>
         <PassesCover/>
      </Projectile>
      <ParalyzeImmune/>
   </Object>
   <Object type="0xb3bb" id="Infested pD Stalker C">
      <DisplayId>Parasitic Stalker</DisplayId>
      <Class>Character</Class>
      <Enemy/>
      <AnimatedTexture>
         <File>parasiteDenChars8x8</File>
         <Index>1</Index>
      </AnimatedTexture>
      <HitSound>monster/lizard_god_hit</HitSound>
      <DeathSound>monster/dwarves_death</DeathSound>
      <Size>110</Size>
      <ShadowSize>75</ShadowSize>
      <MaxHitPoints>2600</MaxHitPoints>
      <Defense>40</Defense>
      <Exp>400</Exp>
      <Terrain>Mountains</Terrain>
      <SpawnProb>0.0</SpawnProb>
      <Projectile id="0">
         <ObjectId>pD Stalker Shot</ObjectId>
         <Damage>130</Damage>
         <Speed>70</Speed>
         <LifetimeMS>2200</LifetimeMS>
         <Size>100</Size>
         <PassesCover/>
      </Projectile>
   </Object>
   <Object type="0xb3bc" id="Infested Suit of Armor">
      <Class>Character</Class>
      <Texture>
         <File>lofiObjBig</File>
         <Index>0x197</Index>
      </Texture>
      <ShadowSize>80</ShadowSize>
      <ShadowColor>0xa0cde9</ShadowColor>
      <HitSound>monster/stone_walls_hit</HitSound>
      <DeathSound>monster/stone_walls_death</DeathSound>
      <MaxHitPoints>4000</MaxHitPoints>
      <Size>80</Size>
      <StasisImmune/>
      <Enemy/>
      <Exp>0</Exp>
   </Object>
</Objects>
