<?xml version="1.0" encoding="ISO-8859-1"?>

<Objects>
   <Object type="0x268" id="Maze Chest">
      <DisplayId>Event Chest</DisplayId>
      <Class>Character</Class>
      <Enemy/>
      <KeepDamageRecord/>
      <TrackLoot/>
      <HitSound>monster/djinn_hit</HitSound>
      <DeathSound>monster/wooden_walls_death</DeathSound>
      <RandomTexture>
         <Texture>
            <File>d3LofiObjBigEmbed</File>
            <Index>0x07</Index>
         </Texture>
         <Texture>
            <File>d3LofiObjBigEmbed</File>
            <Index>0x08</Index>
         </Texture>
         <Texture>
            <File>d3LofiObjBigEmbed</File>
            <Index>0x09</Index>
         </Texture>
         <Texture>
            <File>d3LofiObjBigEmbed</File>
            <Index>0x0a</Index>
         </Texture>
      </RandomTexture>
      <MaxHitPoints>40000</MaxHitPoints>
      <Defense>0</Defense>
      <Size>0</Size>
      <Exp>1000</Exp>
      <StasisImmune/>
   </Object>
   <Object type="0x269" id="Special Room Teleporter">
      <Class>GameObject</Class>
      <Texture>
         <File>alienInvasionObjects8x8</File>
         <Index>0x79</Index>
      </Texture>
      <Animation prob="1">
         <Frame time="0.1">
            <Texture>
               <File>alienInvasionObjects8x8</File>
               <Index>0x79</Index>
            </Texture>
         </Frame>
         <Frame time="0.1">
            <Texture>
               <File>alienInvasionObjects8x8</File>
               <Index>0x7a</Index>
            </Texture>
         </Frame>
         <Frame time="0.1">
            <Texture>
               <File>alienInvasionObjects8x8</File>
               <Index>0x7b</Index>
            </Texture>
         </Frame>
         <Frame time="0.1">
            <Texture>
               <File>alienInvasionObjects8x8</File>
               <Index>0x7c</Index>
            </Texture>
         </Frame>
      </Animation>
      <Size>0</Size>
      <Color>0x1EB3D9</Color>
      <ShadowColor>0x1EB3D9</ShadowColor>
      <Z>0.2</Z>
   </Object>
   <Object type="0x26a" id="Special Room Teleport Target">
      <Class>GameObject</Class>
      <Texture>
         <File>alienInvasionObjects8x8</File>
         <Index>0x6b</Index>
      </Texture>
      <Size>0</Size>
   </Object>
   <Object type="0x26b" id="Special Room Manager">
      <Class>GameObject</Class>
      <Texture>
         <File>alienInvasionObjects8x8</File>
         <Index>0x6b</Index>
      </Texture>
      <Size>0</Size>
   </Object>
   <Object type="0x26c" id="Special Chest A">
      <DisplayId>Event Chest</DisplayId>
      <Class>Character</Class>
      <Enemy/>
      <KeepDamageRecord/>
      <TrackLoot/>
      <HitSound>monster/djinn_hit</HitSound>
      <DeathSound>monster/wooden_walls_death</DeathSound>
      <Texture>
         <File>d3LofiObjBigEmbed</File>
         <Index>0x08</Index>
      </Texture>
      <MaxHitPoints>40000</MaxHitPoints>
      <Defense>0</Defense>
      <Size>100</Size>
      <Exp>1000</Exp>
      <StasisImmune/>
   </Object>
   <Object type="0x26d" id="Special Chest B">
      <DisplayId>Event Chest</DisplayId>
      <Class>Character</Class>
      <Enemy/>
      <KeepDamageRecord/>
      <TrackLoot/>
      <HitSound>monster/djinn_hit</HitSound>
      <DeathSound>monster/wooden_walls_death</DeathSound>
      <Texture>
         <File>d3LofiObjBigEmbed</File>
         <Index>0x09</Index>
      </Texture>
      <MaxHitPoints>40000</MaxHitPoints>
      <Defense>0</Defense>
      <Size>100</Size>
      <Exp>1000</Exp>
      <StasisImmune/>
   </Object>
   <Object type="0x26e" id="Special Chest C">
      <DisplayId>Gold Chest</DisplayId>
      <Class>Character</Class>
      <Enemy/>
      <KeepDamageRecord/>
      <TrackLoot/>
      <HitSound>monster/djinn_hit</HitSound>
      <DeathSound>monster/wooden_walls_death</DeathSound>
      <Texture>
         <File>d3LofiObjBigEmbed</File>
         <Index>0x0a</Index>
      </Texture>
      <MaxHitPoints>40000</MaxHitPoints>
      <Defense>0</Defense>
      <Size>100</Size>
      <Exp>1000</Exp>
      <StasisImmune/>
   </Object>
   <Object type="0x26f" id="Special Chest Picker">
      <DisplayId>Event Chest</DisplayId>
      <Class>Character</Class>
      <Enemy/>
      <KeepDamageRecord/>
      <TrackLoot/>
      <HitSound>monster/djinn_hit</HitSound>
      <DeathSound>monster/wooden_walls_death</DeathSound>
      <Texture>
         <File>d3LofiObjBigEmbed</File>
         <Index>0x08</Index>
      </Texture>
      <MaxHitPoints>40000</MaxHitPoints>
      <Defense>0</Defense>
      <Size>100</Size>
      <Exp>1000</Exp>
      <StasisImmune/>
   </Object>
   <Object type="0x270" id="Spider Dirt Wall Destructible">
      <Class>Wall</Class>
      <Texture>
         <File>lofiEnvironment2</File>
         <Index>0xa9</Index>
      </Texture>
      <Top>
         <Texture>
            <File>lofiEnvironment2</File>
            <Index>0xaa</Index>
         </Texture>
      </Top>
      <HitSound>monster/stone_walls_hit</HitSound>
      <DeathSound>monster/stone_walls_death</DeathSound>
      <MaxHitPoints>5000</MaxHitPoints>
      <Static/>
      <FullOccupy/>
      <OccupySquare/>
      <EnemyOccupySquare/>
      <Enemy/>
      <Exp>0</Exp>
      <BlocksSight/>
   </Object>
   <Object type="0x271" id="Maze Exit Helper">
      <Class>Character</Class>
      <Texture>
         <File>d3LofiObjBigEmbed</File>
         <Index>0x08</Index>
      </Texture>
      <NoMiniMap/>
      <Size>0</Size>
      <HitSound>monster/stone_walls_hit</HitSound>
      <DeathSound>monster/stone_walls_death</DeathSound>
   </Object>
   <Object type="0x272" id="Glowing Egg">
      <DisplayId>Glowing Egg</DisplayId>
      <Class>Character</Class>
      <Enemy/>
      <HitSound>monster/eggs_hit</HitSound>
      <DeathSound>monster/eggs_death</DeathSound>
      <KeepDamageRecord/>
      <TrackLoot/>
      <NoMiniMap/>
      <RandomTexture>
         <Texture>
            <File>lofiObj3</File>
            <Index>0x3f6</Index>
         </Texture>
         <Texture>
            <File>lofiObj3</File>
            <Index>0x3f7</Index>
         </Texture>
         <Texture>
            <File>lofiObj3</File>
            <Index>0x3f8</Index>
         </Texture>
         <Texture>
            <File>lofiObj3</File>
            <Index>0x3f9</Index>
         </Texture>
      </RandomTexture>
      <MaxHitPoints>900</MaxHitPoints>
      <Defense>0</Defense>
      <MinSize>90</MinSize>
      <MaxSize>200</MaxSize>
      <SizeStep>15</SizeStep>
      <Exp>10</Exp>
      <StasisImmune/>
   </Object>
   <Object type="0x41f9" id="Woodland Swarm Tree">
      <DisplayId>Swarm Tree</DisplayId>
      <Enemy/>
      <Class>Character</Class>
      <Texture>
         <File>mountainTempleObjects16x16</File>
         <Index>0x06</Index>
      </Texture>
      <MaxHitPoints>16000</MaxHitPoints>
      <Defense>20</Defense>
      <Size>120</Size>
      <HitSound>monster/trees_hit</HitSound>
      <DeathSound>monster/trees_death</DeathSound>
      <AltTexture id="1">
         <Texture>
            <File>mountainTempleObjects16x16</File>
            <Index>0x35</Index>
         </Texture>
      </AltTexture>
   </Object>
   <Object type="0xcff0" id="Test Key">
      <Class>Equipment</Class>
      <Item/>
      <Texture>
         <File>lofiObj3</File>
         <Index>0x317</Index>
      </Texture>
      <SlotType>10</SlotType>
      <Description>A key which opens a portal to the Haunted Cemetery. Some of the oldest and most legendary heroes in history were buried along this sequence of graves, their spirited protected by masters of the afterlife.\n\nKeys can only be used once you have 10 or more stars!</Description>
      <Sound>use_key</Sound>
      <Consumable/>
      <Soulbound/>
      <Activate id="Apple,Apple,Apple,Apple" bagType="Loot Bag 0" ox="1" onlyIn="vault">CreateBag</Activate>
      <Activate id="Haunted Cemetery Portal" onlyIn="vault">CreatePortal</Activate>
      <feedPower>200</feedPower>
      <BagType>8</BagType>
      <Track/>
   </Object>
   <Object type="0x099b" id="Jeebs">
      <Class>Character</Class>
      <Group>Mad Lab</Group>
      <RemoteTexture>
         <Instance>testing</Instance>
         <Id>7632526</Id>
         <Right/>
      </RemoteTexture>
      <HitSound>monster/slimes_death</HitSound>
      <DeathSound>monster/flying_brain_death</DeathSound>
      <Size>200</Size>
      <ShadowSize>50</ShadowSize>
   </Object>
</Objects>
