﻿<Dungeons>
	<Dungeon id="Sprite World">
		<Width>128</Width>
		<Height>128</Height>
		<Background>1</Background>
		<MainBranchLen>6</MainBranchLen>
		<NumSubBranches>10</NumSubBranches>
		<MinSubBranchLen>1</MinSubBranchLen> 
		<MaxSubBranchLen>2</MaxSubBranchLen>
		<MinHallwayWidth>2</MinHallwayWidth>
		<MaxHallwayWidth>2</MaxHallwayWidth>
		<MinHallwayLen>3</MinHallwayLen>
		<MaxHallwayLen>6</MaxHallwayLen>
		<DefaultTile>Space</DefaultTile>
		<Difficulty>2</Difficulty>
		<HallwayTile>White Alpha Square</HallwayTile>
		<RandomizeGlobalReplaceTiles/>
		<GlobalReplaceTile func="randomLinesY" dx=".01" dy=".01" mod="6" val="0">Purple Alpha Square</GlobalReplaceTile>
		<GlobalReplaceTile func="randomLinesY" dx=".01" dy=".01" mod="6" val="1">Red Alpha Square</GlobalReplaceTile>
		<GlobalReplaceTile func="randomLinesX" dx=".01" dy=".01" mod="6" val="0">Blue Alpha Square</GlobalReplaceTile>
		<GlobalReplaceTile func="randomLinesX" dx=".01" dy=".01" mod="6" val="1">Green Alpha Square</GlobalReplaceTile>
		<GlobalPlaceObject func="perlinProb" dx=".01" dy=".01" mult=".10" groundRestrict="White Alpha Square">Purple Sprite Tree</GlobalPlaceObject>
		<GlobalPlaceObject func="perlinProb" dx=".01" dy=".01" mult=".10" groundRestrict="White Alpha Square">Red Sprite Tree</GlobalPlaceObject>
		<GlobalPlaceObject func="perlinProb" dx=".01" dy=".01" mult=".10" groundRestrict="White Alpha Square">Blue Sprite Tree</GlobalPlaceObject>
		<GlobalPlaceObject func="perlinProb" dx=".01" dy=".01" mult=".10" groundRestrict="White Alpha Square">Green Sprite Tree</GlobalPlaceObject>
		<GlobalPlaceObject func="perlinProb" dx=".01" dy=".01" mult=".10" groundRestrict="White Alpha Square">Yellow Sprite Tree</GlobalPlaceObject>
		<Room id="start">
			<Type>Rectangle</Type>
			<MinRectLen>16</MinRectLen>
			<MaxRectLen>16</MaxRectLen>
			<FloorTile>White Alpha Square</FloorTile>
			<Enemies>
				<Enemy position="centerPlusSalt">Glowing Portal of Cowardice</Enemy>
			</Enemies>
		</Room>
		<Room id="end">
			<Type>Rectangle</Type>
			<MinRectLen>30</MinRectLen>
			<MaxRectLen>30</MaxRectLen>
			<FloorTile>White Alpha Square</FloorTile>
			<Enemies>
				<Enemy minNum="1" maxNum="1" position="center">Limon the Sprite God</Enemy>
			</Enemies>
		</Room>
		<Room id="default">
			<Type>Rectangle</Type>
			<MinRectLen>6</MinRectLen>
			<MaxRectLen>12</MaxRectLen>
			<FloorTile>White Alpha Square</FloorTile>
			<Enemies>
				<Enemy minNum="2" maxNum="4">Native Sprites</Enemy>
			</Enemies>
			<Enemies>
				<Enemy prob=".1" minNum="1" maxNum="1">Native Sprite God</Enemy>
			</Enemies>
		</Room>
	</Dungeon>
</Dungeons>