<Dungeons>
	<Dungeon id="Nexus">
		<Width>256</Width>
		<Height>256</Height>
		<Background>2</Background>
		<DefaultTile>Space</DefaultTile>
		<CenterStartRoom/>
		<Visibility>Full</Visibility>
		<ShowDisplays/>
		<GlobalReplaceTile func="perlinProb" dx=".01" dy=".01" mult="0.40" groundRestrict="White Floor 1">White Floor 2</GlobalReplaceTile>
		<GlobalReplaceTile func="perlinProb" dx=".01" dy=".01" mult="0.40" groundRestrict="White Floor 1">White Floor 3</GlobalReplaceTile>
		<GlobalReplaceTile func="perlinProb" dx=".01" dy=".01" mult="0.40" groundRestrict="White Floor 1">White Floor 4</GlobalReplaceTile>
		<GlobalReplaceTile func="perlinProb" dx=".01" dy=".01" mult="0.40" groundRestrict="White Floor 1">White Floor 5</GlobalReplaceTile>
		<Room id="start">
			<LocalJM>nexus.jm</LocalJM>
		</Room>
	</Dungeon>
</Dungeons>