<Dungeons>
  <Dungeon id="Oryx's Castle">
    <Width>256</Width>
    <Height>256</Height>
    <CenterStartRoom />
    <NoPlayerTeleport />
    <Visibility>Path</Visibility>
    <Difficulty>4</Difficulty>
    <LocalJM>temp_/OryxCastlee.jm</LocalJM>
  </Dungeon>
  <Dungeon id="Oryx's Chamber">
    <Width>256</Width>
    <Height>256</Height>
    <CenterStartRoom />
    <NoPlayerTeleport />
    <Difficulty>5</Difficulty>
    <GlobalReplaceTile func="perlinProb" dx=".01" dy=".01" mult="0.40">Blue Quad</GlobalReplaceTile>
    <LocalJM>temp_/oryxchamber.jm</LocalJM>
  </Dungeon>
  <Dungeon id="Wine Cellar">
    <Width>128</Width>
    <Height>128</Height>
    <CenterStartRoom />
    <NoPlayerTeleport />
    <Difficulty>5</Difficulty>
    <GlobalReplaceTile func="perlinProb" dx=".01" dy=".01" mult="0.50">Cracked Purple Stone</GlobalReplaceTile>
    <LocalJM>temp_/WineCellar.jm</LocalJM>
  </Dungeon>
</Dungeons>