﻿<MerchantStore>
	<Store id="Store 1">
		<StoreItem minStock="8" maxStock="20" minTime="8" maxTime="30" price="200" currency="gold" allowDiscount="false">Wand of Recompense</StoreItem>
		<StoreItem minStock="8" maxStock="20" minTime="8" maxTime="30" price="200" currency="gold" allowDiscount="false">Tome of Holy Guidance</StoreItem>
		<StoreItem minStock="8" maxStock="20" minTime="8" maxTime="30" price="200" currency="gold" allowDiscount="false">Staff of the Cosmic Whole</StoreItem>
		<StoreItem minStock="8" maxStock="20" minTime="8" maxTime="30" price="200" currency="gold" allowDiscount="false">Elemental Detonation Spell</StoreItem>
		<StoreItem minStock="8" maxStock="20" minTime="8" maxTime="30" price="200" currency="gold" allowDiscount="false">Sword of Acclaim</StoreItem>
		<StoreItem minStock="8" maxStock="20" minTime="8" maxTime="30" price="200" currency="gold" allowDiscount="false">Colossus Shield</StoreItem>
		<StoreItem minStock="8" maxStock="20" minTime="8" maxTime="30" price="200" currency="gold" allowDiscount="false">Ancient Stone Sword</StoreItem>
		<StoreItem minStock="8" maxStock="20" minTime="8" maxTime="30" price="200" currency="gold" allowDiscount="false">Coral Bow</StoreItem>
		<StoreItem minStock="8" maxStock="20" minTime="8" maxTime="30" price="200" currency="gold" allowDiscount="false">Staff of Extreme Prejudice</StoreItem>
		<StoreItem minStock="8" maxStock="20" minTime="8" maxTime="30" price="200" currency="gold" allowDiscount="false">Pirate Rum</StoreItem>
		<StoreItem minStock="8" maxStock="20" minTime="8" maxTime="30" price="200" currency="gold" allowDiscount="false">Seal of the Initiate</StoreItem>
		<StoreItem minStock="8" maxStock="20" minTime="8" maxTime="30" price="200" currency="gold" allowDiscount="false">Experimental Ring</StoreItem>
	</Store>
	<Store id="Store 2">
		<StoreItem minStock="8" maxStock="20" minTime="8" maxTime="30" price="200" currency="gold" allowDiscount="false">Energy Staff</StoreItem>
		<StoreItem minStock="8" maxStock="20" minTime="8" maxTime="30" price="200" currency="gold" allowDiscount="false">Robe of the Grand Sorcerer</StoreItem>
		<StoreItem minStock="8" maxStock="20" minTime="8" maxTime="30" price="200" currency="gold" allowDiscount="false">Seal of the Pilgrim</StoreItem>
	</Store>
</MerchantStore>