<?xml version="1.0" encoding="ISO-8859-1"?>

<Objects>
   <Object type="0xfa0" id="Sakura Tree Mid">
      <Class>GameObject</Class>
      <RandomTexture>
         <Texture>
            <File>SakuraEnvironment16x16</File>
            <Index>0x00</Index>
         </Texture>
         <Texture>
            <File>SakuraEnvironment16x16</File>
            <Index>0x01</Index>
         </Texture>
         <Texture>
            <File>SakuraEnvironment16x16</File>
            <Index>0x02</Index>
         </Texture>
         <Texture>
            <File>SakuraEnvironment16x16</File>
            <Index>0x03</Index>
         </Texture>
         <Texture>
            <File>SakuraEnvironment16x16</File>
            <Index>0x08</Index>
         </Texture>
         <Texture>
            <File>SakuraEnvironment16x16</File>
            <Index>0x09</Index>
         </Texture>
         <Texture>
            <File>SakuraEnvironment16x16</File>
            <Index>0x0a</Index>
         </Texture>
      </RandomTexture>
      <Static/>
      <MinSize>120</MinSize>
      <MaxSize>140</MaxSize>
      <SizeStep>20</SizeStep>
      <ShadowSize>110</ShadowSize>
      <OccupySquare/>
   </Object>
   <Object type="0xfa1" id="Sakura Tree Small">
      <Class>GameObject</Class>
      <RandomTexture>
         <Texture>
            <File>SakuraEnvironment8x8</File>
            <Index>0x00</Index>
         </Texture>
         <Texture>
            <File>SakuraEnvironment8x8</File>
            <Index>0x01</Index>
         </Texture>
         <Texture>
            <File>SakuraEnvironment8x8</File>
            <Index>0x02</Index>
         </Texture>
         <Texture>
            <File>SakuraEnvironment8x8</File>
            <Index>0x03</Index>
         </Texture>
         <Texture>
            <File>SakuraEnvironment8x8</File>
            <Index>0x04</Index>
         </Texture>
      </RandomTexture>
      <Static/>
      <MinSize>120</MinSize>
      <MaxSize>140</MaxSize>
      <SizeStep>20</SizeStep>
      <ShadowSize>80</ShadowSize>
      <OccupySquare/>
   </Object>
   <Object type="0x0fa2" id="Sakura Petals Fallen">
      <Class>GameObject</Class>
      <RandomTexture>
         <Texture>
            <File>SakuraEnvironment8x8</File>
            <Index>0x08</Index>
         </Texture>
         <Texture>
            <File>SakuraEnvironment8x8</File>
            <Index>0x09</Index>
         </Texture>
         <Texture>
            <File>SakuraEnvironment8x8</File>
            <Index>0x0a</Index>
         </Texture>
         <Texture>
            <File>SakuraEnvironment8x8</File>
            <Index>0x25</Index>
         </Texture>
         <Texture>
            <File>SakuraEnvironment8x8</File>
            <Index>0x26</Index>
         </Texture>
      </RandomTexture>
      <DrawOnGround/>
      <Static/>
   </Object>
   <Object type="0xfa3" id="Sakura Tree Big 1">
      <Class>GameObject</Class>
      <Texture>
         <File>SakuraEnvironment16x16</File>
         <Index>0x04</Index>
      </Texture>
      <Size>160</Size>
      <ShadowSize>120</ShadowSize>
      <Static/>
      <OccupySquare/>
   </Object>
   <Object type="0xfa4" id="Sakura Tree Big 2">
      <Class>GameObject</Class>
      <Texture>
         <File>SakuraEnvironment16x16</File>
         <Index>0x05</Index>
      </Texture>
      <Size>160</Size>
      <ShadowSize>120</ShadowSize>
      <Static/>
      <OccupySquare/>
   </Object>
   <Object type="0xfa5" id="Sakura Tree Big 3">
      <Class>GameObject</Class>
      <Texture>
         <File>SakuraEnvironment16x16</File>
         <Index>0x06</Index>
      </Texture>
      <Size>160</Size>
      <ShadowSize>120</ShadowSize>
      <Static/>
      <OccupySquare/>
   </Object>
   <Object type="0x0fa6" id="Sakura Pink Snow">
      <Class>Character</Class>
      <Texture>
         <File>SakuraEnvironment8x8</File>
         <Index>0x35</Index>
      </Texture>
      <Size>-1</Size>
      <ShadowSize>0</ShadowSize>
      <NoMiniMap/>
      <Effect color="0xFABFE2" rate="4" life="3" lifeVariance=".25" speed="0" speedVariance=".5" size="5" rise="-.6" riseVariance=".1" rangeX="5" rangeY="5">CustomParticles</Effect>
   </Object>
   <Object type="0xfa7" id="Hanami White Butterfly">
      <Class>Character</Class>
      <Texture>
         <File>SakuraEnvironment8x8</File>
         <Index>0x0b</Index>
      </Texture>
      <Animation prob="1" period="0.4">
         <Frame time="0.2">
            <Texture>
               <File>SakuraEnvironment8x8</File>
               <Index>0x0c</Index>
            </Texture>
         </Frame>
         <Frame time="0.2">
            <Texture>
               <File>SakuraEnvironment8x8</File>
               <Index>0x0b</Index>
            </Texture>
         </Frame>
      </Animation>
      <Z>0.27</Z>
      <Flying/>
      <Size>60</Size>
      <ShadowSize>30</ShadowSize>
      <NoMiniMap/>
   </Object>
   <Object type="0xfa8" id="Hanami Orange Butterfly">
      <Class>Character</Class>
      <Texture>
         <File>SakuraEnvironment8x8</File>
         <Index>0x0d</Index>
      </Texture>
      <Animation prob="1" period="0.4">
         <Frame time="0.2">
            <Texture>
               <File>SakuraEnvironment8x8</File>
               <Index>0x0e</Index>
            </Texture>
         </Frame>
         <Frame time="0.2">
            <Texture>
               <File>SakuraEnvironment8x8</File>
               <Index>0x0d</Index>
            </Texture>
         </Frame>
      </Animation>
      <Z>0.27</Z>
      <Flying/>
      <Size>60</Size>
      <ShadowSize>30</ShadowSize>
      <NoMiniMap/>
   </Object>
   <Object type="0xfa9" id="Hanami Purple Butterfly">
      <Class>Character</Class>
      <Texture>
         <File>SakuraEnvironment8x8</File>
         <Index>0x0f</Index>
      </Texture>
      <Animation prob="1" period="0.4">
         <Frame time="0.2">
            <Texture>
               <File>SakuraEnvironment8x8</File>
               <Index>0x10</Index>
            </Texture>
         </Frame>
         <Frame time="0.2">
            <Texture>
               <File>SakuraEnvironment8x8</File>
               <Index>0x0f</Index>
            </Texture>
         </Frame>
      </Animation>
      <Z>0.27</Z>
      <Flying/>
      <Size>60</Size>
      <ShadowSize>30</ShadowSize>
      <NoMiniMap/>
   </Object>
   <Object type="0xfaa" id="Hanami Cyan Butterfly">
      <Class>Character</Class>
      <Texture>
         <File>SakuraEnvironment8x8</File>
         <Index>0x11</Index>
      </Texture>
      <Animation prob="1" period="0.4">
         <Frame time="0.2">
            <Texture>
               <File>SakuraEnvironment8x8</File>
               <Index>0x12</Index>
            </Texture>
         </Frame>
         <Frame time="0.2">
            <Texture>
               <File>SakuraEnvironment8x8</File>
               <Index>0x11</Index>
            </Texture>
         </Frame>
      </Animation>
      <Z>0.27</Z>
      <Flying/>
      <Size>60</Size>
      <ShadowSize>30</ShadowSize>
      <NoMiniMap/>
   </Object>
   <Object type="0xfab" id="Onsen Steam">
      <Class>GameObject</Class>
      <Texture>
         <File>SakuraEnvironment8x8</File>
         <Index>0x36</Index>
      </Texture>
      <Size>-1</Size>
      <Effect color="0xffffff" rate="2" life="3" lifeVariance=".1" speed="0" speedVariance=".5" size="10" sizeVariance="10" rise="1" riseVariance=".1" rangeX="5" rangeY="5">CustomParticles</Effect>
   </Object>
   <Object type="0xfac" id="Onsen Sign">
      <Class>GameObject</Class>
      <Model>Sign</Model>
      <Texture>
         <File>SakuraEnvironment8x8</File>
         <Index>0x1f</Index>
      </Texture>
      <Static/>
      <OccupySquare/>
   </Object>
   <Object type="0x0fad" id="Sakura Petals Fallen few">
      <Class>GameObject</Class>
      <RandomTexture>
         <Texture>
            <File>SakuraEnvironment8x8</File>
            <Index>0x20</Index>
         </Texture>
         <Texture>
            <File>SakuraEnvironment8x8</File>
            <Index>0x21</Index>
         </Texture>
         <Texture>
            <File>SakuraEnvironment8x8</File>
            <Index>0x22</Index>
         </Texture>
         <Texture>
            <File>SakuraEnvironment8x8</File>
            <Index>0x23</Index>
         </Texture>
         <Texture>
            <File>SakuraEnvironment8x8</File>
            <Index>0x24</Index>
         </Texture>
      </RandomTexture>
      <DrawOnGround/>
      <Static/>
   </Object>
   <Object type="0x0fae" id="Sakura Petals Fallen many">
      <Class>GameObject</Class>
      <RandomTexture>
         <Texture>
            <File>SakuraEnvironment8x8</File>
            <Index>0x27</Index>
         </Texture>
         <Texture>
            <File>SakuraEnvironment8x8</File>
            <Index>0x28</Index>
         </Texture>
         <Texture>
            <File>SakuraEnvironment8x8</File>
            <Index>0x29</Index>
         </Texture>
         <Texture>
            <File>SakuraEnvironment8x8</File>
            <Index>0x2a</Index>
         </Texture>
         <Texture>
            <File>SakuraEnvironment8x8</File>
            <Index>0x2b</Index>
         </Texture>
      </RandomTexture>
      <DrawOnGround/>
      <Static/>
   </Object>
   <Object type="0xfaf" id="Hanami Lantern 1">
      <Class>GameObject</Class>
      <Texture>
         <File>SakuraEnvironment8x8</File>
         <Index>0x2c</Index>
      </Texture>
      <Size>100</Size>
      <ShadowSize>120</ShadowSize>
      <ShadowColor>0xFABA23</ShadowColor>
      <Static/>
      <OccupySquare/>
   </Object>
   <Object type="0xfb0" id="Hanami Lantern 2">
      <Class>GameObject</Class>
      <Texture>
         <File>SakuraEnvironment8x8</File>
         <Index>0x2d</Index>
      </Texture>
      <Size>100</Size>
      <ShadowSize>120</ShadowSize>
      <ShadowColor>0xFABFE2</ShadowColor>
      <Static/>
      <OccupySquare/>
   </Object>
   <Object type="0xfb1" id="Hanami Lantern 3">
      <Class>GameObject</Class>
      <Texture>
         <File>SakuraEnvironment8x8</File>
         <Index>0x2e</Index>
      </Texture>
      <Size>100</Size>
      <ShadowSize>120</ShadowSize>
      <ShadowColor>0xFABA23</ShadowColor>
      <Static/>
      <OccupySquare/>
   </Object>
   <Object type="0xfb2" id="Japanese Shrine Lantern Big">
      <Class>GameObject</Class>
      <Texture>
         <File>SakuraEnvironment16x16</File>
         <Index>0x07</Index>
      </Texture>
      <Size>120</Size>
      <ShadowSize>100</ShadowSize>
      <Static/>
      <OccupySquare/>
   </Object>
   <Object type="0xfb3" id="Hanami Red Butterfly">
      <Class>Character</Class>
      <Texture>
         <File>SakuraEnvironment8x8</File>
         <Index>0x13</Index>
      </Texture>
      <Animation prob="1" period="0.4">
         <Frame time="0.2">
            <Texture>
               <File>SakuraEnvironment8x8</File>
               <Index>0x14</Index>
            </Texture>
         </Frame>
         <Frame time="0.2">
            <Texture>
               <File>SakuraEnvironment8x8</File>
               <Index>0x13</Index>
            </Texture>
         </Frame>
      </Animation>
      <Z>0.27</Z>
      <Flying/>
      <Size>60</Size>
      <ShadowSize>30</ShadowSize>
      <NoMiniMap/>
   </Object>
   <Object type="0xfb4" id="Sakura Tree Huge Trunk">
      <Class>GameObject</Class>
      <Texture>
         <File>SakuraEnvironment16x16</File>
         <Index>0x0b</Index>
      </Texture>
      <Size>160</Size>
      <ShadowSize>120</ShadowSize>
      <Static/>
      <OccupySquare/>
   </Object>
   <Object type="0xfb5" id="Sakura Tree Floating Branch 1">
      <Class>GameObject</Class>
      <Texture>
         <File>SakuraEnvironment16x16</File>
         <Index>0x0c</Index>
      </Texture>
      <Size>140</Size>
      <ShadowSize>40</ShadowSize>
      <ShadowColor>0x9C5993</ShadowColor>
      <Static/>
      <Z>1.6</Z>
      <Flying/>
   </Object>
   <Object type="0xfb6" id="Sakura Tree Floating Branch 2">
      <Class>GameObject</Class>
      <Texture>
         <File>SakuraEnvironment16x16</File>
         <Index>0x0d</Index>
      </Texture>
      <Size>140</Size>
      <ShadowSize>40</ShadowSize>
      <ShadowColor>0x9C5993</ShadowColor>
      <Static/>
      <Z>1.6</Z>
      <Flying/>
   </Object>
   <Object type="0xfb7" id="Sakura Tree Floating Branch 3">
      <Class>GameObject</Class>
      <Texture>
         <File>SakuraEnvironment16x16</File>
         <Index>0x0e</Index>
      </Texture>
      <Size>140</Size>
      <ShadowSize>40</ShadowSize>
      <ShadowColor>0x9C5993</ShadowColor>
      <Static/>
      <Z>1.5</Z>
      <Flying/>
   </Object>
   <Object type="0xfb8" id="Sakura Tree Floating Branch 4">
      <Class>GameObject</Class>
      <Texture>
         <File>SakuraEnvironment16x16</File>
         <Index>0x0f</Index>
      </Texture>
      <Size>140</Size>
      <ShadowSize>40</ShadowSize>
      <ShadowColor>0x9C5993</ShadowColor>
      <Static/>
      <Z>1.4</Z>
      <Flying/>
   </Object>
   <Object type="0xfb9" id="Sakura Tree Floating Branch 5">
      <Class>GameObject</Class>
      <Texture>
         <File>SakuraEnvironment16x16</File>
         <Index>0x10</Index>
      </Texture>
      <Size>140</Size>
      <ShadowSize>40</ShadowSize>
      <ShadowColor>0x9C5993</ShadowColor>
      <Static/>
      <Z>1.3</Z>
      <Flying/>
   </Object>
   <Object type="0xfba" id="Sakura Tree Floating Branch mini 1">
      <Class>GameObject</Class>
      <Texture>
         <File>SakuraEnvironment8x8</File>
         <Index>0x2f</Index>
      </Texture>
      <Size>120</Size>
      <ShadowSize>20</ShadowSize>
      <ShadowColor>0x9C5993</ShadowColor>
      <Static/>
      <Z>1.6</Z>
      <Flying/>
   </Object>
   <Object type="0xfbb" id="Sakura Tree Floating Branch mini 2">
      <Class>GameObject</Class>
      <Texture>
         <File>SakuraEnvironment8x8</File>
         <Index>0x30</Index>
      </Texture>
      <Size>120</Size>
      <ShadowSize>20</ShadowSize>
      <ShadowColor>0x9C5993</ShadowColor>
      <Static/>
      <Z>1.6</Z>
      <Flying/>
   </Object>
   <Object type="0xfbc" id="Sakura Tree Floating Branch mini 3">
      <Class>GameObject</Class>
      <Texture>
         <File>SakuraEnvironment8x8</File>
         <Index>0x31</Index>
      </Texture>
      <Size>120</Size>
      <ShadowSize>20</ShadowSize>
      <ShadowColor>0x9C5993</ShadowColor>
      <Static/>
      <Z>1.5</Z>
      <Flying/>
   </Object>
   <Object type="0xfbd" id="Sakura Tree Floating Branch mini 4">
      <Class>GameObject</Class>
      <Texture>
         <File>SakuraEnvironment8x8</File>
         <Index>0x32</Index>
      </Texture>
      <Size>120</Size>
      <ShadowSize>20</ShadowSize>
      <ShadowColor>0x9C5993</ShadowColor>
      <Static/>
      <Z>1.6</Z>
      <Flying/>
   </Object>
   <Object type="0xfbe" id="Japanese Shrine Lantern 2">
      <Class>GameObject</Class>
      <Texture>
         <File>SakuraEnvironment16x16</File>
         <Index>0x1a</Index>
      </Texture>
      <Size>120</Size>
      <ShadowSize>100</ShadowSize>
      <Static/>
      <OccupySquare/>
   </Object>
   <Object type="0xfbf" id="Onsen Healing Factor">
      <Class>GameObject</Class>
      <Texture>
         <File>SakuraEnvironment8x8</File>
         <Index>0x38</Index>
      </Texture>
      <Size>0</Size>
   </Object>
   <Object type="0xfc0" id="Onsen Healing Canceller">
      <Class>GameObject</Class>
      <Texture>
         <File>SakuraEnvironment8x8</File>
         <Index>0x39</Index>
      </Texture>
      <Size>0</Size>
   </Object>
   <Object type="0xfc1" id="Nexus Crier on Onsen">
      <Class>GameObject</Class>
      <Texture>
         <File>SakuraEnvironment8x8</File>
         <Index>0x3a</Index>
      </Texture>
      <Size>140</Size>
      <ShadowSize>0</ShadowSize>
      <Static/>
   </Object>
   <Object type="0xfc2" id="Japanese Rock Big">
      <Class>GameObject</Class>
      <RandomTexture>
         <Texture>
            <File>SakuraEnvironment16x16</File>
            <Index>0x11</Index>
         </Texture>
         <Texture>
            <File>SakuraEnvironment16x16</File>
            <Index>0x12</Index>
         </Texture>
         <Texture>
            <File>SakuraEnvironment16x16</File>
            <Index>0x13</Index>
         </Texture>
      </RandomTexture>
      <Size>100</Size>
      <ShadowSize>0</ShadowSize>
      <Static/>
      <OccupySquare/>
   </Object>
   <Object type="0xfc3" id="Sakura Tree Big Trunk">
      <Class>GameObject</Class>
      <Texture>
         <File>SakuraEnvironment16x16</File>
         <Index>0x14</Index>
      </Texture>
      <Size>160</Size>
      <ShadowSize>120</ShadowSize>
      <Static/>
      <OccupySquare/>
   </Object>
   <Object type="0xfc4" id="Jizo Statue">
      <Class>GameObject</Class>
      <Texture>
         <File>SakuraEnvironment16x16</File>
         <Index>0x15</Index>
      </Texture>
      <Size>40</Size>
      <ShadowSize>80</ShadowSize>
      <Static/>
      <OccupySquare/>
   </Object>
   <Object type="0xfc5" id="Sakura Tree Sapling">
      <Class>GameObject</Class>
      <Texture>
         <File>SakuraEnvironment8x8</File>
         <Index>0x3c</Index>
      </Texture>
      <Size>80</Size>
      <ShadowSize>0</ShadowSize>
      <Static/>
      <OccupySquare/>
   </Object>
   <Object type="0xfc6" id="Onsen Steam Particler">
      <Class>Character</Class>
      <Texture>
         <File>HanamiParts</File>
         <Index>0x0</Index>
      </Texture>
      <Size>-1</Size>
      <ShadowSize>0</ShadowSize>
      <NoMiniMap/>
      <Effect particle="Steam" cooldown="2.6">XMLEffect</Effect>
   </Object>
   <Object type="0xfc8" id="Japanese Stone Monument">
      <Class>GameObject</Class>
      <Texture>
         <File>SakuraEnvironment16x16</File>
         <Index>0x16</Index>
      </Texture>
      <Size>40</Size>
      <ShadowSize>80</ShadowSize>
      <Static/>
      <OccupySquare/>
   </Object>
   <Object type="0xfc9" id="Hanami Big Sharp Plant">
      <Class>GameObject</Class>
      <RandomTexture>
         <Texture>
            <File>SakuraEnvironment16x16</File>
            <Index>0x17</Index>
         </Texture>
         <Texture>
            <File>SakuraEnvironment16x16</File>
            <Index>0x18</Index>
         </Texture>
         <Texture>
            <File>SakuraEnvironment16x16</File>
            <Index>0x19</Index>
         </Texture>
      </RandomTexture>
      <Size>60</Size>
      <ShadowSize>0</ShadowSize>
      <Static/>
   </Object>
   <Object type="0xfca" id="Hanami Flower">
      <Class>GameObject</Class>
      <RandomTexture>
         <Texture>
            <File>SakuraEnvironment8x8</File>
            <Index>0x40</Index>
         </Texture>
         <Texture>
            <File>SakuraEnvironment8x8</File>
            <Index>0x41</Index>
         </Texture>
         <Texture>
            <File>SakuraEnvironment8x8</File>
            <Index>0x42</Index>
         </Texture>
      </RandomTexture>
      <Size>80</Size>
      <ShadowSize>0</ShadowSize>
      <Static/>
   </Object>
   <Object type="0xfcb" id="Hanami Plant">
      <Class>GameObject</Class>
      <RandomTexture>
         <Texture>
            <File>SakuraEnvironment8x8</File>
            <Index>0x43</Index>
         </Texture>
         <Texture>
            <File>SakuraEnvironment8x8</File>
            <Index>0x44</Index>
         </Texture>
         <Texture>
            <File>SakuraEnvironment8x8</File>
            <Index>0x45</Index>
         </Texture>
      </RandomTexture>
      <Size>80</Size>
      <ShadowSize>0</ShadowSize>
      <Static/>
   </Object>
   <Object type="0xfcc" id="Hanami Grass">
      <Class>GameObject</Class>
      <RandomTexture>
         <Texture>
            <File>SakuraEnvironment8x8</File>
            <Index>0x46</Index>
         </Texture>
         <Texture>
            <File>SakuraEnvironment8x8</File>
            <Index>0x47</Index>
         </Texture>
         <Texture>
            <File>SakuraEnvironment8x8</File>
            <Index>0x48</Index>
         </Texture>
         <Texture>
            <File>SakuraEnvironment8x8</File>
            <Index>0x49</Index>
         </Texture>
      </RandomTexture>
      <Size>100</Size>
      <ShadowSize>80</ShadowSize>
      <Static/>
      <OccupySquare/>
   </Object>
   <Object type="0xfcd" id="Hanami Flower 2">
      <Class>GameObject</Class>
      <RandomTexture>
         <Texture>
            <File>SakuraEnvironment8x8</File>
            <Index>0x4a</Index>
         </Texture>
         <Texture>
            <File>SakuraEnvironment8x8</File>
            <Index>0x4b</Index>
         </Texture>
         <Texture>
            <File>SakuraEnvironment8x8</File>
            <Index>0x4c</Index>
         </Texture>
      </RandomTexture>
      <Size>80</Size>
      <ShadowSize>0</ShadowSize>
      <Static/>
   </Object>
   <Object type="0xfce" id="Hanami Flower 3">
      <Class>GameObject</Class>
      <RandomTexture>
         <Texture>
            <File>SakuraEnvironment8x8</File>
            <Index>0x4d</Index>
         </Texture>
         <Texture>
            <File>SakuraEnvironment8x8</File>
            <Index>0x4e</Index>
         </Texture>
         <Texture>
            <File>SakuraEnvironment8x8</File>
            <Index>0x4f</Index>
         </Texture>
      </RandomTexture>
      <Size>80</Size>
      <ShadowSize>0</ShadowSize>
      <Static/>
   </Object>
   <Object type="0xfcf" id="Onsen Map Spawner">
      <Class>GameObject</Class>
      <Texture>
         <File>SakuraEnvironment8x8</File>
         <Index>0x36</Index>
      </Texture>
      <Size>0</Size>
   </Object>
   <Object type="0xff0" id="Onsen Wall">
      <Class>Wall</Class>
      <Top>
         <Texture>
            <File>SakuraEnvironment8x8</File>
            <Index>0x5b</Index>
         </Texture>
      </Top>
      <Texture>
         <File>SakuraEnvironment8x8</File>
         <Index>0x5b</Index>
      </Texture>
      <HitSound>monster/stone_walls_hit</HitSound>
      <DeathSound>monster/stone_walls_death</DeathSound>
      <Static/>
      <FullOccupy/>
      <OccupySquare/>
      <EnemyOccupySquare/>
      <BlocksSight/>
   </Object>
   <Object type="0xff1" id="Onsen Waterfall">
      <Class>DoubleWall</Class>
      <Texture>
         <File>SakuraEnvironment8x8</File>
         <Index>0x5c</Index>
      </Texture>
      <Top>
         <Texture>
            <File>SakuraEnvironment8x8</File>
            <Index>0x5b</Index>
         </Texture>
      </Top>
      <Animation sync="true" prob="1" period="0.8">
         <Frame time="0.2">
            <Texture>
               <File>SakuraEnvironment8x8</File>
               <Index>0x5c</Index>
            </Texture>
         </Frame>
         <Frame time="0.2">
            <Texture>
               <File>SakuraEnvironment8x8</File>
               <Index>0x5d</Index>
            </Texture>
         </Frame>
         <Frame time="0.2">
            <Texture>
               <File>SakuraEnvironment8x8</File>
               <Index>0x5e</Index>
            </Texture>
         </Frame>
         <Frame time="0.2">
            <Texture>
               <File>SakuraEnvironment8x8</File>
               <Index>0x5f</Index>
            </Texture>
         </Frame>
      </Animation>
      <HitSound>monster/stone_walls_hit</HitSound>
      <DeathSound>monster/stone_walls_death</DeathSound>
      <Static/>
      <FullOccupy/>
      <OccupySquare/>
      <EnemyOccupySquare/>
      <BlocksSight/>
   </Object>
   <Object type="0x0ff2" id="Onsen Ripple UpL">
      <Class>GameObject</Class>
      <Texture>
         <File>SakuraEnvironment8x8</File>
         <Index>0x60</Index>
      </Texture>
      <AltTexture id="1">
         <Texture>
            <File>SakuraEnvironment8x8</File>
            <Index>0x60</Index>
         </Texture>
      </AltTexture>
      <AltTexture id="2">
         <Texture>
            <File>SakuraEnvironment8x8</File>
            <Index>0x61</Index>
         </Texture>
      </AltTexture>
      <AltTexture id="3">
         <Texture>
            <File>SakuraEnvironment8x8</File>
            <Index>0x62</Index>
         </Texture>
      </AltTexture>
      <AltTexture id="4">
         <Texture>
            <File>SakuraEnvironment8x8</File>
            <Index>0x63</Index>
         </Texture>
      </AltTexture>
      <DrawOnGround/>
   </Object>
   <Object type="0x0ff3" id="Onsen Ripple UpM">
      <Class>GameObject</Class>
      <Texture>
         <File>SakuraEnvironment8x8</File>
         <Index>0x64</Index>
      </Texture>
      <AltTexture id="1">
         <Texture>
            <File>SakuraEnvironment8x8</File>
            <Index>0x64</Index>
         </Texture>
      </AltTexture>
      <AltTexture id="2">
         <Texture>
            <File>SakuraEnvironment8x8</File>
            <Index>0x65</Index>
         </Texture>
      </AltTexture>
      <AltTexture id="3">
         <Texture>
            <File>SakuraEnvironment8x8</File>
            <Index>0x66</Index>
         </Texture>
      </AltTexture>
      <AltTexture id="4">
         <Texture>
            <File>SakuraEnvironment8x8</File>
            <Index>0x67</Index>
         </Texture>
      </AltTexture>
      <DrawOnGround/>
   </Object>
   <Object type="0x0ff4" id="Onsen Ripple UpR">
      <Class>GameObject</Class>
      <Texture>
         <File>SakuraEnvironment8x8</File>
         <Index>0x68</Index>
      </Texture>
      <AltTexture id="1">
         <Texture>
            <File>SakuraEnvironment8x8</File>
            <Index>0x68</Index>
         </Texture>
      </AltTexture>
      <AltTexture id="2">
         <Texture>
            <File>SakuraEnvironment8x8</File>
            <Index>0x69</Index>
         </Texture>
      </AltTexture>
      <AltTexture id="3">
         <Texture>
            <File>SakuraEnvironment8x8</File>
            <Index>0x6a</Index>
         </Texture>
      </AltTexture>
      <AltTexture id="4">
         <Texture>
            <File>SakuraEnvironment8x8</File>
            <Index>0x6b</Index>
         </Texture>
      </AltTexture>
      <DrawOnGround/>
   </Object>
   <Object type="0x0ff5" id="Onsen Ripple DownL">
      <Class>GameObject</Class>
      <Texture>
         <File>SakuraEnvironment8x8</File>
         <Index>0x6c</Index>
      </Texture>
      <AltTexture id="1">
         <Texture>
            <File>SakuraEnvironment8x8</File>
            <Index>0x6c</Index>
         </Texture>
      </AltTexture>
      <AltTexture id="2">
         <Texture>
            <File>SakuraEnvironment8x8</File>
            <Index>0x6d</Index>
         </Texture>
      </AltTexture>
      <AltTexture id="3">
         <Texture>
            <File>SakuraEnvironment8x8</File>
            <Index>0x6e</Index>
         </Texture>
      </AltTexture>
      <AltTexture id="4">
         <Texture>
            <File>SakuraEnvironment8x8</File>
            <Index>0x6f</Index>
         </Texture>
      </AltTexture>
      <DrawOnGround/>
   </Object>
   <Object type="0x0ff6" id="Onsen Ripple DownM">
      <Class>GameObject</Class>
      <Texture>
         <File>SakuraEnvironment8x8</File>
         <Index>0x70</Index>
      </Texture>
      <AltTexture id="1">
         <Texture>
            <File>SakuraEnvironment8x8</File>
            <Index>0x70</Index>
         </Texture>
      </AltTexture>
      <AltTexture id="2">
         <Texture>
            <File>SakuraEnvironment8x8</File>
            <Index>0x71</Index>
         </Texture>
      </AltTexture>
      <AltTexture id="3">
         <Texture>
            <File>SakuraEnvironment8x8</File>
            <Index>0x72</Index>
         </Texture>
      </AltTexture>
      <AltTexture id="4">
         <Texture>
            <File>SakuraEnvironment8x8</File>
            <Index>0x73</Index>
         </Texture>
      </AltTexture>
      <DrawOnGround/>
   </Object>
   <Object type="0x0ff7" id="Onsen Ripple DownR">
      <Class>GameObject</Class>
      <Texture>
         <File>SakuraEnvironment8x8</File>
         <Index>0x74</Index>
      </Texture>
      <AltTexture id="1">
         <Texture>
            <File>SakuraEnvironment8x8</File>
            <Index>0x74</Index>
         </Texture>
      </AltTexture>
      <AltTexture id="2">
         <Texture>
            <File>SakuraEnvironment8x8</File>
            <Index>0x75</Index>
         </Texture>
      </AltTexture>
      <AltTexture id="3">
         <Texture>
            <File>SakuraEnvironment8x8</File>
            <Index>0x76</Index>
         </Texture>
      </AltTexture>
      <AltTexture id="4">
         <Texture>
            <File>SakuraEnvironment8x8</File>
            <Index>0x77</Index>
         </Texture>
      </AltTexture>
      <DrawOnGround/>
   </Object>
   <Object type="0xff8" id="Onsen Wall Double">
      <Class>DoubleWall</Class>
      <Top>
         <Texture>
            <File>SakuraEnvironment8x8</File>
            <Index>0x5b</Index>
         </Texture>
      </Top>
      <Texture>
         <File>SakuraEnvironment8x8</File>
         <Index>0x5b</Index>
      </Texture>
      <HitSound>monster/stone_walls_hit</HitSound>
      <DeathSound>monster/stone_walls_death</DeathSound>
      <Static/>
      <FullOccupy/>
      <OccupySquare/>
      <EnemyOccupySquare/>
      <BlocksSight/>
   </Object>
   <Object type="0xff9" id="Onsen Waterfall Single">
      <Class>Wall</Class>
      <Texture>
         <File>SakuraEnvironment8x8</File>
         <Index>0x5c</Index>
      </Texture>
      <Top>
         <Texture>
            <File>SakuraEnvironment8x8</File>
            <Index>0x5b</Index>
         </Texture>
      </Top>
      <Animation sync="true" prob="1" period="0.8">
         <Frame time="0.2">
            <Texture>
               <File>SakuraEnvironment8x8</File>
               <Index>0x5c</Index>
            </Texture>
         </Frame>
         <Frame time="0.2">
            <Texture>
               <File>SakuraEnvironment8x8</File>
               <Index>0x5d</Index>
            </Texture>
         </Frame>
         <Frame time="0.2">
            <Texture>
               <File>SakuraEnvironment8x8</File>
               <Index>0x5e</Index>
            </Texture>
         </Frame>
         <Frame time="0.2">
            <Texture>
               <File>SakuraEnvironment8x8</File>
               <Index>0x5f</Index>
            </Texture>
         </Frame>
      </Animation>
      <HitSound>monster/stone_walls_hit</HitSound>
      <DeathSound>monster/stone_walls_death</DeathSound>
      <Static/>
      <FullOccupy/>
      <OccupySquare/>
      <EnemyOccupySquare/>
      <BlocksSight/>
   </Object>
</Objects>
