<?xml version="1.0" encoding="ISO-8859-1"?>

<Objects>
   <Object type="0xf44" id="Heroic Abyss Chest">
      <DisplayId>Event Chest</DisplayId>
      <Class>Character</Class>
      <Enemy/>
      <Texture>
         <File>lofiObj3</File>
         <Index>0x466</Index>
      </Texture>
      <MaxHitPoints>60000</MaxHitPoints>
      <Defense>0</Defense>
      <Size>160</Size>
      <Exp>0</Exp>
      <StasisImmune/>
   </Object>
   <Object type="0x209f" id="Heroic Malphas Protector">
      <Group>Demons</Group>
      <Enemy/>
      <Class>Character</Class>
      <AnimatedTexture>
         <File>chars8x8rHero1</File>
         <Index>0x13</Index>
      </AnimatedTexture>
      <HitSound>monster/demons_hit</HitSound>
      <DeathSound>monster/demons_death</DeathSound>
      <Size>100</Size>
      <MaxHitPoints>2000</MaxHitPoints>
      <Defense>30</Defense>
      <Exp>9</Exp>
      <Projectile id="0">
         <ObjectId>Red Fire</ObjectId>
         <Damage>75</Damage>
         <Speed>80</Speed>
         <LifetimeMS>2400</LifetimeMS>
         <ArmorPiercing/>
         <MultiHit/>
      </Projectile>
   </Object>
   <Object type="0x20a0" id="Heroic Malphas Missile">
      <Group>Missiles</Group>
      <Enemy/>
      <Class>Character</Class>
      <Texture>
         <File>lofiObj2</File>
         <Index>0x47</Index>
      </Texture>
      <Projectile id="0">
         <ObjectId>Red Star</ObjectId>
         <Speed>66</Speed>
         <Damage>120</Damage>
         <Size>100</Size>
         <LifetimeMS>6500</LifetimeMS>
         <ArmorPiercing/>
         <MultiHit/>
      </Projectile>
      <MaxHitPoints>5000</MaxHitPoints>
      <Size>140</Size>
      <Defense>30</Defense>
      <Exp>0</Exp>
      <StasisImmune/>
   </Object>
   <Object type="0x20a1" id="Heroic Archdemon Malphas">
      <Group>Demons</Group>
      <Enemy/>
      <Class>Character</Class>
      <Flying/>
      <Quest/>
      <God/>
      <StasisImmune/>
      <StunImmune/>
      <ParalyzeImmune/>
      <AnimatedTexture>
         <File>d1chars16x16r</File>
         <Index>2</Index>
      </AnimatedTexture>
      <HitSound>monster/demons_hit</HitSound>
      <DeathSound>monster/demons_death</DeathSound>
      <MaxHitPoints>50000</MaxHitPoints>
      <Size>100</Size>
      <Defense>40</Defense>
      <Exp>20000</Exp>
      <EventChestBoss/>
      <Projectile id="0">
         <ObjectId>White Bullet</ObjectId>
         <Speed>75</Speed>
         <Damage>80</Damage>
         <Size>60</Size>
         <LifetimeMS>3000</LifetimeMS>
         <ArmorPiercing/>
         <MultiHit/>
      </Projectile>
      <Projectile id="2">
         <ObjectId>Silver Shield</ObjectId>
         <Speed>42</Speed>
         <Damage>98</Damage>
         <Size>65</Size>
         <LifetimeMS>6000</LifetimeMS>
         <MultiHit/>
         <ConditionEffect duration="4">Weak</ConditionEffect>
      </Projectile>
      <Projectile id="3">
         <ObjectId>White Bullet</ObjectId>
         <Speed>40</Speed>
         <Damage>225</Damage>
         <Size>150</Size>
         <LifetimeMS>8000</LifetimeMS>
         <MultiHit/>
      </Projectile>
      <Projectile id="4">
         <ObjectId>Silver Shield</ObjectId>
         <Speed>60</Speed>
         <Damage>165</Damage>
         <Size>120</Size>
         <LifetimeMS>6000</LifetimeMS>
         <MultiHit/>
         <ConditionEffect duration="4">Weak</ConditionEffect>
      </Projectile>
      <Projectile id="5">
         <ObjectId>Orange Fairy Breath</ObjectId>
         <Speed>21</Speed>
         <Damage>150</Damage>
         <Size>100</Size>
         <LifetimeMS>8000</LifetimeMS>
         <MultiHit/>
         <Amplitude>2.1</Amplitude>
         <Frequency>3.4</Frequency>
      </Projectile>
      <Projectile id="6">
         <ObjectId>Cultist Fire Shot</ObjectId>
         <Speed>60</Speed>
         <Damage>150</Damage>
         <Size>100</Size>
         <LifetimeMS>3000</LifetimeMS>
         <MultiHit/>
         <Amplitude>1</Amplitude>
         <Frequency>2</Frequency>
      </Projectile>
      <Projectile id="7">
         <ObjectId>Fire Storm</ObjectId>
         <Size>130</Size>
         <Damage>160</Damage>
         <Speed>50</Speed>
         <LifetimeMS>4000</LifetimeMS>
         <FaceDir/>
         <MultiHit/>
      </Projectile>
   </Object>
   <Object type="0x20a2" id="Heroic Malphas Flamer">
      <Group>Flamers</Group>
      <Enemy/>
      <Class>Character</Class>
      <AnimatedTexture>
         <File>chars8x8dEncounters</File>
         <Index>1</Index>
      </AnimatedTexture>
      <HitSound>monster/demons_hit</HitSound>
      <DeathSound>monster/demons_death</DeathSound>
      <Projectile id="0">
         <ObjectId>White Flame</ObjectId>
         <Speed>80</Speed>
         <Damage>65</Damage>
         <Size>100</Size>
         <LifetimeMS>1000</LifetimeMS>
         <MultiHit/>
         <ArmorPiercing/>
         <Amplitude>0.3</Amplitude>
         <Frequency>0.5</Frequency>
      </Projectile>
      <MaxHitPoints>1500</MaxHitPoints>
      <Size>140</Size>
      <Defense>24</Defense>
      <Exp>0</Exp>
   </Object>
   <Object type="0x20a3" id="Heroic Archdemon Summoner">
      <Class>GameObject</Class>
      <Texture>
         <File>invisible</File>
         <Index>0</Index>
      </Texture>
      <Size>0</Size>
   </Object>
   <Object type="0x20a4" id="Heroic White Demon of the Abyss">
      <Group>Heroic Abyss Demons</Group>
      <Enemy/>
      <Class>Character</Class>
      <AnimatedTexture>
         <File>chars16x16dMountains1</File>
         <Index>0x00</Index>
      </AnimatedTexture>
      <HitSound>monster/greater_demons_hit</HitSound>
      <DeathSound>monster/greater_demons_death</DeathSound>
      <Size>120</Size>
      <MaxHitPoints>3000</MaxHitPoints>
      <Defense>24</Defense>
      <Flying/>
      <God/>
      <Projectile id="0">
         <ObjectId>White Demon Shot</ObjectId>
         <Damage>68</Damage>
         <Speed>50</Speed>
         <LifetimeMS>4000</LifetimeMS>
         <Size>60</Size>
         <ArmorPiercing/>
         <MultiHit/>
      </Projectile>
      <Projectile id="1">
         <ObjectId>White Ball Blast</ObjectId>
         <Damage>220</Damage>
         <Speed>30</Speed>
         <LifetimeMS>8000</LifetimeMS>
         <Size>140</Size>
         <MultiHit/>
      </Projectile>
      <Projectile id="2">
         <ObjectId>Seafoam Green Fairy Shockwave</ObjectId>
         <Damage>0</Damage>
         <Speed>55</Speed>
         <LifetimeMS>1000</LifetimeMS>
         <Size>100</Size>
         <MultiHit/>
         <ConditionEffect duration="2">Stunned</ConditionEffect>
      </Projectile>
   </Object>
   <Object type="0x20a5" id="Heroic Imp of the Abyss">
      <Group>Heroic Abyss Demons</Group>
      <Enemy/>
      <Class>Character</Class>
      <Texture>
         <File>lofiChar28x8</File>
         <Index>0x20</Index>
      </Texture>
      <HitSound>monster/abyss_demons_hit</HitSound>
      <DeathSound>monster/abyss_demons_death</DeathSound>
      <Size>100</Size>
      <MaxHitPoints>900</MaxHitPoints>
      <Defense>40</Defense>
      <Flying/>
      <Projectile id="0">
         <ObjectId>Fire Bolt</ObjectId>
         <Damage>80</Damage>
         <Speed>70</Speed>
         <LifetimeMS>6000</LifetimeMS>
      </Projectile>
   </Object>
   <Object type="0x20a6" id="Heroic Demon of the Abyss">
      <Group>Heroic Abyss Demons</Group>
      <Enemy/>
      <Class>Character</Class>
      <Texture>
         <File>lofiChar28x8</File>
         <Index>0x21</Index>
      </Texture>
      <HitSound>monster/abyss_demons_hit</HitSound>
      <DeathSound>monster/abyss_demons_death</DeathSound>
      <Size>140</Size>
      <MaxHitPoints>1250</MaxHitPoints>
      <Defense>40</Defense>
      <Projectile id="0">
         <ObjectId>Red Fire</ObjectId>
         <Damage>180</Damage>
         <Speed>50</Speed>
         <LifetimeMS>6000</LifetimeMS>
         <Size>140</Size>
      </Projectile>
      <Projectile id="1">
         <ObjectId>Fire Claw</ObjectId>
         <Damage>25</Damage>
         <Speed>90</Speed>
         <LifetimeMS>1500</LifetimeMS>
         <Size>100</Size>
         <ConditionEffect duration=".4">Paralyzed</ConditionEffect>
         <MultiHit/>
      </Projectile>
   </Object>
   <Object type="0x20a7" id="Heroic Demon Warrior of the Abyss">
      <Group>Heroic Abyss Demons</Group>
      <Enemy/>
      <Class>Character</Class>
      <Texture>
         <File>lofiChar28x8</File>
         <Index>0x22</Index>
      </Texture>
      <HitSound>monster/abyss_demons_hit</HitSound>
      <DeathSound>monster/abyss_demons_death</DeathSound>
      <Size>120</Size>
      <MaxHitPoints>1000</MaxHitPoints>
      <Defense>40</Defense>
      <Projectile id="0">
         <ObjectId>Red Fire</ObjectId>
         <Damage>120</Damage>
         <Speed>60</Speed>
         <LifetimeMS>6000</LifetimeMS>
      </Projectile>
   </Object>
   <Object type="0x20a8" id="Heroic Demon Mage of the Abyss">
      <Group>Heroic Abyss Demons</Group>
      <Enemy/>
      <Class>Character</Class>
      <Texture>
         <File>lofiChar28x8</File>
         <Index>0x23</Index>
      </Texture>
      <HitSound>monster/abyss_demons_hit</HitSound>
      <DeathSound>monster/abyss_demons_death</DeathSound>
      <Size>100</Size>
      <MaxHitPoints>900</MaxHitPoints>
      <Defense>40</Defense>
      <Projectile id="0">
         <ObjectId>Red Fire</ObjectId>
         <Damage>120</Damage>
         <Speed>80</Speed>
         <LifetimeMS>6000</LifetimeMS>
      </Projectile>
   </Object>
   <Object type="0x20a9" id="Heroic Brute of the Abyss">
      <Group>Heroic Abyss Brutes</Group>
      <Enemy/>
      <Class>Character</Class>
      <Texture>
         <File>lofiChar28x8</File>
         <Index>0x24</Index>
      </Texture>
      <HitSound>monster/abyss_brutes_hit</HitSound>
      <DeathSound>monster/abyss_brutes_death</DeathSound>
      <Size>120</Size>
      <MaxHitPoints>1000</MaxHitPoints>
      <Defense>40</Defense>
      <Projectile id="0">
         <ObjectId>Blade</ObjectId>
         <Damage>120</Damage>
         <Speed>120</Speed>
         <LifetimeMS>1200</LifetimeMS>
      </Projectile>
   </Object>
   <Object type="0x20aa" id="Heroic Brute Warrior of the Abyss">
      <Group>Heroic Abyss Brutes</Group>
      <Enemy/>
      <Class>Character</Class>
      <Texture>
         <File>lofiChar28x8</File>
         <Index>0x25</Index>
      </Texture>
      <HitSound>monster/abyss_brutes_hit</HitSound>
      <DeathSound>monster/abyss_brutes_death</DeathSound>
      <Size>100</Size>
      <MaxHitPoints>1000</MaxHitPoints>
      <Defense>40</Defense>
      <Projectile id="0">
         <ObjectId>Blade</ObjectId>
         <Damage>120</Damage>
         <Speed>120</Speed>
         <LifetimeMS>1200</LifetimeMS>
      </Projectile>
   </Object>
   <Object type="0x20ab" id="Heroic AbyssIdolDead">
      <Class>GameObject</Class>
      <Texture>
         <File>invisible</File>
         <Index>0</Index>
      </Texture>
      <Size>0</Size>
   </Object>
   <Object type="0x20ac" id="Heroic Abyss Idol">
      <Class>Character</Class>
      <Enemy/>
      <Texture>
         <File>lofiObjBig</File>
         <Index>0x2c</Index>
      </Texture>
      <MaxHitPoints>24000</MaxHitPoints>
      <Exp>68</Exp>
      <Size>180</Size>
      <StasisImmune/>
      <Defense>50</Defense>
      <HitSound>monster/stone_walls_hit</HitSound>
      <DeathSound>monster/stone_walls_hit</DeathSound>
      <Projectile id="0">
         <ObjectId>Idol Wave</ObjectId>
         <Speed>30</Speed>
         <Damage>98</Damage>
         <LifetimeMS>1600</LifetimeMS>
         <Size>140</Size>
      </Projectile>
      <Projectile id="2">
         <ObjectId>Idol Blast</ObjectId>
         <Speed>50</Speed>
         <Damage>150</Damage>
         <LifetimeMS>4800</LifetimeMS>
         <Size>160</Size>
         <ConditionEffect duration=".8">Paralyzed</ConditionEffect>
      </Projectile>
      <Projectile id="3">
         <ObjectId>Idol Blast</ObjectId>
         <Speed>60</Speed>
         <Damage>105</Damage>
         <LifetimeMS>4800</LifetimeMS>
         <Size>100</Size>
      </Projectile>
   </Object>
   <Object type="0x20ad" id="Heroic AbyssExitGuarder">
      <Class>GameObject</Class>
      <Texture>
         <File>invisible</File>
         <Index>0</Index>
      </Texture>
      <Size>0</Size>
   </Object>
   <Object type="0x20ae" id="Heroic AbyssTreasureLavaBomb">
      <Class>GameObject</Class>
      <Texture>
         <File>invisible</File>
         <Index>0</Index>
      </Texture>
      <Size>0</Size>
   </Object>
   <Object type="0x20af" id="Ancient Demon Blade">
      <Class>Equipment</Class>
      <Item/>
      <Texture>
         <File>d2LofiObjEmbed</File>
         <Index>0xeb</Index>
      </Texture>
      <SlotType>1</SlotType>
      <Description>A swift and hungry blade that is never satisfied with just one kill. This ancient weapon has become even stronger with the ages.</Description>
      <RateOfFire>1</RateOfFire>
      <Sound>weapon/glass_sword</Sound>
      <Projectile>
         <ObjectId>Fire Bolt</ObjectId>
         <Speed>160</Speed>
         <MinDamage>150</MinDamage>
         <MaxDamage>175</MaxDamage>
         <LifetimeMS>211</LifetimeMS>
      </Projectile>
      <BagType>6</BagType>
      <FameBonus>7</FameBonus>
      <NumProjectiles>2</NumProjectiles>
      <ArcGap>40</ArcGap>
      <OldSound>bladeSwing</OldSound>
      <feedPower>800</feedPower>
      <Soulbound/>
   </Object>
   <Object type="0x0908" id="Malphas Protector">
      <Group>Demons</Group>
      <Enemy/>
      <Class>Character</Class>
      <AnimatedTexture>
         <File>chars8x8rHero1</File>
         <Index>0x13</Index>
      </AnimatedTexture>
      <HitSound>monster/demons_hit</HitSound>
      <DeathSound>monster/demons_death</DeathSound>
      <Size>100</Size>
      <MaxHitPoints>900</MaxHitPoints>
      <Defense>7</Defense>
      <Exp>9</Exp>
      <Projectile id="0">
         <ObjectId>Red Fire</ObjectId>
         <Damage>50</Damage>
         <Speed>80</Speed>
         <LifetimeMS>600</LifetimeMS>
      </Projectile>
   </Object>
   <Object type="0x0909" id="Malphas Missile">
      <Group>Missiles</Group>
      <Enemy/>
      <Class>Character</Class>
      <Texture>
         <File>lofiObj2</File>
         <Index>0x47</Index>
      </Texture>
      <Projectile id="0">
         <ObjectId>Red Star</ObjectId>
         <Speed>66</Speed>
         <Damage>40</Damage>
         <Size>100</Size>
         <LifetimeMS>760</LifetimeMS>
         <MultiHit/>
      </Projectile>
      <MaxHitPoints>4000</MaxHitPoints>
      <Size>140</Size>
      <Defense>30</Defense>
      <Exp>0</Exp>
   </Object>
   <Object type="0x090a" id="Archdemon Malphas">
      <Group>Demons</Group>
      <Enemy/>
      <Class>Character</Class>
      <Flying/>
      <Quest/>
      <God/>
      <StasisImmune/>
      <AnimatedTexture>
         <File>chars16x16dEncounters</File>
         <Index>0</Index>
      </AnimatedTexture>
      <HitSound>monster/demons_hit</HitSound>
      <DeathSound>monster/demons_death</DeathSound>
      <MaxHitPoints>12000</MaxHitPoints>
      <Size>100</Size>
      <Defense>20</Defense>
      <Exp>2000</Exp>
      <EventChestBoss/>
      <TrackLoot/>
      <Projectile id="0">
         <ObjectId>White Bullet</ObjectId>
         <Speed>75</Speed>
         <Damage>60</Damage>
         <Size>60</Size>
         <LifetimeMS>1500</LifetimeMS>
         <ArmorPiercing/>
         <MultiHit/>
      </Projectile>
      <Projectile id="2">
         <ObjectId>Silver Shield</ObjectId>
         <Speed>42</Speed>
         <Damage>65</Damage>
         <Size>65</Size>
         <LifetimeMS>3000</LifetimeMS>
         <MultiHit/>
         <ConditionEffect duration="4">Weak</ConditionEffect>
      </Projectile>
      <Projectile id="3">
         <ObjectId>White Bullet</ObjectId>
         <Speed>40</Speed>
         <Damage>150</Damage>
         <Size>150</Size>
         <LifetimeMS>4000</LifetimeMS>
         <MultiHit/>
      </Projectile>
      <Projectile id="4">
         <ObjectId>Silver Shield</ObjectId>
         <Speed>60</Speed>
         <Damage>110</Damage>
         <Size>120</Size>
         <LifetimeMS>3000</LifetimeMS>
         <MultiHit/>
         <ConditionEffect duration="4">Weak</ConditionEffect>
      </Projectile>
   </Object>
   <Object type="0x090b" id="Malphas Flamer">
      <Group>Flamers</Group>
      <Enemy/>
      <Class>Character</Class>
      <AnimatedTexture>
         <File>chars8x8dEncounters</File>
         <Index>1</Index>
      </AnimatedTexture>
      <HitSound>monster/demons_hit</HitSound>
      <DeathSound>monster/demons_death</DeathSound>
      <Projectile id="0">
         <ObjectId>White Flame</ObjectId>
         <Speed>80</Speed>
         <Damage>20</Damage>
         <Size>100</Size>
         <LifetimeMS>500</LifetimeMS>
         <MultiHit/>
         <Amplitude>0.3</Amplitude>
         <Frequency>0.5</Frequency>
      </Projectile>
      <MaxHitPoints>1000</MaxHitPoints>
      <Size>100</Size>
      <Defense>6</Defense>
      <Exp>0</Exp>
   </Object>
   <Object type="0x1733" id="Archdemon Summoner">
      <Class>GameObject</Class>
      <Texture>
         <File>invisible</File>
         <Index>0</Index>
      </Texture>
      <Size>0</Size>
   </Object>
   <Object type="0x1734" id="Archdemon GroundShot">
      <Class>GameObject</Class>
      <Texture>
         <File>invisible</File>
         <Index>0</Index>
      </Texture>
      <Size>0</Size>
   </Object>
   <Object type="0x1735" id="Archdemon SafeGround">
      <Class>GameObject</Class>
      <Texture>
         <File>invisible</File>
         <Index>0</Index>
      </Texture>
      <Size>0</Size>
   </Object>
   <Object type="0x673" id="White Demon of the Abyss">
      <Group>Greater Demons</Group>
      <Enemy/>
      <Class>Character</Class>
      <AnimatedTexture>
         <File>chars16x16dMountains1</File>
         <Index>0x00</Index>
      </AnimatedTexture>
      <HitSound>monster/greater_demons_hit</HitSound>
      <DeathSound>monster/greater_demons_death</DeathSound>
      <Size>100</Size>
      <MaxHitPoints>1000</MaxHitPoints>
      <Defense>12</Defense>
      <Flying/>
      <God/>
      <Projectile id="0">
         <ObjectId>White Demon Shot</ObjectId>
         <Damage>45</Damage>
         <Speed>50</Speed>
         <LifetimeMS>2000</LifetimeMS>
         <Size>60</Size>
         <ArmorPiercing/>
         <MultiHit/>
      </Projectile>
   </Object>
   <Object type="0x66d" id="Imp of the Abyss">
      <Group>Abyss Demons</Group>
      <Enemy/>
      <Class>Character</Class>
      <Texture>
         <File>lofiChar28x8</File>
         <Index>0x20</Index>
      </Texture>
      <HitSound>monster/abyss_demons_hit</HitSound>
      <DeathSound>monster/abyss_demons_death</DeathSound>
      <Size>100</Size>
      <MaxHitPoints>300</MaxHitPoints>
      <Defense>30</Defense>
      <Flying/>
      <Projectile id="0">
         <ObjectId>Fire Bolt</ObjectId>
         <Damage>60</Damage>
         <Speed>70</Speed>
         <LifetimeMS>3000</LifetimeMS>
      </Projectile>
   </Object>
   <Object type="0x66e" id="Demon of the Abyss">
      <Group>Abyss Demons</Group>
      <Enemy/>
      <Class>Character</Class>
      <Texture>
         <File>lofiChar28x8</File>
         <Index>0x21</Index>
      </Texture>
      <HitSound>monster/abyss_demons_hit</HitSound>
      <DeathSound>monster/abyss_demons_death</DeathSound>
      <Size>100</Size>
      <MaxHitPoints>400</MaxHitPoints>
      <Defense>30</Defense>
      <Projectile id="0">
         <ObjectId>Red Fire</ObjectId>
         <Damage>120</Damage>
         <Speed>50</Speed>
         <LifetimeMS>3000</LifetimeMS>
         <Size>140</Size>
      </Projectile>
   </Object>
   <Object type="0x66f" id="Demon Warrior of the Abyss">
      <Group>Abyss Demons</Group>
      <Enemy/>
      <Class>Character</Class>
      <Texture>
         <File>lofiChar28x8</File>
         <Index>0x22</Index>
      </Texture>
      <HitSound>monster/abyss_demons_hit</HitSound>
      <DeathSound>monster/abyss_demons_death</DeathSound>
      <Size>100</Size>
      <MaxHitPoints>400</MaxHitPoints>
      <Defense>30</Defense>
      <Projectile id="0">
         <ObjectId>Red Fire</ObjectId>
         <Damage>80</Damage>
         <Speed>60</Speed>
         <LifetimeMS>3000</LifetimeMS>
      </Projectile>
   </Object>
   <Object type="0x670" id="Demon Mage of the Abyss">
      <Group>Abyss Demons</Group>
      <Enemy/>
      <Class>Character</Class>
      <Texture>
         <File>lofiChar28x8</File>
         <Index>0x23</Index>
      </Texture>
      <HitSound>monster/abyss_demons_hit</HitSound>
      <DeathSound>monster/abyss_demons_death</DeathSound>
      <Size>100</Size>
      <MaxHitPoints>350</MaxHitPoints>
      <Defense>30</Defense>
      <Projectile id="0">
         <ObjectId>Red Fire</ObjectId>
         <Damage>80</Damage>
         <Speed>80</Speed>
         <LifetimeMS>3000</LifetimeMS>
      </Projectile>
   </Object>
   <Object type="0x671" id="Brute of the Abyss">
      <Group>Abyss Brutes</Group>
      <Enemy/>
      <Class>Character</Class>
      <Texture>
         <File>lofiChar28x8</File>
         <Index>0x24</Index>
      </Texture>
      <HitSound>monster/abyss_brutes_hit</HitSound>
      <DeathSound>monster/abyss_brutes_death</DeathSound>
      <Size>100</Size>
      <MaxHitPoints>500</MaxHitPoints>
      <Defense>30</Defense>
      <Projectile id="0">
         <ObjectId>Blade</ObjectId>
         <Damage>80</Damage>
         <Speed>120</Speed>
         <LifetimeMS>400</LifetimeMS>
      </Projectile>
   </Object>
   <Object type="0x672" id="Brute Warrior of the Abyss">
      <Group>Abyss Brutes</Group>
      <Enemy/>
      <Class>Character</Class>
      <Texture>
         <File>lofiChar28x8</File>
         <Index>0x25</Index>
      </Texture>
      <HitSound>monster/abyss_brutes_hit</HitSound>
      <DeathSound>monster/abyss_brutes_death</DeathSound>
      <Size>100</Size>
      <MaxHitPoints>500</MaxHitPoints>
      <Defense>30</Defense>
      <Projectile id="0">
         <ObjectId>Blade</ObjectId>
         <Damage>80</Damage>
         <Speed>120</Speed>
         <LifetimeMS>400</LifetimeMS>
      </Projectile>
   </Object>
   <Object type="0x0e1e" id="AbyssIdolDead">
      <Class>GameObject</Class>
      <Texture>
         <File>invisible</File>
         <Index>0</Index>
      </Texture>
      <Size>0</Size>
   </Object>
   <Object type="0x0e1d" id="Abyss Idol">
      <Class>Character</Class>
      <Enemy/>
      <Texture>
         <File>lofiObjBig</File>
         <Index>0x2c</Index>
      </Texture>
      <MaxHitPoints>25000</MaxHitPoints>
      <Exp>68</Exp>
      <Size>120</Size>
      <StasisImmune/>
      <Defense>30</Defense>
      <HitSound>monster/stone_walls_hit</HitSound>
      <DeathSound>monster/stone_walls_hit</DeathSound>
      <Projectile id="0">
         <ObjectId>Idol Wave</ObjectId>
         <Speed>30</Speed>
         <Damage>65</Damage>
         <LifetimeMS>400</LifetimeMS>
         <Size>140</Size>
      </Projectile>
      <Projectile id="2">
         <ObjectId>Idol Blast</ObjectId>
         <Speed>50</Speed>
         <Damage>100</Damage>
         <LifetimeMS>1600</LifetimeMS>
         <Size>160</Size>
         <ConditionEffect duration=".8">Paralyzed</ConditionEffect>
      </Projectile>
      <Projectile id="3">
         <ObjectId>Idol Blast</ObjectId>
         <Speed>60</Speed>
         <Damage>70</Damage>
         <LifetimeMS>1600</LifetimeMS>
         <Size>100</Size>
      </Projectile>
   </Object>
   <Object type="0x0e1c" id="AbyssExitGuarder">
      <Class>GameObject</Class>
      <Texture>
         <File>invisible</File>
         <Index>0</Index>
      </Texture>
      <Size>0</Size>
   </Object>
   <Object type="0x0e1b" id="LavaTrigger">
      <Class>GameObject</Class>
      <Texture>
         <File>invisible</File>
         <Index>0</Index>
      </Texture>
      <Size>0</Size>
   </Object>
   <Object type="0x0e1a" id="AbyssTreasureLavaBomb">
      <Class>GameObject</Class>
      <Texture>
         <File>invisible</File>
         <Index>0</Index>
      </Texture>
      <Size>0</Size>
   </Object>
</Objects>
