<?xml version="1.0" encoding="ISO-8859-1"?>

<GroundTypes>
   <Ground type="0xb16e" id="LOD Black Tile">
      <RandomTexture>
         <Texture>
            <File>lairOfDraconisObjects8x8</File>
            <Index>0x23</Index>
         </Texture>
         <Texture>
            <File>lairOfDraconisObjects8x8</File>
            <Index>0x23</Index>
         </Texture>
         <Texture>
            <File>lairOfDraconisObjects8x8</File>
            <Index>0x24</Index>
         </Texture>
         <Texture>
            <File>lairOfDraconisObjects8x8</File>
            <Index>0x24</Index>
         </Texture>
         <Texture>
            <File>lairOfDraconisObjects8x8</File>
            <Index>0x25</Index>
         </Texture>
      </RandomTexture>
   </Ground>
   <Ground type="0xb16f" id="LOD Blue Tile">
      <RandomTexture>
         <Texture>
            <File>lairOfDraconisObjects8x8</File>
            <Index>0x26</Index>
         </Texture>
         <Texture>
            <File>lairOfDraconisObjects8x8</File>
            <Index>0x26</Index>
         </Texture>
         <Texture>
            <File>lairOfDraconisObjects8x8</File>
            <Index>0x27</Index>
         </Texture>
         <Texture>
            <File>lairOfDraconisObjects8x8</File>
            <Index>0x27</Index>
         </Texture>
         <Texture>
            <File>lairOfDraconisObjects8x8</File>
            <Index>0x28</Index>
         </Texture>
      </RandomTexture>
   </Ground>
   <Ground type="0xb170" id="LOD Green Tile">
      <RandomTexture>
         <Texture>
            <File>lairOfDraconisObjects8x8</File>
            <Index>0x29</Index>
         </Texture>
         <Texture>
            <File>lairOfDraconisObjects8x8</File>
            <Index>0x29</Index>
         </Texture>
         <Texture>
            <File>lairOfDraconisObjects8x8</File>
            <Index>0x2a</Index>
         </Texture>
         <Texture>
            <File>lairOfDraconisObjects8x8</File>
            <Index>0x2a</Index>
         </Texture>
         <Texture>
            <File>lairOfDraconisObjects8x8</File>
            <Index>0x2b</Index>
         </Texture>
      </RandomTexture>
   </Ground>
   <Ground type="0xb171" id="LOD Red Tile">
      <RandomTexture>
         <Texture>
            <File>lairOfDraconisObjects8x8</File>
            <Index>0x2c</Index>
         </Texture>
         <Texture>
            <File>lairOfDraconisObjects8x8</File>
            <Index>0x2c</Index>
         </Texture>
         <Texture>
            <File>lairOfDraconisObjects8x8</File>
            <Index>0x2d</Index>
         </Texture>
         <Texture>
            <File>lairOfDraconisObjects8x8</File>
            <Index>0x2d</Index>
         </Texture>
         <Texture>
            <File>lairOfDraconisObjects8x8</File>
            <Index>0x2e</Index>
         </Texture>
      </RandomTexture>
   </Ground>
   <Ground type="0xb172" id="LOD Gold Tile">
      <RandomTexture>
         <Texture>
            <File>lairOfDraconisObjects8x8</File>
            <Index>0x2f</Index>
         </Texture>
         <Texture>
            <File>lairOfDraconisObjects8x8</File>
            <Index>0x30</Index>
         </Texture>
         <Texture>
            <File>lairOfDraconisObjects8x8</File>
            <Index>0x31</Index>
         </Texture>
         <Texture>
            <File>lairOfDraconisObjects8x8</File>
            <Index>0x32</Index>
         </Texture>
         <Texture>
            <File>lairOfDraconisObjects8x8</File>
            <Index>0x33</Index>
         </Texture>
      </RandomTexture>
   </Ground>
   <Ground type="0xb173" id="LOD White Tile">
      <Texture>
         <File>lairOfDraconisObjects8x8</File>
         <Index>0x34</Index>
      </Texture>
   </Ground>
   <Ground type="0xb174" id="LOD White Tile Dark">
      <Texture>
         <File>lairOfDraconisObjects8x8</File>
         <Index>0x35</Index>
      </Texture>
   </Ground>
   <Ground type="0xb175" id="LOD Water">
      <Texture>
         <File>lairOfDraconisObjects8x8</File>
         <Index>0x5e</Index>
      </Texture>
      <XOffset>.0625</XOffset>
      <YOffset>.0625</YOffset>
      <Speed>0.55</Speed>
      <BlendPriority>2</BlendPriority>
      <Animate dx=".33" dy=".33">Flow</Animate>
      <Sink/>
   </Ground>
   <Ground type="0xb176" id="LOD Mud">
      <Texture>
         <File>lairOfDraconisObjects8x8</File>
         <Index>0x60</Index>
      </Texture>
      <XOffset>.0625</XOffset>
      <YOffset>.0625</YOffset>
      <Speed>0.35</Speed>
      <BlendPriority>1</BlendPriority>
      <Animate dx=".1" dy=".1">Flow</Animate>
      <Sink/>
   </Ground>
   <Ground type="0xb177" id="LOD Really Hot Water">
      <DisplayId>Scorching Water</DisplayId>
      <Texture>
         <File>lairOfDraconisObjects8x8</File>
         <Index>0x61</Index>
      </Texture>
      <XOffset>.0625</XOffset>
      <YOffset>.0625</YOffset>
      <Speed>0.7</Speed>
      <BlendPriority>1</BlendPriority>
      <MinDamage>20</MinDamage>
      <MaxDamage>20</MaxDamage>
      <Animate dx=".33" dy=".33">Flow</Animate>
      <Sink/>
   </Ground>
   <Ground type="0xb178" id="LOD Not Petrol 1">
      <Texture>
         <File>lairOfDraconisObjects8x8</File>
         <Index>0xc0</Index>
      </Texture>
      <BlendPriority>1</BlendPriority>
      <SlideAmount>0.999</SlideAmount>
   </Ground>
   <Ground type="0xb179" id="LOD Icey Ice">
      <RandomTexture>
         <Texture>
            <File>lairOfDraconisObjects8x8</File>
            <Index>0xc0</Index>
         </Texture>
         <Texture>
            <File>lairOfDraconisObjects8x8</File>
            <Index>0xc1</Index>
         </Texture>
         <Texture>
            <File>lairOfDraconisObjects8x8</File>
            <Index>0xc2</Index>
         </Texture>
         <Texture>
            <File>lairOfDraconisObjects8x8</File>
            <Index>0xc3</Index>
         </Texture>
         <Texture>
            <File>lairOfDraconisObjects8x8</File>
            <Index>0xc4</Index>
         </Texture>
         <Texture>
            <File>lairOfDraconisObjects8x8</File>
            <Index>0xc5</Index>
         </Texture>
         <Texture>
            <File>lairOfDraconisObjects8x8</File>
            <Index>0xc6</Index>
         </Texture>
         <Texture>
            <File>lairOfDraconisObjects8x8</File>
            <Index>0xc7</Index>
         </Texture>
      </RandomTexture>
      <SlideAmount>0.95</SlideAmount>
      <BlendPriority>1</BlendPriority>
      <Speed>1</Speed>
   </Ground>
   <Ground type="0xb17a" id="LOD Ashes">
      <Texture>
         <File>lairOfDraconisObjects8x8</File>
         <Index>0x48</Index>
      </Texture>
      <Speed>0.65</Speed>
      <BlendPriority>2</BlendPriority>
   </Ground>
   <Ground type="0xb17b" id="LOD Miasma Black">
      <DisplayId>Miasma</DisplayId>
      <RandomTexture>
         <Texture>
            <File>lairOfDraconisObjects8x8</File>
            <Index>0x23</Index>
         </Texture>
         <Texture>
            <File>lairOfDraconisObjects8x8</File>
            <Index>0x23</Index>
         </Texture>
         <Texture>
            <File>lairOfDraconisObjects8x8</File>
            <Index>0x24</Index>
         </Texture>
         <Texture>
            <File>lairOfDraconisObjects8x8</File>
            <Index>0x24</Index>
         </Texture>
         <Texture>
            <File>lairOfDraconisObjects8x8</File>
            <Index>0x25</Index>
         </Texture>
      </RandomTexture>
      <Top>
         <Texture>
            <File>lairOfDraconisObjects8x8</File>
            <Index>0x70</Index>
         </Texture>
      </Top>
      <MinDamage>80</MinDamage>
      <MaxDamage>80</MaxDamage>
      <TopAnimate dx=".1" dy=".1">Wave</TopAnimate>
      <Color>0x2A0093</Color>
   </Ground>
   <Ground type="0xb17c" id="LOD Miasma Black Right">
      <DisplayId>Miasma</DisplayId>
      <RandomTexture>
         <Texture>
            <File>lairOfDraconisObjects8x8</File>
            <Index>0x23</Index>
         </Texture>
         <Texture>
            <File>lairOfDraconisObjects8x8</File>
            <Index>0x23</Index>
         </Texture>
         <Texture>
            <File>lairOfDraconisObjects8x8</File>
            <Index>0x24</Index>
         </Texture>
         <Texture>
            <File>lairOfDraconisObjects8x8</File>
            <Index>0x24</Index>
         </Texture>
         <Texture>
            <File>lairOfDraconisObjects8x8</File>
            <Index>0x25</Index>
         </Texture>
      </RandomTexture>
      <Top>
         <Texture>
            <File>lairOfDraconisObjects8x8</File>
            <Index>0x71</Index>
         </Texture>
      </Top>
      <Color>0x2A0093</Color>
   </Ground>
   <Ground type="0xb17d" id="LOD Miasma Black Down">
      <DisplayId>Miasma</DisplayId>
      <RandomTexture>
         <Texture>
            <File>lairOfDraconisObjects8x8</File>
            <Index>0x23</Index>
         </Texture>
         <Texture>
            <File>lairOfDraconisObjects8x8</File>
            <Index>0x23</Index>
         </Texture>
         <Texture>
            <File>lairOfDraconisObjects8x8</File>
            <Index>0x24</Index>
         </Texture>
         <Texture>
            <File>lairOfDraconisObjects8x8</File>
            <Index>0x24</Index>
         </Texture>
         <Texture>
            <File>lairOfDraconisObjects8x8</File>
            <Index>0x25</Index>
         </Texture>
      </RandomTexture>
      <Top>
         <Texture>
            <File>lairOfDraconisObjects8x8</File>
            <Index>0x72</Index>
         </Texture>
      </Top>
      <Color>0x2A0093</Color>
   </Ground>
   <Ground type="0xb17e" id="LOD Miasma Black Left">
      <DisplayId>Miasma</DisplayId>
      <RandomTexture>
         <Texture>
            <File>lairOfDraconisObjects8x8</File>
            <Index>0x23</Index>
         </Texture>
         <Texture>
            <File>lairOfDraconisObjects8x8</File>
            <Index>0x23</Index>
         </Texture>
         <Texture>
            <File>lairOfDraconisObjects8x8</File>
            <Index>0x24</Index>
         </Texture>
         <Texture>
            <File>lairOfDraconisObjects8x8</File>
            <Index>0x24</Index>
         </Texture>
         <Texture>
            <File>lairOfDraconisObjects8x8</File>
            <Index>0x25</Index>
         </Texture>
      </RandomTexture>
      <Top>
         <Texture>
            <File>lairOfDraconisObjects8x8</File>
            <Index>0x73</Index>
         </Texture>
      </Top>
      <Color>0x2A0093</Color>
   </Ground>
   <Ground type="0xb17f" id="LOD Miasma Black Up">
      <DisplayId>Miasma</DisplayId>
      <RandomTexture>
         <Texture>
            <File>lairOfDraconisObjects8x8</File>
            <Index>0x23</Index>
         </Texture>
         <Texture>
            <File>lairOfDraconisObjects8x8</File>
            <Index>0x23</Index>
         </Texture>
         <Texture>
            <File>lairOfDraconisObjects8x8</File>
            <Index>0x24</Index>
         </Texture>
         <Texture>
            <File>lairOfDraconisObjects8x8</File>
            <Index>0x24</Index>
         </Texture>
         <Texture>
            <File>lairOfDraconisObjects8x8</File>
            <Index>0x25</Index>
         </Texture>
      </RandomTexture>
      <Top>
         <Texture>
            <File>lairOfDraconisObjects8x8</File>
            <Index>0x74</Index>
         </Texture>
      </Top>
      <Color>0x2A0093</Color>
   </Ground>
   <Ground type="0xb180" id="LOD Miasma Black TR">
      <DisplayId>Miasma</DisplayId>
      <RandomTexture>
         <Texture>
            <File>lairOfDraconisObjects8x8</File>
            <Index>0x23</Index>
         </Texture>
         <Texture>
            <File>lairOfDraconisObjects8x8</File>
            <Index>0x23</Index>
         </Texture>
         <Texture>
            <File>lairOfDraconisObjects8x8</File>
            <Index>0x24</Index>
         </Texture>
         <Texture>
            <File>lairOfDraconisObjects8x8</File>
            <Index>0x24</Index>
         </Texture>
         <Texture>
            <File>lairOfDraconisObjects8x8</File>
            <Index>0x25</Index>
         </Texture>
      </RandomTexture>
      <Top>
         <Texture>
            <File>lairOfDraconisObjects8x8</File>
            <Index>0x75</Index>
         </Texture>
      </Top>
      <Color>0x2A0093</Color>
   </Ground>
   <Ground type="0xb181" id="LOD Miasma Black BR">
      <DisplayId>Miasma</DisplayId>
      <RandomTexture>
         <Texture>
            <File>lairOfDraconisObjects8x8</File>
            <Index>0x23</Index>
         </Texture>
         <Texture>
            <File>lairOfDraconisObjects8x8</File>
            <Index>0x23</Index>
         </Texture>
         <Texture>
            <File>lairOfDraconisObjects8x8</File>
            <Index>0x24</Index>
         </Texture>
         <Texture>
            <File>lairOfDraconisObjects8x8</File>
            <Index>0x24</Index>
         </Texture>
         <Texture>
            <File>lairOfDraconisObjects8x8</File>
            <Index>0x25</Index>
         </Texture>
      </RandomTexture>
      <Top>
         <Texture>
            <File>lairOfDraconisObjects8x8</File>
            <Index>0x76</Index>
         </Texture>
      </Top>
      <Color>0x2A0093</Color>
   </Ground>
   <Ground type="0xb182" id="LOD Miasma Black BL">
      <DisplayId>Miasma</DisplayId>
      <RandomTexture>
         <Texture>
            <File>lairOfDraconisObjects8x8</File>
            <Index>0x23</Index>
         </Texture>
         <Texture>
            <File>lairOfDraconisObjects8x8</File>
            <Index>0x23</Index>
         </Texture>
         <Texture>
            <File>lairOfDraconisObjects8x8</File>
            <Index>0x24</Index>
         </Texture>
         <Texture>
            <File>lairOfDraconisObjects8x8</File>
            <Index>0x24</Index>
         </Texture>
         <Texture>
            <File>lairOfDraconisObjects8x8</File>
            <Index>0x25</Index>
         </Texture>
      </RandomTexture>
      <Top>
         <Texture>
            <File>lairOfDraconisObjects8x8</File>
            <Index>0x77</Index>
         </Texture>
      </Top>
      <Color>0x2A0093</Color>
   </Ground>
   <Ground type="0xb183" id="LOD Miasma Black TL">
      <DisplayId>Miasma</DisplayId>
      <RandomTexture>
         <Texture>
            <File>lairOfDraconisObjects8x8</File>
            <Index>0x23</Index>
         </Texture>
         <Texture>
            <File>lairOfDraconisObjects8x8</File>
            <Index>0x23</Index>
         </Texture>
         <Texture>
            <File>lairOfDraconisObjects8x8</File>
            <Index>0x24</Index>
         </Texture>
         <Texture>
            <File>lairOfDraconisObjects8x8</File>
            <Index>0x24</Index>
         </Texture>
         <Texture>
            <File>lairOfDraconisObjects8x8</File>
            <Index>0x25</Index>
         </Texture>
      </RandomTexture>
      <Top>
         <Texture>
            <File>lairOfDraconisObjects8x8</File>
            <Index>0x78</Index>
         </Texture>
      </Top>
      <Color>0x2A0093</Color>
   </Ground>
   <Ground type="0xb16c" id="LOD Miasma Black Inner BR">
      <DisplayId>Miasma</DisplayId>
      <RandomTexture>
         <Texture>
            <File>lairOfDraconisObjects8x8</File>
            <Index>0x23</Index>
         </Texture>
         <Texture>
            <File>lairOfDraconisObjects8x8</File>
            <Index>0x23</Index>
         </Texture>
         <Texture>
            <File>lairOfDraconisObjects8x8</File>
            <Index>0x24</Index>
         </Texture>
         <Texture>
            <File>lairOfDraconisObjects8x8</File>
            <Index>0x24</Index>
         </Texture>
         <Texture>
            <File>lairOfDraconisObjects8x8</File>
            <Index>0x25</Index>
         </Texture>
      </RandomTexture>
      <Top>
         <Texture>
            <File>lairOfDraconisObjects8x8</File>
            <Index>0x79</Index>
         </Texture>
      </Top>
      <Color>0x2A0093</Color>
   </Ground>
   <Ground type="0xb16b" id="LOD Miasma Black Inner BL">
      <DisplayId>Miasma</DisplayId>
      <RandomTexture>
         <Texture>
            <File>lairOfDraconisObjects8x8</File>
            <Index>0x23</Index>
         </Texture>
         <Texture>
            <File>lairOfDraconisObjects8x8</File>
            <Index>0x23</Index>
         </Texture>
         <Texture>
            <File>lairOfDraconisObjects8x8</File>
            <Index>0x24</Index>
         </Texture>
         <Texture>
            <File>lairOfDraconisObjects8x8</File>
            <Index>0x24</Index>
         </Texture>
         <Texture>
            <File>lairOfDraconisObjects8x8</File>
            <Index>0x25</Index>
         </Texture>
      </RandomTexture>
      <Top>
         <Texture>
            <File>lairOfDraconisObjects8x8</File>
            <Index>0x7a</Index>
         </Texture>
      </Top>
      <Color>0x2A0093</Color>
   </Ground>
   <Ground type="0xb16a" id="LOD Miasma Black Inner TL">
      <DisplayId>Miasma</DisplayId>
      <RandomTexture>
         <Texture>
            <File>lairOfDraconisObjects8x8</File>
            <Index>0x23</Index>
         </Texture>
         <Texture>
            <File>lairOfDraconisObjects8x8</File>
            <Index>0x23</Index>
         </Texture>
         <Texture>
            <File>lairOfDraconisObjects8x8</File>
            <Index>0x24</Index>
         </Texture>
         <Texture>
            <File>lairOfDraconisObjects8x8</File>
            <Index>0x24</Index>
         </Texture>
         <Texture>
            <File>lairOfDraconisObjects8x8</File>
            <Index>0x25</Index>
         </Texture>
      </RandomTexture>
      <Top>
         <Texture>
            <File>lairOfDraconisObjects8x8</File>
            <Index>0x7b</Index>
         </Texture>
      </Top>
      <Color>0x2A0093</Color>
   </Ground>
   <Ground type="0xb169" id="LOD Miasma Black Inner TR">
      <DisplayId>Miasma</DisplayId>
      <RandomTexture>
         <Texture>
            <File>lairOfDraconisObjects8x8</File>
            <Index>0x23</Index>
         </Texture>
         <Texture>
            <File>lairOfDraconisObjects8x8</File>
            <Index>0x23</Index>
         </Texture>
         <Texture>
            <File>lairOfDraconisObjects8x8</File>
            <Index>0x24</Index>
         </Texture>
         <Texture>
            <File>lairOfDraconisObjects8x8</File>
            <Index>0x24</Index>
         </Texture>
         <Texture>
            <File>lairOfDraconisObjects8x8</File>
            <Index>0x25</Index>
         </Texture>
      </RandomTexture>
      <Top>
         <Texture>
            <File>lairOfDraconisObjects8x8</File>
            <Index>0x7c</Index>
         </Texture>
      </Top>
      <Color>0x2A0093</Color>
   </Ground>
   <Ground type="0xb184" id="LOD Miasma Blue">
      <DisplayId>Miasma</DisplayId>
      <RandomTexture>
         <Texture>
            <File>lairOfDraconisObjects8x8</File>
            <Index>0x23</Index>
         </Texture>
         <Texture>
            <File>lairOfDraconisObjects8x8</File>
            <Index>0x23</Index>
         </Texture>
         <Texture>
            <File>lairOfDraconisObjects8x8</File>
            <Index>0x24</Index>
         </Texture>
         <Texture>
            <File>lairOfDraconisObjects8x8</File>
            <Index>0x24</Index>
         </Texture>
         <Texture>
            <File>lairOfDraconisObjects8x8</File>
            <Index>0x25</Index>
         </Texture>
      </RandomTexture>
      <Top>
         <Texture>
            <File>lairOfDraconisObjects8x8</File>
            <Index>0x80</Index>
         </Texture>
      </Top>
      <MinDamage>80</MinDamage>
      <MaxDamage>80</MaxDamage>
      <TopAnimate dx=".1" dy=".1">Wave</TopAnimate>
      <Color>0x001586</Color>
   </Ground>
   <Ground type="0xb185" id="LOD Miasma Blue Right">
      <DisplayId>Miasma</DisplayId>
      <RandomTexture>
         <Texture>
            <File>lairOfDraconisObjects8x8</File>
            <Index>0x23</Index>
         </Texture>
         <Texture>
            <File>lairOfDraconisObjects8x8</File>
            <Index>0x23</Index>
         </Texture>
         <Texture>
            <File>lairOfDraconisObjects8x8</File>
            <Index>0x24</Index>
         </Texture>
         <Texture>
            <File>lairOfDraconisObjects8x8</File>
            <Index>0x24</Index>
         </Texture>
         <Texture>
            <File>lairOfDraconisObjects8x8</File>
            <Index>0x25</Index>
         </Texture>
      </RandomTexture>
      <Top>
         <Texture>
            <File>lairOfDraconisObjects8x8</File>
            <Index>0x81</Index>
         </Texture>
      </Top>
      <Color>0x001586</Color>
   </Ground>
   <Ground type="0xb186" id="LOD Miasma Blue Down">
      <DisplayId>Miasma</DisplayId>
      <RandomTexture>
         <Texture>
            <File>lairOfDraconisObjects8x8</File>
            <Index>0x23</Index>
         </Texture>
         <Texture>
            <File>lairOfDraconisObjects8x8</File>
            <Index>0x23</Index>
         </Texture>
         <Texture>
            <File>lairOfDraconisObjects8x8</File>
            <Index>0x24</Index>
         </Texture>
         <Texture>
            <File>lairOfDraconisObjects8x8</File>
            <Index>0x24</Index>
         </Texture>
         <Texture>
            <File>lairOfDraconisObjects8x8</File>
            <Index>0x25</Index>
         </Texture>
      </RandomTexture>
      <Top>
         <Texture>
            <File>lairOfDraconisObjects8x8</File>
            <Index>0x82</Index>
         </Texture>
      </Top>
      <Color>0x001586</Color>
   </Ground>
   <Ground type="0xb187" id="LOD Miasma Blue Left">
      <DisplayId>Miasma</DisplayId>
      <RandomTexture>
         <Texture>
            <File>lairOfDraconisObjects8x8</File>
            <Index>0x23</Index>
         </Texture>
         <Texture>
            <File>lairOfDraconisObjects8x8</File>
            <Index>0x23</Index>
         </Texture>
         <Texture>
            <File>lairOfDraconisObjects8x8</File>
            <Index>0x24</Index>
         </Texture>
         <Texture>
            <File>lairOfDraconisObjects8x8</File>
            <Index>0x24</Index>
         </Texture>
         <Texture>
            <File>lairOfDraconisObjects8x8</File>
            <Index>0x25</Index>
         </Texture>
      </RandomTexture>
      <Top>
         <Texture>
            <File>lairOfDraconisObjects8x8</File>
            <Index>0x83</Index>
         </Texture>
      </Top>
      <Color>0x001586</Color>
   </Ground>
   <Ground type="0xb188" id="LOD Miasma Blue Up">
      <DisplayId>Miasma</DisplayId>
      <RandomTexture>
         <Texture>
            <File>lairOfDraconisObjects8x8</File>
            <Index>0x23</Index>
         </Texture>
         <Texture>
            <File>lairOfDraconisObjects8x8</File>
            <Index>0x23</Index>
         </Texture>
         <Texture>
            <File>lairOfDraconisObjects8x8</File>
            <Index>0x24</Index>
         </Texture>
         <Texture>
            <File>lairOfDraconisObjects8x8</File>
            <Index>0x24</Index>
         </Texture>
         <Texture>
            <File>lairOfDraconisObjects8x8</File>
            <Index>0x25</Index>
         </Texture>
      </RandomTexture>
      <Top>
         <Texture>
            <File>lairOfDraconisObjects8x8</File>
            <Index>0x84</Index>
         </Texture>
      </Top>
      <Color>0x001586</Color>
   </Ground>
   <Ground type="0xb189" id="LOD Miasma Blue TR">
      <DisplayId>Miasma</DisplayId>
      <RandomTexture>
         <Texture>
            <File>lairOfDraconisObjects8x8</File>
            <Index>0x23</Index>
         </Texture>
         <Texture>
            <File>lairOfDraconisObjects8x8</File>
            <Index>0x23</Index>
         </Texture>
         <Texture>
            <File>lairOfDraconisObjects8x8</File>
            <Index>0x24</Index>
         </Texture>
         <Texture>
            <File>lairOfDraconisObjects8x8</File>
            <Index>0x24</Index>
         </Texture>
         <Texture>
            <File>lairOfDraconisObjects8x8</File>
            <Index>0x25</Index>
         </Texture>
      </RandomTexture>
      <Top>
         <Texture>
            <File>lairOfDraconisObjects8x8</File>
            <Index>0x85</Index>
         </Texture>
      </Top>
      <Color>0x001586</Color>
   </Ground>
   <Ground type="0xb18a" id="LOD Miasma Blue BR">
      <DisplayId>Miasma</DisplayId>
      <RandomTexture>
         <Texture>
            <File>lairOfDraconisObjects8x8</File>
            <Index>0x23</Index>
         </Texture>
         <Texture>
            <File>lairOfDraconisObjects8x8</File>
            <Index>0x23</Index>
         </Texture>
         <Texture>
            <File>lairOfDraconisObjects8x8</File>
            <Index>0x24</Index>
         </Texture>
         <Texture>
            <File>lairOfDraconisObjects8x8</File>
            <Index>0x24</Index>
         </Texture>
         <Texture>
            <File>lairOfDraconisObjects8x8</File>
            <Index>0x25</Index>
         </Texture>
      </RandomTexture>
      <Top>
         <Texture>
            <File>lairOfDraconisObjects8x8</File>
            <Index>0x86</Index>
         </Texture>
      </Top>
      <Color>0x001586</Color>
   </Ground>
   <Ground type="0xb18b" id="LOD Miasma Blue BL">
      <DisplayId>Miasma</DisplayId>
      <RandomTexture>
         <Texture>
            <File>lairOfDraconisObjects8x8</File>
            <Index>0x23</Index>
         </Texture>
         <Texture>
            <File>lairOfDraconisObjects8x8</File>
            <Index>0x23</Index>
         </Texture>
         <Texture>
            <File>lairOfDraconisObjects8x8</File>
            <Index>0x24</Index>
         </Texture>
         <Texture>
            <File>lairOfDraconisObjects8x8</File>
            <Index>0x24</Index>
         </Texture>
         <Texture>
            <File>lairOfDraconisObjects8x8</File>
            <Index>0x25</Index>
         </Texture>
      </RandomTexture>
      <Top>
         <Texture>
            <File>lairOfDraconisObjects8x8</File>
            <Index>0x87</Index>
         </Texture>
      </Top>
      <Color>0x001586</Color>
   </Ground>
   <Ground type="0xb18c" id="LOD Miasma Blue TL">
      <DisplayId>Miasma</DisplayId>
      <RandomTexture>
         <Texture>
            <File>lairOfDraconisObjects8x8</File>
            <Index>0x23</Index>
         </Texture>
         <Texture>
            <File>lairOfDraconisObjects8x8</File>
            <Index>0x23</Index>
         </Texture>
         <Texture>
            <File>lairOfDraconisObjects8x8</File>
            <Index>0x24</Index>
         </Texture>
         <Texture>
            <File>lairOfDraconisObjects8x8</File>
            <Index>0x24</Index>
         </Texture>
         <Texture>
            <File>lairOfDraconisObjects8x8</File>
            <Index>0x25</Index>
         </Texture>
      </RandomTexture>
      <Top>
         <Texture>
            <File>lairOfDraconisObjects8x8</File>
            <Index>0x88</Index>
         </Texture>
      </Top>
      <Color>0x001586</Color>
   </Ground>
   <Ground type="0xb168" id="LOD Miasma Blue Inner BR">
      <DisplayId>Miasma</DisplayId>
      <RandomTexture>
         <Texture>
            <File>lairOfDraconisObjects8x8</File>
            <Index>0x23</Index>
         </Texture>
         <Texture>
            <File>lairOfDraconisObjects8x8</File>
            <Index>0x23</Index>
         </Texture>
         <Texture>
            <File>lairOfDraconisObjects8x8</File>
            <Index>0x24</Index>
         </Texture>
         <Texture>
            <File>lairOfDraconisObjects8x8</File>
            <Index>0x24</Index>
         </Texture>
         <Texture>
            <File>lairOfDraconisObjects8x8</File>
            <Index>0x25</Index>
         </Texture>
      </RandomTexture>
      <Top>
         <Texture>
            <File>lairOfDraconisObjects8x8</File>
            <Index>0x89</Index>
         </Texture>
      </Top>
      <Color>0x001586</Color>
   </Ground>
   <Ground type="0xb167" id="LOD Miasma Blue Inner BL">
      <DisplayId>Miasma</DisplayId>
      <RandomTexture>
         <Texture>
            <File>lairOfDraconisObjects8x8</File>
            <Index>0x23</Index>
         </Texture>
         <Texture>
            <File>lairOfDraconisObjects8x8</File>
            <Index>0x23</Index>
         </Texture>
         <Texture>
            <File>lairOfDraconisObjects8x8</File>
            <Index>0x24</Index>
         </Texture>
         <Texture>
            <File>lairOfDraconisObjects8x8</File>
            <Index>0x24</Index>
         </Texture>
         <Texture>
            <File>lairOfDraconisObjects8x8</File>
            <Index>0x25</Index>
         </Texture>
      </RandomTexture>
      <Top>
         <Texture>
            <File>lairOfDraconisObjects8x8</File>
            <Index>0x8a</Index>
         </Texture>
      </Top>
      <Color>0x001586</Color>
   </Ground>
   <Ground type="0xb166" id="LOD Miasma Blue Inner TL">
      <DisplayId>Miasma</DisplayId>
      <RandomTexture>
         <Texture>
            <File>lairOfDraconisObjects8x8</File>
            <Index>0x23</Index>
         </Texture>
         <Texture>
            <File>lairOfDraconisObjects8x8</File>
            <Index>0x23</Index>
         </Texture>
         <Texture>
            <File>lairOfDraconisObjects8x8</File>
            <Index>0x24</Index>
         </Texture>
         <Texture>
            <File>lairOfDraconisObjects8x8</File>
            <Index>0x24</Index>
         </Texture>
         <Texture>
            <File>lairOfDraconisObjects8x8</File>
            <Index>0x25</Index>
         </Texture>
      </RandomTexture>
      <Top>
         <Texture>
            <File>lairOfDraconisObjects8x8</File>
            <Index>0x8b</Index>
         </Texture>
      </Top>
      <Color>0x001586</Color>
   </Ground>
   <Ground type="0xb165" id="LOD Miasma Blue Inner TR">
      <DisplayId>Miasma</DisplayId>
      <RandomTexture>
         <Texture>
            <File>lairOfDraconisObjects8x8</File>
            <Index>0x23</Index>
         </Texture>
         <Texture>
            <File>lairOfDraconisObjects8x8</File>
            <Index>0x23</Index>
         </Texture>
         <Texture>
            <File>lairOfDraconisObjects8x8</File>
            <Index>0x24</Index>
         </Texture>
         <Texture>
            <File>lairOfDraconisObjects8x8</File>
            <Index>0x24</Index>
         </Texture>
         <Texture>
            <File>lairOfDraconisObjects8x8</File>
            <Index>0x25</Index>
         </Texture>
      </RandomTexture>
      <Top>
         <Texture>
            <File>lairOfDraconisObjects8x8</File>
            <Index>0x8c</Index>
         </Texture>
      </Top>
      <Color>0x001586</Color>
   </Ground>
   <Ground type="0xb18d" id="LOD Miasma Red">
      <DisplayId>Miasma</DisplayId>
      <RandomTexture>
         <Texture>
            <File>lairOfDraconisObjects8x8</File>
            <Index>0x23</Index>
         </Texture>
         <Texture>
            <File>lairOfDraconisObjects8x8</File>
            <Index>0x23</Index>
         </Texture>
         <Texture>
            <File>lairOfDraconisObjects8x8</File>
            <Index>0x24</Index>
         </Texture>
         <Texture>
            <File>lairOfDraconisObjects8x8</File>
            <Index>0x24</Index>
         </Texture>
         <Texture>
            <File>lairOfDraconisObjects8x8</File>
            <Index>0x25</Index>
         </Texture>
      </RandomTexture>
      <Top>
         <Texture>
            <File>lairOfDraconisObjects8x8</File>
            <Index>0x90</Index>
         </Texture>
      </Top>
      <MinDamage>80</MinDamage>
      <MaxDamage>80</MaxDamage>
      <TopAnimate dx=".1" dy=".1">Wave</TopAnimate>
      <Color>0x900000</Color>
   </Ground>
   <Ground type="0xb18e" id="LOD Miasma Red Right">
      <DisplayId>Miasma</DisplayId>
      <RandomTexture>
         <Texture>
            <File>lairOfDraconisObjects8x8</File>
            <Index>0x23</Index>
         </Texture>
         <Texture>
            <File>lairOfDraconisObjects8x8</File>
            <Index>0x23</Index>
         </Texture>
         <Texture>
            <File>lairOfDraconisObjects8x8</File>
            <Index>0x24</Index>
         </Texture>
         <Texture>
            <File>lairOfDraconisObjects8x8</File>
            <Index>0x24</Index>
         </Texture>
         <Texture>
            <File>lairOfDraconisObjects8x8</File>
            <Index>0x25</Index>
         </Texture>
      </RandomTexture>
      <Top>
         <Texture>
            <File>lairOfDraconisObjects8x8</File>
            <Index>0x91</Index>
         </Texture>
      </Top>
      <Color>0x900000</Color>
   </Ground>
   <Ground type="0xb18f" id="LOD Miasma Red Down">
      <DisplayId>Miasma</DisplayId>
      <RandomTexture>
         <Texture>
            <File>lairOfDraconisObjects8x8</File>
            <Index>0x23</Index>
         </Texture>
         <Texture>
            <File>lairOfDraconisObjects8x8</File>
            <Index>0x23</Index>
         </Texture>
         <Texture>
            <File>lairOfDraconisObjects8x8</File>
            <Index>0x24</Index>
         </Texture>
         <Texture>
            <File>lairOfDraconisObjects8x8</File>
            <Index>0x24</Index>
         </Texture>
         <Texture>
            <File>lairOfDraconisObjects8x8</File>
            <Index>0x25</Index>
         </Texture>
      </RandomTexture>
      <Top>
         <Texture>
            <File>lairOfDraconisObjects8x8</File>
            <Index>0x92</Index>
         </Texture>
      </Top>
      <Color>0x900000</Color>
   </Ground>
   <Ground type="0xb190" id="LOD Miasma Red Left">
      <DisplayId>Miasma</DisplayId>
      <RandomTexture>
         <Texture>
            <File>lairOfDraconisObjects8x8</File>
            <Index>0x23</Index>
         </Texture>
         <Texture>
            <File>lairOfDraconisObjects8x8</File>
            <Index>0x23</Index>
         </Texture>
         <Texture>
            <File>lairOfDraconisObjects8x8</File>
            <Index>0x24</Index>
         </Texture>
         <Texture>
            <File>lairOfDraconisObjects8x8</File>
            <Index>0x24</Index>
         </Texture>
         <Texture>
            <File>lairOfDraconisObjects8x8</File>
            <Index>0x25</Index>
         </Texture>
      </RandomTexture>
      <Top>
         <Texture>
            <File>lairOfDraconisObjects8x8</File>
            <Index>0x93</Index>
         </Texture>
      </Top>
      <Color>0x900000</Color>
   </Ground>
   <Ground type="0xb191" id="LOD Miasma Red Up">
      <DisplayId>Miasma</DisplayId>
      <RandomTexture>
         <Texture>
            <File>lairOfDraconisObjects8x8</File>
            <Index>0x23</Index>
         </Texture>
         <Texture>
            <File>lairOfDraconisObjects8x8</File>
            <Index>0x23</Index>
         </Texture>
         <Texture>
            <File>lairOfDraconisObjects8x8</File>
            <Index>0x24</Index>
         </Texture>
         <Texture>
            <File>lairOfDraconisObjects8x8</File>
            <Index>0x24</Index>
         </Texture>
         <Texture>
            <File>lairOfDraconisObjects8x8</File>
            <Index>0x25</Index>
         </Texture>
      </RandomTexture>
      <Top>
         <Texture>
            <File>lairOfDraconisObjects8x8</File>
            <Index>0x94</Index>
         </Texture>
      </Top>
      <Color>0x900000</Color>
   </Ground>
   <Ground type="0xb192" id="LOD Miasma Red TR">
      <DisplayId>Miasma</DisplayId>
      <RandomTexture>
         <Texture>
            <File>lairOfDraconisObjects8x8</File>
            <Index>0x23</Index>
         </Texture>
         <Texture>
            <File>lairOfDraconisObjects8x8</File>
            <Index>0x23</Index>
         </Texture>
         <Texture>
            <File>lairOfDraconisObjects8x8</File>
            <Index>0x24</Index>
         </Texture>
         <Texture>
            <File>lairOfDraconisObjects8x8</File>
            <Index>0x24</Index>
         </Texture>
         <Texture>
            <File>lairOfDraconisObjects8x8</File>
            <Index>0x25</Index>
         </Texture>
      </RandomTexture>
      <Top>
         <Texture>
            <File>lairOfDraconisObjects8x8</File>
            <Index>0x95</Index>
         </Texture>
      </Top>
      <Color>0x900000</Color>
   </Ground>
   <Ground type="0xb193" id="LOD Miasma Red BR">
      <DisplayId>Miasma</DisplayId>
      <RandomTexture>
         <Texture>
            <File>lairOfDraconisObjects8x8</File>
            <Index>0x23</Index>
         </Texture>
         <Texture>
            <File>lairOfDraconisObjects8x8</File>
            <Index>0x23</Index>
         </Texture>
         <Texture>
            <File>lairOfDraconisObjects8x8</File>
            <Index>0x24</Index>
         </Texture>
         <Texture>
            <File>lairOfDraconisObjects8x8</File>
            <Index>0x24</Index>
         </Texture>
         <Texture>
            <File>lairOfDraconisObjects8x8</File>
            <Index>0x25</Index>
         </Texture>
      </RandomTexture>
      <Top>
         <Texture>
            <File>lairOfDraconisObjects8x8</File>
            <Index>0x96</Index>
         </Texture>
      </Top>
      <Color>0x900000</Color>
   </Ground>
   <Ground type="0xb194" id="LOD Miasma Red BL">
      <DisplayId>Miasma</DisplayId>
      <RandomTexture>
         <Texture>
            <File>lairOfDraconisObjects8x8</File>
            <Index>0x23</Index>
         </Texture>
         <Texture>
            <File>lairOfDraconisObjects8x8</File>
            <Index>0x23</Index>
         </Texture>
         <Texture>
            <File>lairOfDraconisObjects8x8</File>
            <Index>0x24</Index>
         </Texture>
         <Texture>
            <File>lairOfDraconisObjects8x8</File>
            <Index>0x24</Index>
         </Texture>
         <Texture>
            <File>lairOfDraconisObjects8x8</File>
            <Index>0x25</Index>
         </Texture>
      </RandomTexture>
      <Top>
         <Texture>
            <File>lairOfDraconisObjects8x8</File>
            <Index>0x97</Index>
         </Texture>
      </Top>
      <Color>0x900000</Color>
   </Ground>
   <Ground type="0xb195" id="LOD Miasma Red TL">
      <DisplayId>Miasma</DisplayId>
      <RandomTexture>
         <Texture>
            <File>lairOfDraconisObjects8x8</File>
            <Index>0x23</Index>
         </Texture>
         <Texture>
            <File>lairOfDraconisObjects8x8</File>
            <Index>0x23</Index>
         </Texture>
         <Texture>
            <File>lairOfDraconisObjects8x8</File>
            <Index>0x24</Index>
         </Texture>
         <Texture>
            <File>lairOfDraconisObjects8x8</File>
            <Index>0x24</Index>
         </Texture>
         <Texture>
            <File>lairOfDraconisObjects8x8</File>
            <Index>0x25</Index>
         </Texture>
      </RandomTexture>
      <Top>
         <Texture>
            <File>lairOfDraconisObjects8x8</File>
            <Index>0x98</Index>
         </Texture>
      </Top>
      <Color>0x900000</Color>
   </Ground>
   <Ground type="0xb164" id="LOD Miasma Red Inner BR">
      <DisplayId>Miasma</DisplayId>
      <RandomTexture>
         <Texture>
            <File>lairOfDraconisObjects8x8</File>
            <Index>0x23</Index>
         </Texture>
         <Texture>
            <File>lairOfDraconisObjects8x8</File>
            <Index>0x23</Index>
         </Texture>
         <Texture>
            <File>lairOfDraconisObjects8x8</File>
            <Index>0x24</Index>
         </Texture>
         <Texture>
            <File>lairOfDraconisObjects8x8</File>
            <Index>0x24</Index>
         </Texture>
         <Texture>
            <File>lairOfDraconisObjects8x8</File>
            <Index>0x25</Index>
         </Texture>
      </RandomTexture>
      <Top>
         <Texture>
            <File>lairOfDraconisObjects8x8</File>
            <Index>0x99</Index>
         </Texture>
      </Top>
      <Color>0x900000</Color>
   </Ground>
   <Ground type="0xb163" id="LOD Miasma Red Inner BL">
      <DisplayId>Miasma</DisplayId>
      <RandomTexture>
         <Texture>
            <File>lairOfDraconisObjects8x8</File>
            <Index>0x23</Index>
         </Texture>
         <Texture>
            <File>lairOfDraconisObjects8x8</File>
            <Index>0x23</Index>
         </Texture>
         <Texture>
            <File>lairOfDraconisObjects8x8</File>
            <Index>0x24</Index>
         </Texture>
         <Texture>
            <File>lairOfDraconisObjects8x8</File>
            <Index>0x24</Index>
         </Texture>
         <Texture>
            <File>lairOfDraconisObjects8x8</File>
            <Index>0x25</Index>
         </Texture>
      </RandomTexture>
      <Top>
         <Texture>
            <File>lairOfDraconisObjects8x8</File>
            <Index>0x9a</Index>
         </Texture>
      </Top>
      <Color>0x900000</Color>
   </Ground>
   <Ground type="0xb162" id="LOD Miasma Red Inner TL">
      <DisplayId>Miasma</DisplayId>
      <RandomTexture>
         <Texture>
            <File>lairOfDraconisObjects8x8</File>
            <Index>0x23</Index>
         </Texture>
         <Texture>
            <File>lairOfDraconisObjects8x8</File>
            <Index>0x23</Index>
         </Texture>
         <Texture>
            <File>lairOfDraconisObjects8x8</File>
            <Index>0x24</Index>
         </Texture>
         <Texture>
            <File>lairOfDraconisObjects8x8</File>
            <Index>0x24</Index>
         </Texture>
         <Texture>
            <File>lairOfDraconisObjects8x8</File>
            <Index>0x25</Index>
         </Texture>
      </RandomTexture>
      <Top>
         <Texture>
            <File>lairOfDraconisObjects8x8</File>
            <Index>0x9b</Index>
         </Texture>
      </Top>
      <Color>0x900000</Color>
   </Ground>
   <Ground type="0xb161" id="LOD Miasma Red Inner TR">
      <DisplayId>Miasma</DisplayId>
      <RandomTexture>
         <Texture>
            <File>lairOfDraconisObjects8x8</File>
            <Index>0x23</Index>
         </Texture>
         <Texture>
            <File>lairOfDraconisObjects8x8</File>
            <Index>0x23</Index>
         </Texture>
         <Texture>
            <File>lairOfDraconisObjects8x8</File>
            <Index>0x24</Index>
         </Texture>
         <Texture>
            <File>lairOfDraconisObjects8x8</File>
            <Index>0x24</Index>
         </Texture>
         <Texture>
            <File>lairOfDraconisObjects8x8</File>
            <Index>0x25</Index>
         </Texture>
      </RandomTexture>
      <Top>
         <Texture>
            <File>lairOfDraconisObjects8x8</File>
            <Index>0x9c</Index>
         </Texture>
      </Top>
      <Color>0x900000</Color>
   </Ground>
   <Ground type="0xb196" id="LOD Miasma Green">
      <DisplayId>Miasma</DisplayId>
      <RandomTexture>
         <Texture>
            <File>lairOfDraconisObjects8x8</File>
            <Index>0x23</Index>
         </Texture>
         <Texture>
            <File>lairOfDraconisObjects8x8</File>
            <Index>0x23</Index>
         </Texture>
         <Texture>
            <File>lairOfDraconisObjects8x8</File>
            <Index>0x24</Index>
         </Texture>
         <Texture>
            <File>lairOfDraconisObjects8x8</File>
            <Index>0x24</Index>
         </Texture>
         <Texture>
            <File>lairOfDraconisObjects8x8</File>
            <Index>0x25</Index>
         </Texture>
      </RandomTexture>
      <Top>
         <Texture>
            <File>lairOfDraconisObjects8x8</File>
            <Index>0xa0</Index>
         </Texture>
      </Top>
      <MinDamage>80</MinDamage>
      <MaxDamage>80</MaxDamage>
      <TopAnimate dx=".1" dy=".1">Wave</TopAnimate>
      <Color>0x0C3B00</Color>
   </Ground>
   <Ground type="0xb197" id="LOD Miasma Green Left">
      <DisplayId>Miasma</DisplayId>
      <RandomTexture>
         <Texture>
            <File>lairOfDraconisObjects8x8</File>
            <Index>0x23</Index>
         </Texture>
         <Texture>
            <File>lairOfDraconisObjects8x8</File>
            <Index>0x23</Index>
         </Texture>
         <Texture>
            <File>lairOfDraconisObjects8x8</File>
            <Index>0x24</Index>
         </Texture>
         <Texture>
            <File>lairOfDraconisObjects8x8</File>
            <Index>0x24</Index>
         </Texture>
         <Texture>
            <File>lairOfDraconisObjects8x8</File>
            <Index>0x25</Index>
         </Texture>
      </RandomTexture>
      <Top>
         <Texture>
            <File>lairOfDraconisObjects8x8</File>
            <Index>0xa1</Index>
         </Texture>
      </Top>
      <Color>0x0C3B00</Color>
   </Ground>
   <Ground type="0xb198" id="LOD Miasma Green Up">
      <DisplayId>Miasma</DisplayId>
      <RandomTexture>
         <Texture>
            <File>lairOfDraconisObjects8x8</File>
            <Index>0x23</Index>
         </Texture>
         <Texture>
            <File>lairOfDraconisObjects8x8</File>
            <Index>0x23</Index>
         </Texture>
         <Texture>
            <File>lairOfDraconisObjects8x8</File>
            <Index>0x24</Index>
         </Texture>
         <Texture>
            <File>lairOfDraconisObjects8x8</File>
            <Index>0x24</Index>
         </Texture>
         <Texture>
            <File>lairOfDraconisObjects8x8</File>
            <Index>0x25</Index>
         </Texture>
      </RandomTexture>
      <Top>
         <Texture>
            <File>lairOfDraconisObjects8x8</File>
            <Index>0xa2</Index>
         </Texture>
      </Top>
      <Color>0x0C3B00</Color>
   </Ground>
   <Ground type="0xb199" id="LOD Miasma Green Right">
      <DisplayId>Miasma</DisplayId>
      <RandomTexture>
         <Texture>
            <File>lairOfDraconisObjects8x8</File>
            <Index>0x23</Index>
         </Texture>
         <Texture>
            <File>lairOfDraconisObjects8x8</File>
            <Index>0x23</Index>
         </Texture>
         <Texture>
            <File>lairOfDraconisObjects8x8</File>
            <Index>0x24</Index>
         </Texture>
         <Texture>
            <File>lairOfDraconisObjects8x8</File>
            <Index>0x24</Index>
         </Texture>
         <Texture>
            <File>lairOfDraconisObjects8x8</File>
            <Index>0x25</Index>
         </Texture>
      </RandomTexture>
      <Top>
         <Texture>
            <File>lairOfDraconisObjects8x8</File>
            <Index>0xa3</Index>
         </Texture>
      </Top>
      <Color>0x0C3B00</Color>
   </Ground>
   <Ground type="0xb19a" id="LOD Miasma Green Down">
      <DisplayId>Miasma</DisplayId>
      <RandomTexture>
         <Texture>
            <File>lairOfDraconisObjects8x8</File>
            <Index>0x23</Index>
         </Texture>
         <Texture>
            <File>lairOfDraconisObjects8x8</File>
            <Index>0x23</Index>
         </Texture>
         <Texture>
            <File>lairOfDraconisObjects8x8</File>
            <Index>0x24</Index>
         </Texture>
         <Texture>
            <File>lairOfDraconisObjects8x8</File>
            <Index>0x24</Index>
         </Texture>
         <Texture>
            <File>lairOfDraconisObjects8x8</File>
            <Index>0x25</Index>
         </Texture>
      </RandomTexture>
      <Top>
         <Texture>
            <File>lairOfDraconisObjects8x8</File>
            <Index>0xa4</Index>
         </Texture>
      </Top>
      <Color>0x0C3B00</Color>
   </Ground>
   <Ground type="0xb19b" id="LOD Miasma Green TR">
      <DisplayId>Miasma</DisplayId>
      <RandomTexture>
         <Texture>
            <File>lairOfDraconisObjects8x8</File>
            <Index>0x23</Index>
         </Texture>
         <Texture>
            <File>lairOfDraconisObjects8x8</File>
            <Index>0x23</Index>
         </Texture>
         <Texture>
            <File>lairOfDraconisObjects8x8</File>
            <Index>0x24</Index>
         </Texture>
         <Texture>
            <File>lairOfDraconisObjects8x8</File>
            <Index>0x24</Index>
         </Texture>
         <Texture>
            <File>lairOfDraconisObjects8x8</File>
            <Index>0x25</Index>
         </Texture>
      </RandomTexture>
      <Top>
         <Texture>
            <File>lairOfDraconisObjects8x8</File>
            <Index>0xa5</Index>
         </Texture>
      </Top>
      <Color>0x0C3B00</Color>
   </Ground>
   <Ground type="0xb19c" id="LOD Miasma Green BR">
      <DisplayId>Miasma</DisplayId>
      <RandomTexture>
         <Texture>
            <File>lairOfDraconisObjects8x8</File>
            <Index>0x23</Index>
         </Texture>
         <Texture>
            <File>lairOfDraconisObjects8x8</File>
            <Index>0x23</Index>
         </Texture>
         <Texture>
            <File>lairOfDraconisObjects8x8</File>
            <Index>0x24</Index>
         </Texture>
         <Texture>
            <File>lairOfDraconisObjects8x8</File>
            <Index>0x24</Index>
         </Texture>
         <Texture>
            <File>lairOfDraconisObjects8x8</File>
            <Index>0x25</Index>
         </Texture>
      </RandomTexture>
      <Top>
         <Texture>
            <File>lairOfDraconisObjects8x8</File>
            <Index>0xa6</Index>
         </Texture>
      </Top>
      <Color>0x0C3B00</Color>
   </Ground>
   <Ground type="0xb19d" id="LOD Miasma Green BL">
      <DisplayId>Miasma</DisplayId>
      <RandomTexture>
         <Texture>
            <File>lairOfDraconisObjects8x8</File>
            <Index>0x23</Index>
         </Texture>
         <Texture>
            <File>lairOfDraconisObjects8x8</File>
            <Index>0x23</Index>
         </Texture>
         <Texture>
            <File>lairOfDraconisObjects8x8</File>
            <Index>0x24</Index>
         </Texture>
         <Texture>
            <File>lairOfDraconisObjects8x8</File>
            <Index>0x24</Index>
         </Texture>
         <Texture>
            <File>lairOfDraconisObjects8x8</File>
            <Index>0x25</Index>
         </Texture>
      </RandomTexture>
      <Top>
         <Texture>
            <File>lairOfDraconisObjects8x8</File>
            <Index>0xa7</Index>
         </Texture>
      </Top>
      <Color>0x0C3B00</Color>
   </Ground>
   <Ground type="0xb19e" id="LOD Miasma Green TL">
      <DisplayId>Miasma</DisplayId>
      <RandomTexture>
         <Texture>
            <File>lairOfDraconisObjects8x8</File>
            <Index>0x23</Index>
         </Texture>
         <Texture>
            <File>lairOfDraconisObjects8x8</File>
            <Index>0x23</Index>
         </Texture>
         <Texture>
            <File>lairOfDraconisObjects8x8</File>
            <Index>0x24</Index>
         </Texture>
         <Texture>
            <File>lairOfDraconisObjects8x8</File>
            <Index>0x24</Index>
         </Texture>
         <Texture>
            <File>lairOfDraconisObjects8x8</File>
            <Index>0x25</Index>
         </Texture>
      </RandomTexture>
      <Top>
         <Texture>
            <File>lairOfDraconisObjects8x8</File>
            <Index>0xa8</Index>
         </Texture>
      </Top>
      <Color>0x0C3B00</Color>
   </Ground>
   <Ground type="0xb160" id="LOD Miasma Green Inner BR">
      <DisplayId>Miasma</DisplayId>
      <RandomTexture>
         <Texture>
            <File>lairOfDraconisObjects8x8</File>
            <Index>0x23</Index>
         </Texture>
         <Texture>
            <File>lairOfDraconisObjects8x8</File>
            <Index>0x23</Index>
         </Texture>
         <Texture>
            <File>lairOfDraconisObjects8x8</File>
            <Index>0x24</Index>
         </Texture>
         <Texture>
            <File>lairOfDraconisObjects8x8</File>
            <Index>0x24</Index>
         </Texture>
         <Texture>
            <File>lairOfDraconisObjects8x8</File>
            <Index>0x25</Index>
         </Texture>
      </RandomTexture>
      <Top>
         <Texture>
            <File>lairOfDraconisObjects8x8</File>
            <Index>0xa9</Index>
         </Texture>
      </Top>
      <Color>0x0C3B00</Color>
   </Ground>
   <Ground type="0xb15f" id="LOD Miasma Green Inner BL">
      <DisplayId>Miasma</DisplayId>
      <RandomTexture>
         <Texture>
            <File>lairOfDraconisObjects8x8</File>
            <Index>0x23</Index>
         </Texture>
         <Texture>
            <File>lairOfDraconisObjects8x8</File>
            <Index>0x23</Index>
         </Texture>
         <Texture>
            <File>lairOfDraconisObjects8x8</File>
            <Index>0x24</Index>
         </Texture>
         <Texture>
            <File>lairOfDraconisObjects8x8</File>
            <Index>0x24</Index>
         </Texture>
         <Texture>
            <File>lairOfDraconisObjects8x8</File>
            <Index>0x25</Index>
         </Texture>
      </RandomTexture>
      <Top>
         <Texture>
            <File>lairOfDraconisObjects8x8</File>
            <Index>0xaa</Index>
         </Texture>
      </Top>
      <Color>0x0C3B00</Color>
   </Ground>
   <Ground type="0xb15e" id="LOD Miasma Green Inner TL">
      <DisplayId>Miasma</DisplayId>
      <RandomTexture>
         <Texture>
            <File>lairOfDraconisObjects8x8</File>
            <Index>0x23</Index>
         </Texture>
         <Texture>
            <File>lairOfDraconisObjects8x8</File>
            <Index>0x23</Index>
         </Texture>
         <Texture>
            <File>lairOfDraconisObjects8x8</File>
            <Index>0x24</Index>
         </Texture>
         <Texture>
            <File>lairOfDraconisObjects8x8</File>
            <Index>0x24</Index>
         </Texture>
         <Texture>
            <File>lairOfDraconisObjects8x8</File>
            <Index>0x25</Index>
         </Texture>
      </RandomTexture>
      <Top>
         <Texture>
            <File>lairOfDraconisObjects8x8</File>
            <Index>0xab</Index>
         </Texture>
      </Top>
      <Color>0x0C3B00</Color>
   </Ground>
   <Ground type="0xb15d" id="LOD Miasma Green Inner TR">
      <DisplayId>Miasma</DisplayId>
      <RandomTexture>
         <Texture>
            <File>lairOfDraconisObjects8x8</File>
            <Index>0x23</Index>
         </Texture>
         <Texture>
            <File>lairOfDraconisObjects8x8</File>
            <Index>0x23</Index>
         </Texture>
         <Texture>
            <File>lairOfDraconisObjects8x8</File>
            <Index>0x24</Index>
         </Texture>
         <Texture>
            <File>lairOfDraconisObjects8x8</File>
            <Index>0x24</Index>
         </Texture>
         <Texture>
            <File>lairOfDraconisObjects8x8</File>
            <Index>0x25</Index>
         </Texture>
      </RandomTexture>
      <Top>
         <Texture>
            <File>lairOfDraconisObjects8x8</File>
            <Index>0xac</Index>
         </Texture>
      </Top>
      <Color>0x0C3B00</Color>
   </Ground>
   <Ground type="0xb1ab" id="LOD Miasma Ivory">
      <DisplayId>Miasma</DisplayId>
      <Texture>
         <File>lairOfDraconisObjects8x8</File>
         <Index>0x34</Index>
      </Texture>
      <Top>
         <Texture>
            <File>lairOfDraconisObjects8x8</File>
            <Index>0x70</Index>
         </Texture>
      </Top>
      <MinDamage>80</MinDamage>
      <MaxDamage>80</MaxDamage>
      <TopAnimate dx=".1" dy=".1">Wave</TopAnimate>
      <Color>0x2A0093</Color>
   </Ground>
   <Ground type="0xb1ac" id="LOD Miasma Ivory Dark">
      <DisplayId>Miasma</DisplayId>
      <Texture>
         <File>lairOfDraconisObjects8x8</File>
         <Index>0x35</Index>
      </Texture>
      <Top>
         <Texture>
            <File>lairOfDraconisObjects8x8</File>
            <Index>0x70</Index>
         </Texture>
      </Top>
      <MinDamage>80</MinDamage>
      <MaxDamage>80</MaxDamage>
      <TopAnimate dx=".1" dy=".1">Wave</TopAnimate>
      <Color>0x2A0093</Color>
   </Ground>
   <Ground type="0xb19f" id="LOD Miasma Ivory Right">
      <DisplayId>Miasma</DisplayId>
      <Texture>
         <File>lairOfDraconisObjects8x8</File>
         <Index>0x35</Index>
      </Texture>
      <Top>
         <Texture>
            <File>lairOfDraconisObjects8x8</File>
            <Index>0x71</Index>
         </Texture>
      </Top>
      <Color>0x2A0093</Color>
   </Ground>
   <Ground type="0xb1a0" id="LOD Miasma Ivory Down">
      <DisplayId>Miasma</DisplayId>
      <Texture>
         <File>lairOfDraconisObjects8x8</File>
         <Index>0x35</Index>
      </Texture>
      <Top>
         <Texture>
            <File>lairOfDraconisObjects8x8</File>
            <Index>0x72</Index>
         </Texture>
      </Top>
      <Color>0x2A0093</Color>
   </Ground>
   <Ground type="0xb1a1" id="LOD Miasma Ivory Left">
      <DisplayId>Miasma</DisplayId>
      <Texture>
         <File>lairOfDraconisObjects8x8</File>
         <Index>0x35</Index>
      </Texture>
      <Top>
         <Texture>
            <File>lairOfDraconisObjects8x8</File>
            <Index>0x73</Index>
         </Texture>
      </Top>
      <Color>0x2A0093</Color>
   </Ground>
   <Ground type="0xb1a2" id="LOD Miasma Ivory Up">
      <DisplayId>Miasma</DisplayId>
      <Texture>
         <File>lairOfDraconisObjects8x8</File>
         <Index>0x35</Index>
      </Texture>
      <Top>
         <Texture>
            <File>lairOfDraconisObjects8x8</File>
            <Index>0x74</Index>
         </Texture>
      </Top>
      <Color>0x2A0093</Color>
   </Ground>
   <Ground type="0xb1a3" id="LOD Miasma Ivory Right Light">
      <DisplayId>Miasma</DisplayId>
      <Texture>
         <File>lairOfDraconisObjects8x8</File>
         <Index>0x34</Index>
      </Texture>
      <Top>
         <Texture>
            <File>lairOfDraconisObjects8x8</File>
            <Index>0x71</Index>
         </Texture>
      </Top>
      <Color>0x2A0093</Color>
   </Ground>
   <Ground type="0xb1a4" id="LOD Miasma Ivory Down Light">
      <DisplayId>Miasma</DisplayId>
      <Texture>
         <File>lairOfDraconisObjects8x8</File>
         <Index>0x34</Index>
      </Texture>
      <Top>
         <Texture>
            <File>lairOfDraconisObjects8x8</File>
            <Index>0x72</Index>
         </Texture>
      </Top>
      <Color>0x2A0093</Color>
   </Ground>
   <Ground type="0xb1a5" id="LOD Miasma Ivory Left Light">
      <DisplayId>Miasma</DisplayId>
      <Texture>
         <File>lairOfDraconisObjects8x8</File>
         <Index>0x34</Index>
      </Texture>
      <Top>
         <Texture>
            <File>lairOfDraconisObjects8x8</File>
            <Index>0x73</Index>
         </Texture>
      </Top>
      <Color>0x2A0093</Color>
   </Ground>
   <Ground type="0xb1a6" id="LOD Miasma Ivory Up Light">
      <DisplayId>Miasma</DisplayId>
      <Texture>
         <File>lairOfDraconisObjects8x8</File>
         <Index>0x34</Index>
      </Texture>
      <Top>
         <Texture>
            <File>lairOfDraconisObjects8x8</File>
            <Index>0x74</Index>
         </Texture>
      </Top>
      <Color>0x2A0093</Color>
   </Ground>
   <Ground type="0xb1a7" id="LOD Miasma Ivory Inner BR">
      <DisplayId>Miasma</DisplayId>
      <Texture>
         <File>lairOfDraconisObjects8x8</File>
         <Index>0x34</Index>
      </Texture>
      <Top>
         <Texture>
            <File>lairOfDraconisObjects8x8</File>
            <Index>0x79</Index>
         </Texture>
      </Top>
      <Color>0x2A0093</Color>
   </Ground>
   <Ground type="0xb1a8" id="LOD Miasma Ivory Inner BL">
      <DisplayId>Miasma</DisplayId>
      <Texture>
         <File>lairOfDraconisObjects8x8</File>
         <Index>0x34</Index>
      </Texture>
      <Top>
         <Texture>
            <File>lairOfDraconisObjects8x8</File>
            <Index>0x7a</Index>
         </Texture>
      </Top>
      <Color>0x2A0093</Color>
   </Ground>
   <Ground type="0xb1a9" id="LOD Miasma Ivory Inner TL">
      <DisplayId>Miasma</DisplayId>
      <Texture>
         <File>lairOfDraconisObjects8x8</File>
         <Index>0x34</Index>
      </Texture>
      <Top>
         <Texture>
            <File>lairOfDraconisObjects8x8</File>
            <Index>0x7b</Index>
         </Texture>
      </Top>
      <Color>0x2A0093</Color>
   </Ground>
   <Ground type="0xb1aa" id="LOD Miasma Ivory Inner TR">
      <DisplayId>Miasma</DisplayId>
      <Texture>
         <File>lairOfDraconisObjects8x8</File>
         <Index>0x34</Index>
      </Texture>
      <Top>
         <Texture>
            <File>lairOfDraconisObjects8x8</File>
            <Index>0x7c</Index>
         </Texture>
      </Top>
      <Color>0x2A0093</Color>
   </Ground>
</GroundTypes>
