<?xml version="1.0" encoding="ISO-8859-1"?>

<Objects>
   <Object type="0x5f27" id="Arena Skeleton">
      <DisplayId>Reanimated Remains</DisplayId>
      <Class>Character</Class>
      <Group>Hallowrena</Group>
      <Enemy/>
      <AnimatedTexture>
         <File>chars8x8rEncounters</File>
         <Index>75</Index>
      </AnimatedTexture>
      <HitSound>monster/skeletons_hit</HitSound>
      <DeathSound>monster/skeletons_death</DeathSound>
      <Size>125</Size>
      <ShadowSize>100</ShadowSize>
      <MaxHitPoints>1000</MaxHitPoints>
      <Defense>20</Defense>
      <Exp>0</Exp>
      <StasisImmune/>
      <Projectile id="0">
         <ObjectId>Skeleton Attack</ObjectId>
         <Damage>70</Damage>
         <Speed>85</Speed>
         <LifetimeMS>2000</LifetimeMS>
         <Size>100</Size>
      </Projectile>
   </Object>
   <Object type="0x5f1e" id="Troll 1">
      <DisplayId>Forest Troll</DisplayId>
      <Class>Character</Class>
      <Group>Hallowrena</Group>
      <Enemy/>
      <AnimatedTexture>
         <File>chars16x16rEncounters</File>
         <Index>83</Index>
      </AnimatedTexture>
      <HitSound>monster/demons_hit</HitSound>
      <DeathSound>monster/demons_death</DeathSound>
      <Size>100</Size>
      <ShadowSize>110</ShadowSize>
      <MaxHitPoints>2500</MaxHitPoints>
      <Defense>35</Defense>
      <StasisImmune/>
      <Projectile id="0">
         <ObjectId>Troll 1 Attack 1</ObjectId>
         <Damage>55</Damage>
         <Speed>70</Speed>
         <LifetimeMS>2000</LifetimeMS>
         <Size>120</Size>
      </Projectile>
      <Projectile id="1">
         <ObjectId>Troll 1 Attack 1</ObjectId>
         <Damage>65</Damage>
         <Speed>35</Speed>
         <LifetimeMS>900</LifetimeMS>
         <Size>135</Size>
         <ArmorPiercing/>
      </Projectile>
   </Object>
   <Object type="0x5f20" id="Troll 2">
      <DisplayId>Troll Pathfinder</DisplayId>
      <Class>Character</Class>
      <Group>Hallowrena</Group>
      <Enemy/>
      <AnimatedTexture>
         <File>chars16x16rEncounters</File>
         <Index>85</Index>
      </AnimatedTexture>
      <HitSound>monster/dwarf_god_hit</HitSound>
      <DeathSound>monster/dwarf_god_death</DeathSound>
      <Size>125</Size>
      <ShadowSize>100</ShadowSize>
      <MaxHitPoints>1750</MaxHitPoints>
      <Defense>20</Defense>
      <StasisImmune/>
      <Projectile id="0">
         <ObjectId>Troll 2 Attack 1</ObjectId>
         <Damage>55</Damage>
         <Speed>60</Speed>
         <LifetimeMS>2000</LifetimeMS>
         <Size>130</Size>
         <ConditionEffect duration="2">Bleeding</ConditionEffect>
      </Projectile>
   </Object>
   <Object type="0x5f31" id="Arena Mushroom">
      <DisplayId>Deadly Mushroom</DisplayId>
      <Class>Character</Class>
      <Enemy/>
      <Texture>
         <File>lofiObj3</File>
         <Index>0x311</Index>
      </Texture>
      <AltTexture id="1">
         <Texture>
            <File>lofiObj3</File>
            <Index>0x312</Index>
         </Texture>
      </AltTexture>
      <AltTexture id="2">
         <Texture>
            <File>lofiObj3</File>
            <Index>0x313</Index>
         </Texture>
      </AltTexture>
      <HitSound>monster/slimes_hit</HitSound>
      <DeathSound>monster/slimes_death</DeathSound>
      <Size>175</Size>
      <ShadowSize>75</ShadowSize>
      <MaxHitPoints>5000</MaxHitPoints>
      <Defense>20</Defense>
      <Exp>0</Exp>
      <NoMiniMap/>
      <Projectile id="0">
         <ObjectId>Blue Magic</ObjectId>
         <Damage>90</Damage>
         <Speed>70</Speed>
         <LifetimeMS>900</LifetimeMS>
         <Size>100</Size>
      </Projectile>
   </Object>
   <Object type="0x5f1f" id="Troll 3">
      <DisplayId>Troll Matriarch</DisplayId>
      <Class>Character</Class>
      <Group>Hallowrena</Group>
      <Enemy/>
      <Quest/>
      <God/>
      <AnimatedTexture>
         <File>chars16x16rEncounters</File>
         <Index>84</Index>
      </AnimatedTexture>
      <HitSound>monster/dragons_hit</HitSound>
      <DeathSound>monster/dragons_death</DeathSound>
      <Size>175</Size>
      <ShadowSize>100</ShadowSize>
      <MaxHitPoints>9000</MaxHitPoints>
      <Exp>500</Exp>
      <Defense>15</Defense>
      <StasisImmune/>
      <Projectile id="0">
         <ObjectId>Troll 3 Attack 1</ObjectId>
         <Damage>75</Damage>
         <Speed>60</Speed>
         <LifetimeMS>1500</LifetimeMS>
         <Size>175</Size>
         <Wavy/>
         <ConditionEffect duration="5">Hallucinating</ConditionEffect>
      </Projectile>
      <Projectile id="1">
         <ObjectId>Nature Wave</ObjectId>
         <Damage>85</Damage>
         <Speed>60</Speed>
         <LifetimeMS>1000</LifetimeMS>
         <Size>125</Size>
         <ConditionEffect duration="2">Weak</ConditionEffect>
      </Projectile>
   </Object>
   <Object type="0x5f01" id="Arena Ghost 1">
      <DisplayId>Apparition</DisplayId>
      <Class>Character</Class>
      <Group>Hallowrena</Group>
      <Enemy/>
      <AnimatedTexture>
         <File>chars8x8rEncounters</File>
         <Index>68</Index>
      </AnimatedTexture>
      <HitSound>monster/ghosts_hit</HitSound>
      <DeathSound>monster/ghosts_death</DeathSound>
      <Size>125</Size>
      <MaxHitPoints>2500</MaxHitPoints>
      <Defense>10</Defense>
      <ShadowSize>70</ShadowSize>
      <Z>.4</Z>
      <Flying/>
      <StasisImmune/>
      <Projectile id="0">
         <ObjectId>Blue Magic</ObjectId>
         <Damage>95</Damage>
         <Speed>60</Speed>
         <LifetimeMS>2500</LifetimeMS>
         <Size>150</Size>
         <Amplitude>0.05</Amplitude>
         <Frequency>10</Frequency>
      </Projectile>
      <Projectile id="1">
         <ObjectId>Blue Magic</ObjectId>
         <Damage>55</Damage>
         <Speed>60</Speed>
         <LifetimeMS>2500</LifetimeMS>
         <Size>120</Size>
         <Amplitude>0.05</Amplitude>
         <Frequency>10</Frequency>
         <MultiHit/>
      </Projectile>
   </Object>
   <Object type="0x5f12" id="Arena Ghost 2">
      <DisplayId>Haunting Spectre</DisplayId>
      <Class>Character</Class>
      <Group>Hallowrena</Group>
      <Enemy/>
      <AnimatedTexture>
         <File>chars8x8rEncounters</File>
         <Index>74</Index>
      </AnimatedTexture>
      <AltTexture id="1">
         <Texture>
            <File>lofiObj3</File>
            <Index>0x30f</Index>
         </Texture>
      </AltTexture>
      <AltTexture id="2">
         <Texture>
            <File>lofiObj3</File>
            <Index>0x310</Index>
         </Texture>
      </AltTexture>
      <AltTexture id="3">
         <Texture>
            <File>invisible</File>
            <Index>0</Index>
         </Texture>
      </AltTexture>
      <HitSound>monster/ghost_god_hit</HitSound>
      <DeathSound>monster/ghost_god_death</DeathSound>
      <Size>125</Size>
      <MaxHitPoints>2000</MaxHitPoints>
      <Defense>5</Defense>
      <ShadowSize>70</ShadowSize>
      <Z>.4</Z>
      <Flying/>
      <StasisImmune/>
      <Projectile id="0">
         <ObjectId>Blue Ghost Blast</ObjectId>
         <Damage>60</Damage>
         <Speed>70</Speed>
         <LifetimeMS>1500</LifetimeMS>
         <Size>100</Size>
      </Projectile>
   </Object>
   <Object type="0x5f28" id="Arena Possessed Girl">
      <DisplayId>Possessed Child</DisplayId>
      <Class>Character</Class>
      <Group>Hallowrena</Group>
      <Enemy/>
      <AnimatedTexture>
         <File>chars16x16rEncounters</File>
         <Index>86</Index>
      </AnimatedTexture>
      <HitSound>monster/elves_hit</HitSound>
      <DeathSound>monster/elves_death</DeathSound>
      <Size>125</Size>
      <ShadowSize>100</ShadowSize>
      <MaxHitPoints>2500</MaxHitPoints>
      <Defense>20</Defense>
      <StasisImmune/>
      <Projectile id="0">
         <ObjectId>Purple Magic Blast</ObjectId>
         <Damage>75</Damage>
         <Speed>70</Speed>
         <LifetimeMS>600</LifetimeMS>
         <Size>100</Size>
         <Amplitude>0.1</Amplitude>
         <Frequency>10</Frequency>
      </Projectile>
   </Object>
   <Object type="0x5f33" id="Arena Statue Left">
      <DisplayId>Fate</DisplayId>
      <Class>Character</Class>
      <Enemy/>
      <NoMiniMap/>
      <AnimatedTexture>
         <File>chars16x16rEncounters</File>
         <Index>91</Index>
      </AnimatedTexture>
      <AltTexture id="1">
         <Texture>
            <File>lofiObjBig</File>
            <Index>0x97</Index>
         </Texture>
      </AltTexture>
      <HitSound>monster/rocks_hit</HitSound>
      <DeathSound>monster/rocks_death</DeathSound>
      <Size>125</Size>
      <ShadowSize>0</ShadowSize>
      <MaxHitPoints>10000</MaxHitPoints>
      <Exp>300</Exp>
      <Defense>30</Defense>
      <StasisImmune/>
      <Projectile id="0">
         <ObjectId>Demon Fire Blast</ObjectId>
         <Damage>90</Damage>
         <Speed>70</Speed>
         <LifetimeMS>900</LifetimeMS>
         <Size>145</Size>
      </Projectile>
   </Object>
   <Object type="0x5f10" id="Arena Statue Right">
      <DisplayId>Glory</DisplayId>
      <Class>Character</Class>
      <Enemy/>
      <NoMiniMap/>
      <AnimatedTexture>
         <File>chars16x16rEncounters</File>
         <Index>92</Index>
      </AnimatedTexture>
      <AltTexture id="1">
         <Texture>
            <File>lofiObjBig</File>
            <Index>0x98</Index>
         </Texture>
      </AltTexture>
      <HitSound>monster/ogres_hit</HitSound>
      <DeathSound>monster/ogres_death</DeathSound>
      <Size>125</Size>
      <ShadowSize>100</ShadowSize>
      <MaxHitPoints>10000</MaxHitPoints>
      <Exp>300</Exp>
      <Defense>20</Defense>
      <StasisImmune/>
      <Projectile id="0">
         <ObjectId>Assassin Slash</ObjectId>
         <Damage>125</Damage>
         <Speed>100</Speed>
         <LifetimeMS>300</LifetimeMS>
         <Size>125</Size>
      </Projectile>
      <Projectile id="1">
         <ObjectId>Ruby</ObjectId>
         <Damage>75</Damage>
         <Speed>75</Speed>
         <LifetimeMS>2000</LifetimeMS>
         <Size>125</Size>
      </Projectile>
   </Object>
   <Object type="0x5f07" id="Arena Ghost Bride">
      <DisplayId>Ghost Bride</DisplayId>
      <Class>Character</Class>
      <Group>Hallowrena</Group>
      <Enemy/>
      <Quest/>
      <God/>
      <AnimatedTexture>
         <File>chars16x16rEncounters</File>
         <Index>81</Index>
      </AnimatedTexture>
      <AltTexture id="1">
         <Texture>
            <File>invisible</File>
            <Index>0</Index>
         </Texture>
      </AltTexture>
      <HitSound>monster/medusa_hit</HitSound>
      <DeathSound>monster/medusa_death</DeathSound>
      <Size>150</Size>
      <MaxHitPoints>15000</MaxHitPoints>
      <Exp>1000</Exp>
      <Defense>30</Defense>
      <ShadowSize>0</ShadowSize>
      <Z>.2</Z>
      <Flying/>
      <StasisImmune/>
      <ParalyzeImmune/>
      <Projectile id="0">
         <ObjectId>Ghost Bride Attack 1</ObjectId>
         <Damage>70</Damage>
         <Speed>65</Speed>
         <LifetimeMS>2600</LifetimeMS>
         <Size>150</Size>
         <ConditionEffect duration="2">Bleeding</ConditionEffect>
      </Projectile>
      <Projectile id="1">
         <ObjectId>Ghost Big Blast</ObjectId>
         <Damage>95</Damage>
         <Speed>80</Speed>
         <LifetimeMS>1000</LifetimeMS>
         <Size>100</Size>
      </Projectile>
      <Projectile id="2">
         <ObjectId>Ghost Bride Attack 1</ObjectId>
         <Damage>90</Damage>
         <Speed>60</Speed>
         <Size>150</Size>
         <LifetimeMS>3000</LifetimeMS>
         <Amplitude>2.5</Amplitude>
         <Frequency>0.5</Frequency>
         <ConditionEffect duration="3">Bleeding</ConditionEffect>
         <Boomerang/>
         <PassesCover/>
      </Projectile>
   </Object>
   <Object type="0x5f2c" id="Arena Spider">
      <DisplayId>Grave Spider</DisplayId>
      <Class>Character</Class>
      <Group>Hallowrena</Group>
      <Enemy/>
      <AnimatedTexture>
         <File>chars8x8rEncounters</File>
         <Index>76</Index>
      </AnimatedTexture>
      <HitSound>monster/spiders_hit</HitSound>
      <DeathSound>monster/spiders_death</DeathSound>
      <Size>90</Size>
      <ShadowSize>100</ShadowSize>
      <MaxHitPoints>1750</MaxHitPoints>
      <Defense>5</Defense>
      <StasisImmune/>
      <Projectile id="0">
         <ObjectId>Spider Bolt</ObjectId>
         <Damage>95</Damage>
         <Speed>50</Speed>
         <LifetimeMS>800</LifetimeMS>
         <Size>100</Size>
      </Projectile>
      <Projectile id="1">
         <ObjectId>Spider Bolt</ObjectId>
         <Damage>80</Damage>
         <Speed>70</Speed>
         <LifetimeMS>900</LifetimeMS>
         <Size>80</Size>
      </Projectile>
   </Object>
   <Object type="0x5f02" id="Arena Risen Mummy">
      <DisplayId>Risen Mummy</DisplayId>
      <Class>Character</Class>
      <Group>Hallowrena</Group>
      <Enemy/>
      <AnimatedTexture>
         <File>chars8x8rEncounters</File>
         <Index>69</Index>
      </AnimatedTexture>
      <HitSound>monster/mummies_hit</HitSound>
      <DeathSound>monster/mummies_death</DeathSound>
      <Size>125</Size>
      <ShadowSize>100</ShadowSize>
      <MaxHitPoints>5500</MaxHitPoints>
      <Defense>20</Defense>
      <StasisImmune/>
      <Projectile id="0">
         <ObjectId>Mummy Blast</ObjectId>
         <Damage>55</Damage>
         <Speed>60</Speed>
         <LifetimeMS>2000</LifetimeMS>
         <Size>90</Size>
         <ConditionEffect duration="2">Slowed</ConditionEffect>
      </Projectile>
      <Projectile id="1">
         <ObjectId>Mummy Blast</ObjectId>
         <Damage>70</Damage>
         <Speed>60</Speed>
         <LifetimeMS>2100</LifetimeMS>
         <Size>100</Size>
         <ConditionEffect duration="2">Slowed</ConditionEffect>
      </Projectile>
      <Projectile id="2">
         <ObjectId>Mummy Blast</ObjectId>
         <Damage>85</Damage>
         <Speed>60</Speed>
         <LifetimeMS>2200</LifetimeMS>
         <Size>110</Size>
         <ConditionEffect duration="2">Slowed</ConditionEffect>
      </Projectile>
      <Projectile id="3">
         <ObjectId>Mummy Blast</ObjectId>
         <Damage>100</Damage>
         <Speed>60</Speed>
         <LifetimeMS>2300</LifetimeMS>
         <Size>120</Size>
         <ConditionEffect duration="2">Slowed</ConditionEffect>
      </Projectile>
      <Projectile id="4">
         <ObjectId>Mummy Blast</ObjectId>
         <Damage>115</Damage>
         <Speed>60</Speed>
         <LifetimeMS>2400</LifetimeMS>
         <Size>130</Size>
         <ConditionEffect duration="2">Slowed</ConditionEffect>
      </Projectile>
      <Projectile id="5">
         <ObjectId>Mummy Blast</ObjectId>
         <Damage>130</Damage>
         <Speed>60</Speed>
         <LifetimeMS>2500</LifetimeMS>
         <Size>140</Size>
         <ConditionEffect duration="2">Slowed</ConditionEffect>
      </Projectile>
      <Projectile id="6">
         <ObjectId>Mummy Blast</ObjectId>
         <Damage>145</Damage>
         <Speed>60</Speed>
         <LifetimeMS>2600</LifetimeMS>
         <Size>150</Size>
         <ConditionEffect duration="2">Slowed</ConditionEffect>
      </Projectile>
      <Projectile id="7">
         <ObjectId>Mummy Blast</ObjectId>
         <Damage>160</Damage>
         <Speed>60</Speed>
         <LifetimeMS>2700</LifetimeMS>
         <Size>160</Size>
         <ConditionEffect duration="2">Slowed</ConditionEffect>
      </Projectile>
   </Object>
   <Object type="0x5f2e" id="Arena Vampire">
      <DisplayId>Vengeful Vampire</DisplayId>
      <Class>Character</Class>
      <Group>Hallowrena</Group>
      <Enemy/>
      <AnimatedTexture>
         <File>chars8x8rEncounters</File>
         <Index>77</Index>
      </AnimatedTexture>
      <HitSound>monster/bats_hit</HitSound>
      <DeathSound>monster/bats_death</DeathSound>
      <Size>130</Size>
      <ShadowSize>100</ShadowSize>
      <MaxHitPoints>3250</MaxHitPoints>
      <Defense>20</Defense>
      <LeachHealth/>
      <StasisImmune/>
      <Projectile id="0">
         <ObjectId>Vampire Attack</ObjectId>
         <Damage>55</Damage>
         <Speed>60</Speed>
         <LifetimeMS>1500</LifetimeMS>
         <Size>100</Size>
         <Amplitude>0.8</Amplitude>
         <Frequency>2</Frequency>
         <ConditionEffect duration="1.8">Confused</ConditionEffect>
         <MultiHit/>
      </Projectile>
   </Object>
   <Object type="0x5f30" id="Arena Pumpkin">
      <DisplayId>Jack-o'-lanturn</DisplayId>
      <Class>Character</Class>
      <Group>Hallowrena</Group>
      <Enemy/>
      <Texture>
         <File>lofiObj3</File>
         <Index>0x273</Index>
      </Texture>
      <Animation period="0" prob="1">
         <Frame time="0.6">
            <Texture>
               <File>lofiObj3</File>
               <Index>0x273</Index>
            </Texture>
         </Frame>
         <Frame time="0.4">
            <Texture>
               <File>lofiObj3</File>
               <Index>0x276</Index>
            </Texture>
         </Frame>
         <Frame time="0.4">
            <Texture>
               <File>lofiObj3</File>
               <Index>0x275</Index>
            </Texture>
         </Frame>
         <Frame time="0.4">
            <Texture>
               <File>lofiObj3</File>
               <Index>0x274</Index>
            </Texture>
         </Frame>
         <Frame time="0.4">
            <Texture>
               <File>lofiObj3</File>
               <Index>0x275</Index>
            </Texture>
         </Frame>
         <Frame time="0.4">
            <Texture>
               <File>lofiObj3</File>
               <Index>0x276</Index>
            </Texture>
         </Frame>
         <Frame time="0.6">
            <Texture>
               <File>lofiObj3</File>
               <Index>0x273</Index>
            </Texture>
         </Frame>
         <Frame time="0.4">
            <Texture>
               <File>lofiObj3</File>
               <Index>0x277</Index>
            </Texture>
         </Frame>
         <Frame time="0.4">
            <Texture>
               <File>lofiObj3</File>
               <Index>0x278</Index>
            </Texture>
         </Frame>
         <Frame time="0.4">
            <Texture>
               <File>lofiObj3</File>
               <Index>0x277</Index>
            </Texture>
         </Frame>
         <Frame time="0.4">
            <Texture>
               <File>lofiObj3</File>
               <Index>0x278</Index>
            </Texture>
         </Frame>
         <Frame time="0.4">
            <Texture>
               <File>lofiObj3</File>
               <Index>0x277</Index>
            </Texture>
         </Frame>
      </Animation>
      <MinSize>90</MinSize>
      <MaxSize>110</MaxSize>
      <SizeStep>5</SizeStep>
      <Z>0.3</Z>
      <Flying/>
      <HitSound>monster/flaming_skulls_hit</HitSound>
      <DeathSound>monster/slimes_death</DeathSound>
      <ShadowSize>25</ShadowSize>
      <MaxHitPoints>5000</MaxHitPoints>
      <Defense>30</Defense>
      <Projectile id="0">
         <ObjectId>Pumpkin Wave</ObjectId>
         <Damage>80</Damage>
         <Speed>70</Speed>
         <LifetimeMS>1300</LifetimeMS>
         <Size>80</Size>
         <MultiHit/>
         <PassesCover/>
         <ConditionEffect duration="1">Dazed</ConditionEffect>
      </Projectile>
   </Object>
   <Object type="0x5f2d" id="Arena Pumpkin King">
      <DisplayId>Pumpkin King</DisplayId>
      <Class>Character</Class>
      <Group>Hallowrena</Group>
      <Enemy/>
      <Quest/>
      <God/>
      <AnimatedTexture>
         <File>chars16x16rEncounters</File>
         <Index>88</Index>
      </AnimatedTexture>
      <HitSound>monster/skeletons_hit</HitSound>
      <DeathSound>monster/skeletons_death</DeathSound>
      <Size>150</Size>
      <ShadowSize>100</ShadowSize>
      <MaxHitPoints>13000</MaxHitPoints>
      <Defense>15</Defense>
      <Exp>1500</Exp>
      <StasisImmune/>
      <StunImmune/>
      <ParalyzeImmune/>
      <Projectile id="0">
         <ObjectId>Orange Pumpkin Wave</ObjectId>
         <Damage>115</Damage>
         <Speed>40</Speed>
         <LifetimeMS>1000</LifetimeMS>
         <Size>150</Size>
         <Wavy/>
      </Projectile>
      <Projectile id="1">
         <ObjectId>Yellow Energy Shot</ObjectId>
         <Damage>60</Damage>
         <Speed>40</Speed>
         <Size>110</Size>
         <LifetimeMS>4000</LifetimeMS>
         <ConditionEffect duration="1">Quiet</ConditionEffect>
         <PassesCover/>
         <Boomerang/>
      </Projectile>
      <Projectile id="2">
         <ObjectId>Orange Pumpkin Wave</ObjectId>
         <Damage>110</Damage>
         <Speed>65</Speed>
         <LifetimeMS>1400</LifetimeMS>
         <Amplitude>0.5</Amplitude>
         <Frequency>2</Frequency>
         <Size>125</Size>
         <FaceDir/>
      </Projectile>
   </Object>
   <Object type="0x5f03" id="Arena Risen Warrior">
      <DisplayId>Risen Warrior</DisplayId>
      <Class>Character</Class>
      <Group>Hallowrena</Group>
      <Enemy/>
      <AnimatedTexture>
         <File>chars8x8rEncounters</File>
         <Index>70</Index>
      </AnimatedTexture>
      <HitSound>monster/undead_dwarves_hit</HitSound>
      <DeathSound>monster/undead_dwarves_death</DeathSound>
      <Size>125</Size>
      <ShadowSize>100</ShadowSize>
      <MaxHitPoints>4000</MaxHitPoints>
      <Defense>35</Defense>
      <StasisImmune/>
      <Projectile id="0">
         <ObjectId>Purple Bolt</ObjectId>
         <Damage>140</Damage>
         <Speed>80</Speed>
         <LifetimeMS>1200</LifetimeMS>
         <Size>100</Size>
      </Projectile>
   </Object>
   <Object type="0x5f04" id="Arena Risen Mage">
      <DisplayId>Risen Mage</DisplayId>
      <Class>Character</Class>
      <Group>Hallowrena</Group>
      <Enemy/>
      <AnimatedTexture>
         <File>chars8x8rEncounters</File>
         <Index>71</Index>
      </AnimatedTexture>
      <HitSound>monster/undead_dwarves_hit</HitSound>
      <DeathSound>monster/undead_dwarves_death</DeathSound>
      <Size>125</Size>
      <ShadowSize>100</ShadowSize>
      <MaxHitPoints>2500</MaxHitPoints>
      <Defense>5</Defense>
      <StasisImmune/>
      <Projectile id="0">
         <ObjectId>Purple Magic</ObjectId>
         <Damage>75</Damage>
         <Speed>60</Speed>
         <LifetimeMS>2000</LifetimeMS>
         <Size>120</Size>
      </Projectile>
   </Object>
   <Object type="0x5f05" id="Arena Risen Archer">
      <DisplayId>Risen Archer</DisplayId>
      <Class>Character</Class>
      <Group>Hallowrena</Group>
      <Enemy/>
      <AnimatedTexture>
         <File>chars8x8rEncounters</File>
         <Index>72</Index>
      </AnimatedTexture>
      <HitSound>monster/orcs_hit</HitSound>
      <DeathSound>monster/orcs_death</DeathSound>
      <Size>125</Size>
      <ShadowSize>100</ShadowSize>
      <MaxHitPoints>3000</MaxHitPoints>
      <Defense>10</Defense>
      <StasisImmune/>
      <Projectile id="0">
         <ObjectId>Green Arrow</ObjectId>
         <Damage>75</Damage>
         <Speed>70</Speed>
         <LifetimeMS>1000</LifetimeMS>
         <Size>100</Size>
         <ConditionEffect duration="2.8">Slowed</ConditionEffect>
      </Projectile>
      <Projectile id="1">
         <ObjectId>Thousand Shot Arrow</ObjectId>
         <Damage>100</Damage>
         <Speed>75</Speed>
         <LifetimeMS>1800</LifetimeMS>
         <Size>100</Size>
         <ConditionEffect duration="1">Paralyzed</ConditionEffect>
      </Projectile>
   </Object>
   <Object type="0x5f06" id="Arena Risen Brawler">
      <DisplayId>Risen Brawler</DisplayId>
      <Class>Character</Class>
      <Group>Hallowrena</Group>
      <Enemy/>
      <AnimatedTexture>
         <File>chars8x8rEncounters</File>
         <Index>73</Index>
      </AnimatedTexture>
      <HitSound>monster/pirates_hit</HitSound>
      <DeathSound>monster/pirates_death</DeathSound>
      <Size>150</Size>
      <ShadowSize>100</ShadowSize>
      <MaxHitPoints>4000</MaxHitPoints>
      <Defense>20</Defense>
      <StasisImmune/>
      <Projectile id="0">
         <ObjectId>Yellow Grey Ball</ObjectId>
         <Damage>110</Damage>
         <Speed>60</Speed>
         <LifetimeMS>900</LifetimeMS>
         <Size>100</Size>
      </Projectile>
   </Object>
   <Object type="0x5f2f" id="Arena Blue Flame">
      <DisplayId>Forgotten Soul</DisplayId>
      <Class>Character</Class>
      <Group>Hallowrena</Group>
      <Enemy/>
      <AnimatedTexture>
         <File>chars8x8rEncounters</File>
         <Index>78</Index>
      </AnimatedTexture>
      <HitSound>monster/sprites_hit</HitSound>
      <DeathSound>monster/sprites_death</DeathSound>
      <Size>75</Size>
      <ShadowSize>75</ShadowSize>
      <MaxHitPoints>2500</MaxHitPoints>
      <Defense>20</Defense>
      <Z>.4</Z>
      <Exp>0</Exp>
      <Projectile id="0">
         <ObjectId>Blue Magic</ObjectId>
         <Damage>60</Damage>
         <Speed>70</Speed>
         <LifetimeMS>900</LifetimeMS>
         <Size>80</Size>
      </Projectile>
   </Object>
   <Object type="0x5f2b" id="Arena Grave Caretaker">
      <DisplayId>Grave Caretaker</DisplayId>
      <Class>Character</Class>
      <Group>Hallowrena</Group>
      <Enemy/>
      <Quest/>
      <God/>
      <AnimatedTexture>
         <File>chars16x16rEncounters</File>
         <Index>87</Index>
      </AnimatedTexture>
      <HitSound>monster/archdemon_hit</HitSound>
      <DeathSound>monster/archdemon_death</DeathSound>
      <Size>150</Size>
      <ShadowSize>100</ShadowSize>
      <MaxHitPoints>30000</MaxHitPoints>
      <Exp>2000</Exp>
      <Defense>15</Defense>
      <StunImmune/>
      <StasisImmune/>
      <ParalyzeImmune/>
      <Projectile id="0">
         <ObjectId>Angry Ghost</ObjectId>
         <Damage>55</Damage>
         <Speed>70</Speed>
         <LifetimeMS>3000</LifetimeMS>
         <Size>100</Size>
         <Amplitude>0.05</Amplitude>
         <Frequency>10</Frequency>
         <PassesCover/>
         <ConditionEffect duration="1.2">Petrify</ConditionEffect>
      </Projectile>
      <Projectile id="1">
         <ObjectId>Fire Spinner</ObjectId>
         <Damage>85</Damage>
         <Speed>80</Speed>
         <LifetimeMS>800</LifetimeMS>
         <Size>100</Size>
         <ConditionEffect duration="2">Blind</ConditionEffect>
      </Projectile>
      <Projectile id="2">
         <ObjectId>Fire Spinner</ObjectId>
         <Damage>60</Damage>
         <Speed>0</Speed>
         <Size>80</Size>
         <LifetimeMS>2000</LifetimeMS>
         <ConditionEffect duration="3">Armor Broken</ConditionEffect>
         <ArmorPiercing/>
      </Projectile>
   </Object>
   <Object type="0x6004" id="Classic Ghost">
      <Enemy/>
      <Class>Character</Class>
      <Group>Hallowrena</Group>
      <AnimatedTexture>
         <File>chars8x8rEncounters</File>
         <Index>67</Index>
      </AnimatedTexture>
      <AltTexture id="1">
         <AnimatedTexture>
            <File>chars16x16rEncounters</File>
            <Index>75</Index>
         </AnimatedTexture>
         <Effect particle="SwirlingMist" cooldown="0.3">XMLEffect</Effect>
      </AltTexture>
      <HitSound>monster/beholder_hit</HitSound>
      <DeathSound>monster/beholder_death</DeathSound>
      <Size>110</Size>
      <ShadowSize>40</ShadowSize>
      <Z>0.33</Z>
      <Flying/>
      <DontFaceAttacks/>
      <MaxHitPoints>1500</MaxHitPoints>
      <Exp>25</Exp>
      <Defense>8</Defense>
      <StasisImmune/>
      <Projectile id="0">
         <ObjectId>White Ghost Shot</ObjectId>
         <Damage>40</Damage>
         <Speed>60</Speed>
         <Size>80</Size>
         <LifetimeMS>900</LifetimeMS>
         <ConditionEffect duration="3">Curse</ConditionEffect>
         <MultiHit/>
      </Projectile>
   </Object>
   <Object type="0x6005" id="Zombie Hulk">
      <Enemy/>
      <Class>Character</Class>
      <Group>Hallowrena</Group>
      <AnimatedTexture>
         <File>chars16x16rEncounters</File>
         <Index>77</Index>
      </AnimatedTexture>
      <AltTexture id="1">
         <AnimatedTexture>
            <File>chars16x16rEncounters</File>
            <Index>78</Index>
         </AnimatedTexture>
      </AltTexture>
      <Size>110</Size>
      <ShadowSize>80</ShadowSize>
      <HitSound>monster/archdemon_hit</HitSound>
      <DeathSound>monster/abyss_demons_death</DeathSound>
      <MaxHitPoints>5000</MaxHitPoints>
      <Defense>25</Defense>
      <Exp>68</Exp>
      <StasisImmune/>
      <Projectile id="0">
         <ObjectId>Big Zombie Wave</ObjectId>
         <Speed>55</Speed>
         <Damage>45</Damage>
         <Size>110</Size>
         <LifetimeMS>400</LifetimeMS>
         <MultiHit/>
         <PassesCover/>
         <ConditionEffect duration="2.4">Armor Broken</ConditionEffect>
      </Projectile>
      <Projectile id="1">
         <ObjectId>Big Zombie Blast</ObjectId>
         <Speed>100</Speed>
         <Damage>70</Damage>
         <Size>100</Size>
         <LifetimeMS>1200</LifetimeMS>
         <MultiHit/>
         <PassesCover/>
         <ConditionEffect duration="0.8">Slowed</ConditionEffect>
      </Projectile>
   </Object>
   <Object type="0x600c" id="Mini Werewolf">
      <DisplayId>Werewolf Cub</DisplayId>
      <Group>Hallowrena</Group>
      <Enemy/>
      <Class>Character</Class>
      <AnimatedTexture>
         <File>chars8x8rEncounters</File>
         <Index>64</Index>
      </AnimatedTexture>
      <HitSound>monster/undead_hobbits_hit</HitSound>
      <DeathSound>monster/goblins_hit</DeathSound>
      <Size>100</Size>
      <MaxHitPoints>1200</MaxHitPoints>
      <Defense>3</Defense>
      <Exp>0</Exp>
      <StasisImmune/>
      <Projectile id="0">
         <ObjectId>Wereshot</ObjectId>
         <Damage>50</Damage>
         <Speed>60</Speed>
         <Size>90</Size>
         <LifetimeMS>800</LifetimeMS>
      </Projectile>
      <Projectile id="1">
         <ObjectId>Wereshot</ObjectId>
         <Damage>65</Damage>
         <Speed>50</Speed>
         <Size>80</Size>
         <LifetimeMS>800</LifetimeMS>
      </Projectile>
   </Object>
   <Object type="0x6003" id="Werewolf">
      <Enemy/>
      <Class>Character</Class>
      <Group>Hallowrena</Group>
      <AnimatedTexture>
         <File>chars16x16rEncounters</File>
         <Index>79</Index>
      </AnimatedTexture>
      <HitSound>monster/demons_hit</HitSound>
      <DeathSound>monster/cyclops_death</DeathSound>
      <Size>120</Size>
      <MaxHitPoints>3000</MaxHitPoints>
      <Defense>15</Defense>
      <StasisImmune/>
      <Projectile id="0">
         <ObjectId>Wereblast</ObjectId>
         <Damage>105</Damage>
         <Speed>60</Speed>
         <Size>120</Size>
         <LifetimeMS>900</LifetimeMS>
      </Projectile>
      <Projectile id="1">
         <ObjectId>Wereblast</ObjectId>
         <Damage>100</Damage>
         <Speed>38</Speed>
         <Size>80</Size>
         <LifetimeMS>900</LifetimeMS>
         <PassesCover/>
      </Projectile>
      <Projectile id="2">
         <ObjectId>Wereblast</ObjectId>
         <Damage>115</Damage>
         <Speed>45</Speed>
         <Size>130</Size>
         <LifetimeMS>900</LifetimeMS>
         <PassesCover/>
      </Projectile>
      <Projectile id="3">
         <ObjectId>Wereblast</ObjectId>
         <Damage>130</Damage>
         <Speed>55</Speed>
         <Size>180</Size>
         <LifetimeMS>900</LifetimeMS>
         <PassesCover/>
      </Projectile>
   </Object>
   <Object type="0x6007" id="Flying Flame Skull">
      <Enemy/>
      <Class>Character</Class>
      <AnimatedTexture>
         <File>chars16x16rEncounters</File>
         <Index>75</Index>
      </AnimatedTexture>
      <AltTexture id="1">
         <AnimatedTexture>
            <File>chars16x16rEncounters</File>
            <Index>75</Index>
         </AnimatedTexture>
         <Effect particle="SwirlingMist" cooldown="0.3">XMLEffect</Effect>
      </AltTexture>
      <Size>110</Size>
      <ShadowSize>60</ShadowSize>
      <ShadowColor>0xA9D1A9</ShadowColor>
      <Z>0.4</Z>
      <Flying/>
      <DontFaceAttacks/>
      <Exp>0</Exp>
      <Invincible/>
      <Projectile id="0">
         <ObjectId>Skull Wave</ObjectId>
         <Damage>70</Damage>
         <Speed>80</Speed>
         <Size>100</Size>
         <LifetimeMS>200</LifetimeMS>
      </Projectile>
   </Object>
   <Object type="0x6002" id="Halloween Zombie Spawner">
      <Class>GameObject</Class>
      <AnimatedTexture>
         <File>chars8x8rEncounters</File>
         <Index>65</Index>
      </AnimatedTexture>
      <Size>0</Size>
   </Object>
   <Object type="0x6001" id="Blue Zombie">
      <Enemy/>
      <Class>Character</Class>
      <AnimatedTexture>
         <File>chars8x8rEncounters</File>
         <Index>66</Index>
      </AnimatedTexture>
      <Size>110</Size>
      <ShadowSize>80</ShadowSize>
      <HitSound>monster/abyss_demons_hit</HitSound>
      <DeathSound>monster/dwarf_god_hit</DeathSound>
      <MaxHitPoints>550</MaxHitPoints>
      <Exp>0</Exp>
      <Defense>12</Defense>
      <Projectile id="0">
         <ObjectId>Blue Zombie Wave</ObjectId>
         <Damage>65</Damage>
         <Speed>35</Speed>
         <Size>80</Size>
         <LifetimeMS>800</LifetimeMS>
      </Projectile>
   </Object>
   <Object type="0x6000" id="Zombie Rise">
      <DisplayId>Blue Zombie</DisplayId>
      <Class>Character</Class>
      <Enemy/>
      <Texture>
         <File>invisible</File>
         <Index>0</Index>
      </Texture>
      <AltTexture id="1">
         <Texture>
            <File>lofiObj3</File>
            <Index>0x2fd</Index>
         </Texture>
      </AltTexture>
      <AltTexture id="2">
         <Texture>
            <File>lofiObj3</File>
            <Index>0x2fe</Index>
         </Texture>
      </AltTexture>
      <AltTexture id="3">
         <Texture>
            <File>lofiObj3</File>
            <Index>0x2ff</Index>
         </Texture>
      </AltTexture>
      <AltTexture id="4">
         <Texture>
            <File>lofiObj3</File>
            <Index>0x300</Index>
         </Texture>
      </AltTexture>
      <AltTexture id="5">
         <Texture>
            <File>lofiObj3</File>
            <Index>0x301</Index>
         </Texture>
      </AltTexture>
      <AltTexture id="6">
         <Texture>
            <File>lofiObj3</File>
            <Index>0x302</Index>
         </Texture>
      </AltTexture>
      <AltTexture id="7">
         <Texture>
            <File>lofiObj3</File>
            <Index>0x303</Index>
         </Texture>
      </AltTexture>
      <AltTexture id="8">
         <Texture>
            <File>lofiObj3</File>
            <Index>0x304</Index>
         </Texture>
      </AltTexture>
      <AltTexture id="9">
         <Texture>
            <File>lofiObj3</File>
            <Index>0x305</Index>
         </Texture>
      </AltTexture>
      <AltTexture id="10">
         <Texture>
            <File>lofiObj3</File>
            <Index>0x306</Index>
         </Texture>
      </AltTexture>
      <AltTexture id="11">
         <Texture>
            <File>lofiObj3</File>
            <Index>0x307</Index>
         </Texture>
      </AltTexture>
      <AltTexture id="12">
         <Texture>
            <File>lofiObj3</File>
            <Index>0x308</Index>
         </Texture>
      </AltTexture>
      <AltTexture id="13">
         <Texture>
            <File>lofiObj3</File>
            <Index>0x309</Index>
         </Texture>
      </AltTexture>
      <Size>110</Size>
      <ShadowSize>0</ShadowSize>
      <NoMiniMap/>
      <Invincible/>
   </Object>
   <Object type="0x6009" id="Skuld Apparition">
      <DisplayId>Ghost of Skuld</DisplayId>
      <Class>Character</Class>
      <Enemy/>
      <Texture>
         <File>invisible</File>
         <Index>0</Index>
      </Texture>
      <AltTexture id="1">
         <AnimatedTexture>
            <File>chars16x16rEncounters</File>
            <Index>68</Index>
         </AnimatedTexture>
      </AltTexture>
      <AltTexture id="2">
         <AnimatedTexture>
            <File>chars16x16rEncounters</File>
            <Index>69</Index>
         </AnimatedTexture>
      </AltTexture>
      <AltTexture id="3">
         <AnimatedTexture>
            <File>chars16x16rEncounters</File>
            <Index>70</Index>
         </AnimatedTexture>
      </AltTexture>
      <AltTexture id="4">
         <AnimatedTexture>
            <File>chars16x16rEncounters</File>
            <Index>71</Index>
         </AnimatedTexture>
      </AltTexture>
      <AltTexture id="5">
         <AnimatedTexture>
            <File>chars16x16rEncounters</File>
            <Index>72</Index>
         </AnimatedTexture>
      </AltTexture>
      <AltTexture id="7">
         <AnimatedTexture>
            <File>chars16x16rEncounters</File>
            <Index>67</Index>
         </AnimatedTexture>
      </AltTexture>
      <AltTexture id="8">
         <AnimatedTexture>
            <File>chars16x16rEncounters</File>
            <Index>73</Index>
         </AnimatedTexture>
      </AltTexture>
      <AltTexture id="6">
         <AnimatedTexture>
            <File>chars16x16rEncounters</File>
            <Index>74</Index>
         </AnimatedTexture>
      </AltTexture>
      <Size>0</Size>
      <ShadowSize>0</ShadowSize>
      <Invincible/>
      <Projectile id="0">
         <ObjectId>Ghost X</ObjectId>
         <Damage>80</Damage>
         <Speed>75</Speed>
         <Size>100</Size>
         <LifetimeMS>1200</LifetimeMS>
         <PassesCover/>
         <ConditionEffect duration="0.5">Paralyzed</ConditionEffect>
      </Projectile>
   </Object>
   <Object type="0x600a" id="Skuld Portal">
      <Class>GameObject</Class>
      <AnimatedTexture>
         <File>chars16x16rEncounters</File>
         <Index>67</Index>
      </AnimatedTexture>
      <Size>0</Size>
   </Object>
   <Object type="0x6006" id="Ghost of Skuld">
      <Enemy/>
      <God/>
      <Class>Character</Class>
      <AnimatedTexture>
         <File>chars16x16rEncounters</File>
         <Index>66</Index>
      </AnimatedTexture>
      <AltTexture id="1">
         <AnimatedTexture>
            <File>chars16x16rEncounters</File>
            <Index>75</Index>
         </AnimatedTexture>
      </AltTexture>
      <AltTexture id="2">
         <AnimatedTexture>
            <File>chars16x16rEncounters</File>
            <Index>73</Index>
         </AnimatedTexture>
      </AltTexture>
      <AltTexture id="3">
         <AnimatedTexture>
            <File>chars16x16rEncounters</File>
            <Index>76</Index>
         </AnimatedTexture>
      </AltTexture>
      <AltTexture id="4">
         <AnimatedTexture>
            <File>chars16x16rEncounters</File>
            <Index>66</Index>
         </AnimatedTexture>
      </AltTexture>
      <AltTexture id="5">
         <AnimatedTexture>
            <File>chars16x16rEncounters</File>
            <Index>68</Index>
         </AnimatedTexture>
      </AltTexture>
      <AltTexture id="6">
         <AnimatedTexture>
            <File>chars16x16rEncounters</File>
            <Index>69</Index>
         </AnimatedTexture>
      </AltTexture>
      <AltTexture id="7">
         <AnimatedTexture>
            <File>chars16x16rEncounters</File>
            <Index>70</Index>
         </AnimatedTexture>
      </AltTexture>
      <AltTexture id="8">
         <AnimatedTexture>
            <File>chars16x16rEncounters</File>
            <Index>71</Index>
         </AnimatedTexture>
      </AltTexture>
      <AltTexture id="9">
         <AnimatedTexture>
            <File>chars16x16rEncounters</File>
            <Index>72</Index>
         </AnimatedTexture>
      </AltTexture>
      <AltTexture id="10">
         <AnimatedTexture>
            <File>chars16x16rEncounters</File>
            <Index>67</Index>
         </AnimatedTexture>
      </AltTexture>
      <AltTexture id="11">
         <Texture>
            <File>invisible</File>
            <Index>0</Index>
         </Texture>
      </AltTexture>
      <AltTexture id="12">
         <Texture>
            <File>lofiCharBig</File>
            <Index>0x0a</Index>
         </Texture>
      </AltTexture>
      <AltTexture id="13">
         <Texture>
            <File>lofiCharBig</File>
            <Index>0x0b</Index>
         </Texture>
      </AltTexture>
      <HitSound>monster/flaming_skulls_hit</HitSound>
      <DeathSound>monster/flayers_death</DeathSound>
      <Size>120</Size>
      <ShadowSize>0</ShadowSize>
      <ShadowColor>0xA9D1A9</ShadowColor>
      <MaxHitPoints>53000</MaxHitPoints>
      <Exp>5000</Exp>
      <Defense>35</Defense>
      <StasisImmune/>
      <StunImmune/>
      <ParalyzeImmune/>
      <EventChestBoss/>
      <TrackLoot/>
      <Projectile id="0">
         <ObjectId>Ghost Cross</ObjectId>
         <Damage>95</Damage>
         <Speed>65</Speed>
         <Size>80</Size>
         <LifetimeMS>1000</LifetimeMS>
         <MultiHit/>
      </Projectile>
      <Projectile id="1">
         <ObjectId>Ghost X</ObjectId>
         <Damage>25</Damage>
         <Speed>85</Speed>
         <Size>100</Size>
         <LifetimeMS>2000</LifetimeMS>
         <MultiHit/>
         <ConditionEffect duration="2.2">Paralyzed</ConditionEffect>
      </Projectile>
      <Projectile id="2">
         <ObjectId>Giga Ghost X</ObjectId>
         <Damage>250</Damage>
         <Speed>40</Speed>
         <Size>200</Size>
         <LifetimeMS>5000</LifetimeMS>
         <MultiHit/>
         <Boomerang/>
         <PassesCover/>
         <ConditionEffect duration="1">Paralyzed</ConditionEffect>
      </Projectile>
      <Projectile id="4">
         <ObjectId>Skull Wave</ObjectId>
         <Damage>140</Damage>
         <Speed>30</Speed>
         <Size>100</Size>
         <LifetimeMS>1500</LifetimeMS>
         <PassesCover/>
         <Wavy/>
      </Projectile>
      <Projectile id="5">
         <ObjectId>Skull Wave</ObjectId>
         <Damage>140</Damage>
         <Speed>40</Speed>
         <Size>100</Size>
         <LifetimeMS>1500</LifetimeMS>
         <PassesCover/>
         <Wavy/>
      </Projectile>
      <Projectile id="6">
         <ObjectId>Ghost X</ObjectId>
         <Damage>140</Damage>
         <Speed>80</Speed>
         <Size>80</Size>
         <LifetimeMS>1300</LifetimeMS>
         <PassesCover/>
         <Wavy/>
         <ConditionEffect duration="2.6">Confused</ConditionEffect>
      </Projectile>
      <Projectile id="7">
         <ObjectId>Giga Ghost X</ObjectId>
         <Damage>250</Damage>
         <Speed>50</Speed>
         <LifetimeMS>6000</LifetimeMS>
         <Magnitude>4</Magnitude>
         <Size>200</Size>
         <MultiHit/>
         <PassesCover/>
         <Parametric/>
         <ConditionEffect duration="1">Paralyzed</ConditionEffect>
      </Projectile>
      <Projectile id="8">
         <ObjectId>Ghost X</ObjectId>
         <Damage>25</Damage>
         <Speed>85</Speed>
         <Size>100</Size>
         <LifetimeMS>2000</LifetimeMS>
         <MultiHit/>
         <ConditionEffect duration="1.6">Paralyzed</ConditionEffect>
      </Projectile>
   </Object>
   <Object type="0x5e8c" id="Arena 1 North Gate Spawner">
      <Class>GameObject</Class>
      <Texture>
         <File>invisible</File>
         <Index>0</Index>
      </Texture>
      <AltTexture id="1">
         <Texture>
            <File>d3LofiObjEmbed</File>
            <Index>0x16a</Index>
         </Texture>
         <Effect particle="SwirlingMist" cooldown="0.1">XMLEffect</Effect>
      </AltTexture>
      <AltTexture id="4">
         <Texture>
            <File>d3LofiObjEmbed</File>
            <Index>0x16d</Index>
         </Texture>
         <Effect particle="SwirlingMist" cooldown="0.1">XMLEffect</Effect>
      </AltTexture>
      <AltTexture id="2">
         <Texture>
            <File>lofiObj3</File>
            <Index>0x2e2</Index>
         </Texture>
      </AltTexture>
      <AltTexture id="3">
         <Texture>
            <File>invisible</File>
            <Index>0</Index>
         </Texture>
         <Effect minRadius="0.5" maxRadius="5" color="0xA9D1A9" size="100" life="0.60" amount="100">ExplosionComplex</Effect>
      </AltTexture>
      <AltTexture id="5">
         <Texture>
            <File>lofiObjBig</File>
            <Index>0x186</Index>
         </Texture>
         <Effect particle="SwirlingMist" cooldown="0.1">XMLEffect</Effect>
      </AltTexture>
      <AltTexture id="6">
         <Texture>
            <File>lofiObjBig</File>
            <Index>0x188</Index>
         </Texture>
         <Effect particle="SwirlingMist" cooldown="0.1">XMLEffect</Effect>
      </AltTexture>
      <AltTexture id="7">
         <Texture>
            <File>lofiObjBig</File>
            <Index>0x18a</Index>
         </Texture>
         <Effect particle="SwirlingMist" cooldown="0.1">XMLEffect</Effect>
      </AltTexture>
      <AltTexture id="8">
         <Texture>
            <File>lofiObjBig</File>
            <Index>0x8b</Index>
         </Texture>
      </AltTexture>
      <MinSize>100</MinSize>
      <MaxSize>120</MaxSize>
      <SizeStep>5</SizeStep>
      <ShadowSize>0</ShadowSize>
      <Sound id="0">monster/wooden_walls_death</Sound>
   </Object>
   <Object type="0x5e8d" id="Arena 1 South Gate Spawner">
      <Class>GameObject</Class>
      <Texture>
         <File>invisible</File>
         <Index>0</Index>
      </Texture>
      <AltTexture id="1">
         <Texture>
            <File>d3LofiObjEmbed</File>
            <Index>0x16c</Index>
         </Texture>
         <Effect particle="SwirlingMist" cooldown="0.1">XMLEffect</Effect>
      </AltTexture>
      <AltTexture id="4">
         <Texture>
            <File>d3LofiObjEmbed</File>
            <Index>0x16f</Index>
         </Texture>
         <Effect particle="SwirlingMist" cooldown="0.1">XMLEffect</Effect>
      </AltTexture>
      <AltTexture id="2">
         <Texture>
            <File>lofiObj3</File>
            <Index>0x2e4</Index>
         </Texture>
      </AltTexture>
      <AltTexture id="3">
         <Texture>
            <File>invisible</File>
            <Index>0</Index>
         </Texture>
         <Effect minRadius="0.5" maxRadius="5" color="0xA9D1A9" size="100" life="0.60" amount="100">ExplosionComplex</Effect>
      </AltTexture>
      <MinSize>90</MinSize>
      <MaxSize>120</MaxSize>
      <SizeStep>5</SizeStep>
      <ShadowSize>0</ShadowSize>
      <Sound id="0">monster/wooden_walls_death</Sound>
   </Object>
   <Object type="0x5e8e" id="Arena 1 East Gate Spawner">
      <Class>GameObject</Class>
      <Texture>
         <File>invisible</File>
         <Index>0</Index>
      </Texture>
      <AltTexture id="1">
         <Texture>
            <File>d3LofiObjEmbed</File>
            <Index>0x16c</Index>
         </Texture>
         <Effect particle="SwirlingMist" cooldown="0.1">XMLEffect</Effect>
      </AltTexture>
      <AltTexture id="4">
         <Texture>
            <File>d3LofiObjEmbed</File>
            <Index>0x16f</Index>
         </Texture>
         <Effect particle="SwirlingMist" cooldown="0.1">XMLEffect</Effect>
      </AltTexture>
      <AltTexture id="2">
         <Texture>
            <File>lofiObj3</File>
            <Index>0x2e4</Index>
         </Texture>
      </AltTexture>
      <AltTexture id="3">
         <Texture>
            <File>invisible</File>
            <Index>0</Index>
         </Texture>
         <Effect minRadius="0.5" maxRadius="5" color="0xA9D1A9" size="100" life="0.60" amount="100">ExplosionComplex</Effect>
      </AltTexture>
      <MinSize>90</MinSize>
      <MaxSize>120</MaxSize>
      <SizeStep>5</SizeStep>
      <ShadowSize>0</ShadowSize>
      <Sound id="0">monster/wooden_walls_death</Sound>
   </Object>
   <Object type="0x5e8f" id="Arena 1 West Gate Spawner">
      <Class>GameObject</Class>
      <Texture>
         <File>invisible</File>
         <Index>0</Index>
      </Texture>
      <AltTexture id="1">
         <Texture>
            <File>d3LofiObjEmbed</File>
            <Index>0x16c</Index>
         </Texture>
         <Effect particle="SwirlingMist" cooldown="0.1">XMLEffect</Effect>
      </AltTexture>
      <AltTexture id="4">
         <Texture>
            <File>d3LofiObjEmbed</File>
            <Index>0x16f</Index>
         </Texture>
         <Effect particle="SwirlingMist" cooldown="0.1">XMLEffect</Effect>
      </AltTexture>
      <AltTexture id="2">
         <Texture>
            <File>lofiObj3</File>
            <Index>0x2e4</Index>
         </Texture>
      </AltTexture>
      <AltTexture id="3">
         <Texture>
            <File>invisible</File>
            <Index>0</Index>
         </Texture>
         <Effect minRadius="0.5" maxRadius="5" color="0xA9D1A9" size="100" life="0.60" amount="100">ExplosionComplex</Effect>
      </AltTexture>
      <MinSize>90</MinSize>
      <MaxSize>120</MaxSize>
      <SizeStep>5</SizeStep>
      <ShadowSize>0</ShadowSize>
      <Sound id="0">monster/wooden_walls_death</Sound>
   </Object>
   <Object type="0xb72" id="Arena 2 North Gate Spawner">
      <Class>GameObject</Class>
      <Texture>
         <File>invisible</File>
         <Index>0</Index>
      </Texture>
      <AltTexture id="1">
         <Texture>
            <File>d3LofiObjEmbed</File>
            <Index>0x16c</Index>
         </Texture>
         <Effect particle="SwirlingMist" cooldown="0.1">XMLEffect</Effect>
      </AltTexture>
      <AltTexture id="4">
         <Texture>
            <File>d3LofiObjEmbed</File>
            <Index>0x16f</Index>
         </Texture>
         <Effect particle="SwirlingMist" cooldown="0.1">XMLEffect</Effect>
      </AltTexture>
      <AltTexture id="2">
         <Texture>
            <File>lofiObj3</File>
            <Index>0x2e4</Index>
         </Texture>
      </AltTexture>
      <AltTexture id="3">
         <Texture>
            <File>invisible</File>
            <Index>0</Index>
         </Texture>
         <Effect minRadius="0.5" maxRadius="5" color="0xA9D1A9" size="100" life="0.60" amount="100">ExplosionComplex</Effect>
      </AltTexture>
      <AltTexture id="5">
         <Texture>
            <File>lofiObjBig</File>
            <Index>0x187</Index>
         </Texture>
         <Effect particle="SwirlingMist" cooldown="0.1">XMLEffect</Effect>
      </AltTexture>
      <AltTexture id="6">
         <Texture>
            <File>lofiObjBig</File>
            <Index>0x189</Index>
         </Texture>
         <Effect particle="SwirlingMist" cooldown="0.1">XMLEffect</Effect>
      </AltTexture>
      <AltTexture id="7">
         <Texture>
            <File>lofiObjBig</File>
            <Index>0x18b</Index>
         </Texture>
         <Effect particle="SwirlingMist" cooldown="0.1">XMLEffect</Effect>
      </AltTexture>
      <AltTexture id="8">
         <Texture>
            <File>lofiObjBig</File>
            <Index>0x8c</Index>
         </Texture>
      </AltTexture>
      <MinSize>100</MinSize>
      <MaxSize>120</MaxSize>
      <SizeStep>5</SizeStep>
      <ShadowSize>0</ShadowSize>
      <Sound id="0">monster/wooden_walls_death</Sound>
   </Object>
   <Object type="0xb73" id="Arena 2 South Gate Spawner">
      <Class>GameObject</Class>
      <Texture>
         <File>invisible</File>
         <Index>0</Index>
      </Texture>
      <AltTexture id="1">
         <Texture>
            <File>d3LofiObjEmbed</File>
            <Index>0x16c</Index>
         </Texture>
         <Effect particle="SwirlingMist" cooldown="0.1">XMLEffect</Effect>
      </AltTexture>
      <AltTexture id="4">
         <Texture>
            <File>d3LofiObjEmbed</File>
            <Index>0x16f</Index>
         </Texture>
         <Effect particle="SwirlingMist" cooldown="0.1">XMLEffect</Effect>
      </AltTexture>
      <AltTexture id="2">
         <Texture>
            <File>lofiObj3</File>
            <Index>0x2e4</Index>
         </Texture>
      </AltTexture>
      <AltTexture id="3">
         <Texture>
            <File>invisible</File>
            <Index>0</Index>
         </Texture>
         <Effect minRadius="0.5" maxRadius="5" color="0xA9D1A9" size="100" life="0.60" amount="100">ExplosionComplex</Effect>
      </AltTexture>
      <MinSize>90</MinSize>
      <MaxSize>120</MaxSize>
      <SizeStep>5</SizeStep>
      <ShadowSize>0</ShadowSize>
      <Sound id="0">monster/wooden_walls_death</Sound>
   </Object>
   <Object type="0xb74" id="Arena 2 East Gate Spawner">
      <Class>GameObject</Class>
      <Texture>
         <File>invisible</File>
         <Index>0</Index>
      </Texture>
      <AltTexture id="1">
         <Texture>
            <File>d3LofiObjEmbed</File>
            <Index>0x16a</Index>
         </Texture>
         <Effect particle="SwirlingMist" cooldown="0.1">XMLEffect</Effect>
      </AltTexture>
      <AltTexture id="4">
         <Texture>
            <File>d3LofiObjEmbed</File>
            <Index>0x16d</Index>
         </Texture>
         <Effect particle="SwirlingMist" cooldown="0.1">XMLEffect</Effect>
      </AltTexture>
      <AltTexture id="2">
         <Texture>
            <File>lofiObj3</File>
            <Index>0x2e2</Index>
         </Texture>
      </AltTexture>
      <AltTexture id="3">
         <Texture>
            <File>invisible</File>
            <Index>0</Index>
         </Texture>
         <Effect minRadius="0.5" maxRadius="5" color="0xA9D1A9" size="100" life="0.60" amount="100">ExplosionComplex</Effect>
      </AltTexture>
      <MinSize>90</MinSize>
      <MaxSize>120</MaxSize>
      <SizeStep>5</SizeStep>
      <ShadowSize>0</ShadowSize>
      <Sound id="0">monster/wooden_walls_death</Sound>
   </Object>
   <Object type="0xb75" id="Arena 2 West Gate Spawner">
      <Class>GameObject</Class>
      <Texture>
         <File>invisible</File>
         <Index>0</Index>
      </Texture>
      <AltTexture id="1">
         <Texture>
            <File>d3LofiObjEmbed</File>
            <Index>0x16b</Index>
         </Texture>
         <Effect particle="SwirlingMist" cooldown="0.1">XMLEffect</Effect>
      </AltTexture>
      <AltTexture id="4">
         <Texture>
            <File>d3LofiObjEmbed</File>
            <Index>0x16e</Index>
         </Texture>
         <Effect particle="SwirlingMist" cooldown="0.1">XMLEffect</Effect>
      </AltTexture>
      <AltTexture id="2">
         <Texture>
            <File>lofiObj3</File>
            <Index>0x2e3</Index>
         </Texture>
      </AltTexture>
      <AltTexture id="3">
         <Texture>
            <File>invisible</File>
            <Index>0</Index>
         </Texture>
         <Effect minRadius="0.5" maxRadius="5" color="0xA9D1A9" size="100" life="0.60" amount="100">ExplosionComplex</Effect>
      </AltTexture>
      <MinSize>90</MinSize>
      <MaxSize>120</MaxSize>
      <SizeStep>5</SizeStep>
      <ShadowSize>0</ShadowSize>
      <Sound id="0">monster/wooden_walls_death</Sound>
   </Object>
   <Object type="0xb76" id="Arena 3 North Gate Spawner">
      <Class>GameObject</Class>
      <Texture>
         <File>invisible</File>
         <Index>0</Index>
      </Texture>
      <AltTexture id="1">
         <Texture>
            <File>d3LofiObjEmbed</File>
            <Index>0x16a</Index>
         </Texture>
         <Effect particle="SwirlingMist" cooldown="0.1">XMLEffect</Effect>
      </AltTexture>
      <AltTexture id="4">
         <Texture>
            <File>d3LofiObjEmbed</File>
            <Index>0x16d</Index>
         </Texture>
         <Effect particle="SwirlingMist" cooldown="0.1">XMLEffect</Effect>
      </AltTexture>
      <AltTexture id="2">
         <Texture>
            <File>lofiObj3</File>
            <Index>0x2e2</Index>
         </Texture>
      </AltTexture>
      <AltTexture id="3">
         <Texture>
            <File>invisible</File>
            <Index>0</Index>
         </Texture>
         <Effect minRadius="0.5" maxRadius="5" color="0xA9D1A9" size="100" life="0.60" amount="100">ExplosionComplex</Effect>
      </AltTexture>
      <AltTexture id="5">
         <Texture>
            <File>lofiObjBig</File>
            <Index>0x186</Index>
         </Texture>
         <Effect particle="SwirlingMist" cooldown="0.1">XMLEffect</Effect>
      </AltTexture>
      <AltTexture id="6">
         <Texture>
            <File>lofiObjBig</File>
            <Index>0x188</Index>
         </Texture>
         <Effect particle="SwirlingMist" cooldown="0.1">XMLEffect</Effect>
      </AltTexture>
      <AltTexture id="7">
         <Texture>
            <File>lofiObjBig</File>
            <Index>0x18a</Index>
         </Texture>
         <Effect particle="SwirlingMist" cooldown="0.1">XMLEffect</Effect>
      </AltTexture>
      <AltTexture id="8">
         <Texture>
            <File>lofiObjBig</File>
            <Index>0x8b</Index>
         </Texture>
      </AltTexture>
      <MinSize>100</MinSize>
      <MaxSize>120</MaxSize>
      <SizeStep>5</SizeStep>
      <ShadowSize>0</ShadowSize>
      <Sound id="0">monster/wooden_walls_death</Sound>
   </Object>
   <Object type="0xb77" id="Arena 3 South Gate Spawner">
      <Class>GameObject</Class>
      <Texture>
         <File>invisible</File>
         <Index>0</Index>
      </Texture>
      <AltTexture id="1">
         <Texture>
            <File>d3LofiObjEmbed</File>
            <Index>0x16c</Index>
         </Texture>
         <Effect particle="SwirlingMist" cooldown="0.1">XMLEffect</Effect>
      </AltTexture>
      <AltTexture id="4">
         <Texture>
            <File>d3LofiObjEmbed</File>
            <Index>0x16f</Index>
         </Texture>
         <Effect particle="SwirlingMist" cooldown="0.1">XMLEffect</Effect>
      </AltTexture>
      <AltTexture id="2">
         <Texture>
            <File>lofiObj3</File>
            <Index>0x2e4</Index>
         </Texture>
      </AltTexture>
      <AltTexture id="3">
         <Texture>
            <File>invisible</File>
            <Index>0</Index>
         </Texture>
         <Effect minRadius="0.5" maxRadius="5" color="0xA9D1A9" size="100" life="0.60" amount="100">ExplosionComplex</Effect>
      </AltTexture>
      <MinSize>90</MinSize>
      <MaxSize>120</MaxSize>
      <SizeStep>5</SizeStep>
      <ShadowSize>0</ShadowSize>
      <Sound id="0">monster/wooden_walls_death</Sound>
   </Object>
   <Object type="0xb78" id="Arena 3 East Gate Spawner">
      <Class>GameObject</Class>
      <Texture>
         <File>invisible</File>
         <Index>0</Index>
      </Texture>
      <AltTexture id="1">
         <Texture>
            <File>d3LofiObjEmbed</File>
            <Index>0x16b</Index>
         </Texture>
         <Effect particle="SwirlingMist" cooldown="0.1">XMLEffect</Effect>
      </AltTexture>
      <AltTexture id="4">
         <Texture>
            <File>d3LofiObjEmbed</File>
            <Index>0x16e</Index>
         </Texture>
         <Effect particle="SwirlingMist" cooldown="0.1">XMLEffect</Effect>
      </AltTexture>
      <AltTexture id="2">
         <Texture>
            <File>lofiObj3</File>
            <Index>0x2e3</Index>
         </Texture>
      </AltTexture>
      <AltTexture id="3">
         <Texture>
            <File>invisible</File>
            <Index>0</Index>
         </Texture>
         <Effect minRadius="0.5" maxRadius="5" color="0xA9D1A9" size="100" life="0.60" amount="100">ExplosionComplex</Effect>
      </AltTexture>
      <MinSize>90</MinSize>
      <MaxSize>120</MaxSize>
      <SizeStep>5</SizeStep>
      <ShadowSize>0</ShadowSize>
      <Sound id="0">monster/wooden_walls_death</Sound>
   </Object>
   <Object type="0xb79" id="Arena 3 West Gate Spawner">
      <Class>GameObject</Class>
      <Texture>
         <File>invisible</File>
         <Index>0</Index>
      </Texture>
      <AltTexture id="1">
         <Texture>
            <File>d3LofiObjEmbed</File>
            <Index>0x16b</Index>
         </Texture>
         <Effect particle="SwirlingMist" cooldown="0.1">XMLEffect</Effect>
      </AltTexture>
      <AltTexture id="4">
         <Texture>
            <File>d3LofiObjEmbed</File>
            <Index>0x16e</Index>
         </Texture>
         <Effect particle="SwirlingMist" cooldown="0.1">XMLEffect</Effect>
      </AltTexture>
      <AltTexture id="2">
         <Texture>
            <File>lofiObj3</File>
            <Index>0x2e3</Index>
         </Texture>
      </AltTexture>
      <AltTexture id="3">
         <Texture>
            <File>invisible</File>
            <Index>0</Index>
         </Texture>
         <Effect minRadius="0.5" maxRadius="5" color="0xA9D1A9" size="100" life="0.60" amount="100">ExplosionComplex</Effect>
      </AltTexture>
      <MinSize>90</MinSize>
      <MaxSize>120</MaxSize>
      <SizeStep>5</SizeStep>
      <ShadowSize>0</ShadowSize>
      <Sound id="0">monster/wooden_walls_death</Sound>
   </Object>
   <Object type="0xb7a" id="Arena 4 North Gate Spawner">
      <Class>GameObject</Class>
      <Texture>
         <File>invisible</File>
         <Index>0</Index>
      </Texture>
      <AltTexture id="1">
         <Texture>
            <File>d3LofiObjEmbed</File>
            <Index>0x16b</Index>
         </Texture>
         <Effect particle="SwirlingMist" cooldown="0.1">XMLEffect</Effect>
      </AltTexture>
      <AltTexture id="4">
         <Texture>
            <File>d3LofiObjEmbed</File>
            <Index>0x16e</Index>
         </Texture>
         <Effect particle="SwirlingMist" cooldown="0.1">XMLEffect</Effect>
      </AltTexture>
      <AltTexture id="2">
         <Texture>
            <File>lofiObj3</File>
            <Index>0x2e3</Index>
         </Texture>
      </AltTexture>
      <AltTexture id="3">
         <Texture>
            <File>invisible</File>
            <Index>0</Index>
         </Texture>
         <Effect minRadius="0.5" maxRadius="5" color="0xA9D1A9" size="100" life="0.60" amount="100">ExplosionComplex</Effect>
      </AltTexture>
      <AltTexture id="5">
         <Texture>
            <File>lofiObjBig</File>
            <Index>0x187</Index>
         </Texture>
         <Effect particle="SwirlingMist" cooldown="0.1">XMLEffect</Effect>
      </AltTexture>
      <AltTexture id="6">
         <Texture>
            <File>lofiObjBig</File>
            <Index>0x189</Index>
         </Texture>
         <Effect particle="SwirlingMist" cooldown="0.1">XMLEffect</Effect>
      </AltTexture>
      <AltTexture id="7">
         <Texture>
            <File>lofiObjBig</File>
            <Index>0x18b</Index>
         </Texture>
         <Effect particle="SwirlingMist" cooldown="0.1">XMLEffect</Effect>
      </AltTexture>
      <AltTexture id="8">
         <Texture>
            <File>lofiObjBig</File>
            <Index>0x8c</Index>
         </Texture>
      </AltTexture>
      <MinSize>100</MinSize>
      <MaxSize>120</MaxSize>
      <SizeStep>5</SizeStep>
      <ShadowSize>0</ShadowSize>
      <Sound id="0">monster/wooden_walls_death</Sound>
   </Object>
   <Object type="0xb7b" id="Arena 4 South Gate Spawner">
      <Class>GameObject</Class>
      <Texture>
         <File>invisible</File>
         <Index>0</Index>
      </Texture>
      <AltTexture id="1">
         <Texture>
            <File>d3LofiObjEmbed</File>
            <Index>0x16a</Index>
         </Texture>
         <Effect particle="SwirlingMist" cooldown="0.1">XMLEffect</Effect>
      </AltTexture>
      <AltTexture id="4">
         <Texture>
            <File>d3LofiObjEmbed</File>
            <Index>0x16d</Index>
         </Texture>
         <Effect particle="SwirlingMist" cooldown="0.1">XMLEffect</Effect>
      </AltTexture>
      <AltTexture id="2">
         <Texture>
            <File>lofiObj3</File>
            <Index>0x2e2</Index>
         </Texture>
      </AltTexture>
      <AltTexture id="3">
         <Texture>
            <File>invisible</File>
            <Index>0</Index>
         </Texture>
         <Effect minRadius="0.5" maxRadius="5" color="0xA9D1A9" size="100" life="0.60" amount="100">ExplosionComplex</Effect>
      </AltTexture>
      <MinSize>90</MinSize>
      <MaxSize>120</MaxSize>
      <SizeStep>5</SizeStep>
      <ShadowSize>0</ShadowSize>
      <Sound id="0">monster/wooden_walls_death</Sound>
   </Object>
   <Object type="0xb7c" id="Arena 4 East Gate Spawner">
      <Class>GameObject</Class>
      <Texture>
         <File>invisible</File>
         <Index>0</Index>
      </Texture>
      <AltTexture id="1">
         <Texture>
            <File>d3LofiObjEmbed</File>
            <Index>0x16c</Index>
         </Texture>
         <Effect particle="SwirlingMist" cooldown="0.1">XMLEffect</Effect>
      </AltTexture>
      <AltTexture id="4">
         <Texture>
            <File>d3LofiObjEmbed</File>
            <Index>0x16f</Index>
         </Texture>
         <Effect particle="SwirlingMist" cooldown="0.1">XMLEffect</Effect>
      </AltTexture>
      <AltTexture id="2">
         <Texture>
            <File>lofiObj3</File>
            <Index>0x2e4</Index>
         </Texture>
      </AltTexture>
      <AltTexture id="3">
         <Texture>
            <File>invisible</File>
            <Index>0</Index>
         </Texture>
         <Effect minRadius="0.5" maxRadius="5" color="0xA9D1A9" size="100" life="0.60" amount="100">ExplosionComplex</Effect>
      </AltTexture>
      <MinSize>90</MinSize>
      <MaxSize>120</MaxSize>
      <SizeStep>5</SizeStep>
      <ShadowSize>0</ShadowSize>
      <Sound id="0">monster/wooden_walls_death</Sound>
   </Object>
   <Object type="0xb7d" id="Arena 4 West Gate Spawner">
      <Class>GameObject</Class>
      <Texture>
         <File>invisible</File>
         <Index>0</Index>
      </Texture>
      <AltTexture id="1">
         <Texture>
            <File>d3LofiObjEmbed</File>
            <Index>0x16c</Index>
         </Texture>
         <Effect particle="SwirlingMist" cooldown="0.1">XMLEffect</Effect>
      </AltTexture>
      <AltTexture id="4">
         <Texture>
            <File>d3LofiObjEmbed</File>
            <Index>0x16f</Index>
         </Texture>
         <Effect particle="SwirlingMist" cooldown="0.1">XMLEffect</Effect>
      </AltTexture>
      <AltTexture id="2">
         <Texture>
            <File>lofiObj3</File>
            <Index>0x2e4</Index>
         </Texture>
      </AltTexture>
      <AltTexture id="3">
         <Texture>
            <File>invisible</File>
            <Index>0</Index>
         </Texture>
         <Effect minRadius="0.5" maxRadius="5" color="0xA9D1A9" size="100" life="0.60" amount="100">ExplosionComplex</Effect>
      </AltTexture>
      <MinSize>90</MinSize>
      <MaxSize>120</MaxSize>
      <SizeStep>5</SizeStep>
      <ShadowSize>0</ShadowSize>
      <Sound id="0">monster/wooden_walls_death</Sound>
   </Object>
   <Object type="0x6010" id="Arena 5 South Gate Spawner">
      <Class>GameObject</Class>
      <Texture>
         <File>invisible</File>
         <Index>0</Index>
      </Texture>
      <AltTexture id="1">
         <Texture>
            <File>d3LofiObjEmbed</File>
            <Index>0x16a</Index>
         </Texture>
         <Effect particle="SwirlingMist" cooldown="0.1">XMLEffect</Effect>
      </AltTexture>
      <AltTexture id="4">
         <Texture>
            <File>d3LofiObjEmbed</File>
            <Index>0x16d</Index>
         </Texture>
         <Effect particle="SwirlingMist" cooldown="0.1">XMLEffect</Effect>
      </AltTexture>
      <AltTexture id="2">
         <Texture>
            <File>lofiObj3</File>
            <Index>0x2e2</Index>
         </Texture>
      </AltTexture>
      <AltTexture id="3">
         <Texture>
            <File>invisible</File>
            <Index>0</Index>
         </Texture>
         <Effect minRadius="0.5" maxRadius="5" color="0xA9D1A9" size="100" life="0.60" amount="100">ExplosionComplex</Effect>
      </AltTexture>
      <MinSize>90</MinSize>
      <MaxSize>120</MaxSize>
      <SizeStep>5</SizeStep>
      <ShadowSize>0</ShadowSize>
      <Sound id="0">monster/wooden_walls_death</Sound>
   </Object>
   <Object type="0x600f" id="Arena 5 North Gate Spawner">
      <Class>GameObject</Class>
      <Texture>
         <File>invisible</File>
         <Index>0</Index>
      </Texture>
      <AltTexture id="1">
         <Texture>
            <File>d3LofiObjEmbed</File>
            <Index>0x16c</Index>
         </Texture>
         <Effect particle="SwirlingMist" cooldown="0.1">XMLEffect</Effect>
      </AltTexture>
      <AltTexture id="4">
         <Texture>
            <File>d3LofiObjEmbed</File>
            <Index>0x16f</Index>
         </Texture>
         <Effect particle="SwirlingMist" cooldown="0.1">XMLEffect</Effect>
      </AltTexture>
      <AltTexture id="2">
         <Texture>
            <File>lofiObj3</File>
            <Index>0x2e4</Index>
         </Texture>
      </AltTexture>
      <AltTexture id="3">
         <Texture>
            <File>invisible</File>
            <Index>0</Index>
         </Texture>
         <Effect minRadius="0.5" maxRadius="5" color="0xA9D1A9" size="100" life="0.60" amount="100">ExplosionComplex</Effect>
      </AltTexture>
      <MinSize>90</MinSize>
      <MaxSize>120</MaxSize>
      <SizeStep>5</SizeStep>
      <ShadowSize>0</ShadowSize>
      <Sound id="0">monster/wooden_walls_death</Sound>
   </Object>
   <Object type="0x600e" id="Arena 5 East Gate Spawner">
      <Class>GameObject</Class>
      <Texture>
         <File>invisible</File>
         <Index>0</Index>
      </Texture>
      <AltTexture id="1">
         <Texture>
            <File>d3LofiObjEmbed</File>
            <Index>0x16b</Index>
         </Texture>
         <Effect particle="SwirlingMist" cooldown="0.1">XMLEffect</Effect>
      </AltTexture>
      <AltTexture id="4">
         <Texture>
            <File>d3LofiObjEmbed</File>
            <Index>0x16e</Index>
         </Texture>
         <Effect particle="SwirlingMist" cooldown="0.1">XMLEffect</Effect>
      </AltTexture>
      <AltTexture id="2">
         <Texture>
            <File>lofiObj3</File>
            <Index>0x2e3</Index>
         </Texture>
      </AltTexture>
      <AltTexture id="3">
         <Texture>
            <File>invisible</File>
            <Index>0</Index>
         </Texture>
         <Effect minRadius="0.5" maxRadius="5" color="0xA9D1A9" size="100" life="0.60" amount="100">ExplosionComplex</Effect>
      </AltTexture>
      <MinSize>90</MinSize>
      <MaxSize>120</MaxSize>
      <SizeStep>5</SizeStep>
      <ShadowSize>0</ShadowSize>
      <Sound id="0">monster/wooden_walls_death</Sound>
   </Object>
   <Object type="0x600d" id="Arena 5 West Gate Spawner">
      <Class>GameObject</Class>
      <Texture>
         <File>invisible</File>
         <Index>0</Index>
      </Texture>
      <AltTexture id="1">
         <Texture>
            <File>d3LofiObjEmbed</File>
            <Index>0x16a</Index>
         </Texture>
         <Effect particle="SwirlingMist" cooldown="0.1">XMLEffect</Effect>
      </AltTexture>
      <AltTexture id="4">
         <Texture>
            <File>d3LofiObjEmbed</File>
            <Index>0x16d</Index>
         </Texture>
         <Effect particle="SwirlingMist" cooldown="0.1">XMLEffect</Effect>
      </AltTexture>
      <AltTexture id="2">
         <Texture>
            <File>lofiObj3</File>
            <Index>0x2e2</Index>
         </Texture>
      </AltTexture>
      <AltTexture id="3">
         <Texture>
            <File>invisible</File>
            <Index>0</Index>
         </Texture>
         <Effect minRadius="0.5" maxRadius="5" color="0xA9D1A9" size="100" life="0.60" amount="100">ExplosionComplex</Effect>
      </AltTexture>
      <MinSize>90</MinSize>
      <MaxSize>120</MaxSize>
      <SizeStep>5</SizeStep>
      <ShadowSize>0</ShadowSize>
      <Sound id="0">monster/wooden_walls_death</Sound>
   </Object>
   <Object type="0x5e9a" id="Area 1 Controller">
      <DisplayId>Ghost of Skuld</DisplayId>
      <Class>Character</Class>
      <Texture>
         <File>invisible</File>
         <Index>0</Index>
      </Texture>
      <AltTexture id="1">
         <AnimatedTexture>
            <File>chars16x16rEncounters</File>
            <Index>66</Index>
         </AnimatedTexture>
      </AltTexture>
      <AltTexture id="2">
         <AnimatedTexture>
            <File>chars16x16rEncounters</File>
            <Index>66</Index>
         </AnimatedTexture>
         <Effect particle="SwirlingMist" cooldown="0.1">XMLEffect</Effect>
      </AltTexture>
      <AltTexture id="5">
         <AnimatedTexture>
            <File>chars16x16rEncounters</File>
            <Index>68</Index>
         </AnimatedTexture>
      </AltTexture>
      <AltTexture id="6">
         <AnimatedTexture>
            <File>chars16x16rEncounters</File>
            <Index>69</Index>
         </AnimatedTexture>
      </AltTexture>
      <AltTexture id="7">
         <AnimatedTexture>
            <File>chars16x16rEncounters</File>
            <Index>70</Index>
         </AnimatedTexture>
      </AltTexture>
      <AltTexture id="8">
         <AnimatedTexture>
            <File>chars16x16rEncounters</File>
            <Index>71</Index>
         </AnimatedTexture>
      </AltTexture>
      <AltTexture id="9">
         <AnimatedTexture>
            <File>chars16x16rEncounters</File>
            <Index>72</Index>
         </AnimatedTexture>
      </AltTexture>
      <AltTexture id="3">
         <Texture>
            <File>lofiCharBig</File>
            <Index>0x0a</Index>
         </Texture>
      </AltTexture>
      <AltTexture id="4">
         <Texture>
            <File>lofiCharBig</File>
            <Index>0x0b</Index>
         </Texture>
      </AltTexture>
      <NoMiniMap/>
      <Size>120</Size>
      <ShadowSize>0</ShadowSize>
   </Object>
   <Object type="0x5f21" id="Area 2 Controller">
      <DisplayId>Ghost of Skuld</DisplayId>
      <Class>Character</Class>
      <Texture>
         <File>invisible</File>
         <Index>0</Index>
      </Texture>
      <AltTexture id="1">
         <AnimatedTexture>
            <File>chars16x16rEncounters</File>
            <Index>66</Index>
         </AnimatedTexture>
      </AltTexture>
      <AltTexture id="2">
         <AnimatedTexture>
            <File>chars16x16rEncounters</File>
            <Index>66</Index>
         </AnimatedTexture>
         <Effect particle="SwirlingMist" cooldown="0.1">XMLEffect</Effect>
      </AltTexture>
      <AltTexture id="5">
         <AnimatedTexture>
            <File>chars16x16rEncounters</File>
            <Index>68</Index>
         </AnimatedTexture>
      </AltTexture>
      <AltTexture id="6">
         <AnimatedTexture>
            <File>chars16x16rEncounters</File>
            <Index>69</Index>
         </AnimatedTexture>
      </AltTexture>
      <AltTexture id="7">
         <AnimatedTexture>
            <File>chars16x16rEncounters</File>
            <Index>70</Index>
         </AnimatedTexture>
      </AltTexture>
      <AltTexture id="8">
         <AnimatedTexture>
            <File>chars16x16rEncounters</File>
            <Index>71</Index>
         </AnimatedTexture>
      </AltTexture>
      <AltTexture id="9">
         <AnimatedTexture>
            <File>chars16x16rEncounters</File>
            <Index>72</Index>
         </AnimatedTexture>
      </AltTexture>
      <AltTexture id="3">
         <Texture>
            <File>lofiCharBig</File>
            <Index>0x0a</Index>
         </Texture>
      </AltTexture>
      <AltTexture id="4">
         <Texture>
            <File>lofiCharBig</File>
            <Index>0x0b</Index>
         </Texture>
      </AltTexture>
      <NoMiniMap/>
      <Size>120</Size>
      <ShadowSize>0</ShadowSize>
   </Object>
   <Object type="0x5f22" id="Area 3 Controller">
      <DisplayId>Ghost of Skuld</DisplayId>
      <Class>Character</Class>
      <Texture>
         <File>invisible</File>
         <Index>0</Index>
      </Texture>
      <AltTexture id="1">
         <AnimatedTexture>
            <File>chars16x16rEncounters</File>
            <Index>66</Index>
         </AnimatedTexture>
      </AltTexture>
      <AltTexture id="2">
         <AnimatedTexture>
            <File>chars16x16rEncounters</File>
            <Index>66</Index>
         </AnimatedTexture>
         <Effect particle="SwirlingMist" cooldown="0.1">XMLEffect</Effect>
      </AltTexture>
      <AltTexture id="5">
         <AnimatedTexture>
            <File>chars16x16rEncounters</File>
            <Index>68</Index>
         </AnimatedTexture>
      </AltTexture>
      <AltTexture id="6">
         <AnimatedTexture>
            <File>chars16x16rEncounters</File>
            <Index>69</Index>
         </AnimatedTexture>
      </AltTexture>
      <AltTexture id="7">
         <AnimatedTexture>
            <File>chars16x16rEncounters</File>
            <Index>70</Index>
         </AnimatedTexture>
      </AltTexture>
      <AltTexture id="8">
         <AnimatedTexture>
            <File>chars16x16rEncounters</File>
            <Index>71</Index>
         </AnimatedTexture>
      </AltTexture>
      <AltTexture id="9">
         <AnimatedTexture>
            <File>chars16x16rEncounters</File>
            <Index>72</Index>
         </AnimatedTexture>
      </AltTexture>
      <AltTexture id="3">
         <Texture>
            <File>lofiCharBig</File>
            <Index>0x0a</Index>
         </Texture>
      </AltTexture>
      <AltTexture id="4">
         <Texture>
            <File>lofiCharBig</File>
            <Index>0x0b</Index>
         </Texture>
      </AltTexture>
      <NoMiniMap/>
      <Size>120</Size>
      <ShadowSize>0</ShadowSize>
   </Object>
   <Object type="0x5f23" id="Area 4 Controller">
      <DisplayId>Ghost of Skuld</DisplayId>
      <Class>Character</Class>
      <Texture>
         <File>invisible</File>
         <Index>0</Index>
      </Texture>
      <AltTexture id="1">
         <AnimatedTexture>
            <File>chars16x16rEncounters</File>
            <Index>66</Index>
         </AnimatedTexture>
      </AltTexture>
      <AltTexture id="2">
         <AnimatedTexture>
            <File>chars16x16rEncounters</File>
            <Index>66</Index>
         </AnimatedTexture>
         <Effect particle="SwirlingMist" cooldown="0.1">XMLEffect</Effect>
      </AltTexture>
      <AltTexture id="5">
         <AnimatedTexture>
            <File>chars16x16rEncounters</File>
            <Index>68</Index>
         </AnimatedTexture>
      </AltTexture>
      <AltTexture id="6">
         <AnimatedTexture>
            <File>chars16x16rEncounters</File>
            <Index>69</Index>
         </AnimatedTexture>
      </AltTexture>
      <AltTexture id="7">
         <AnimatedTexture>
            <File>chars16x16rEncounters</File>
            <Index>70</Index>
         </AnimatedTexture>
      </AltTexture>
      <AltTexture id="8">
         <AnimatedTexture>
            <File>chars16x16rEncounters</File>
            <Index>71</Index>
         </AnimatedTexture>
      </AltTexture>
      <AltTexture id="9">
         <AnimatedTexture>
            <File>chars16x16rEncounters</File>
            <Index>72</Index>
         </AnimatedTexture>
      </AltTexture>
      <AltTexture id="3">
         <Texture>
            <File>lofiCharBig</File>
            <Index>0x0a</Index>
         </Texture>
      </AltTexture>
      <AltTexture id="4">
         <Texture>
            <File>lofiCharBig</File>
            <Index>0x0b</Index>
         </Texture>
      </AltTexture>
      <NoMiniMap/>
      <Size>120</Size>
      <ShadowSize>0</ShadowSize>
   </Object>
   <Object type="0x5f24" id="Area 5 Controller">
      <DisplayId>Ghost of SKOLd</DisplayId>
      <Class>GameObject</Class>
      <Texture>
         <File>invisible</File>
         <Index>0</Index>
      </Texture>
      <Size>-1</Size>
   </Object>
   <Object type="0x600b" id="BattleMaster">
      <DisplayId>Ghost of Skuld</DisplayId>
      <Class>Character</Class>
      <Texture>
         <File>invisible</File>
         <Index>0</Index>
      </Texture>
      <AltTexture id="1">
         <AnimatedTexture>
            <File>chars16x16rEncounters</File>
            <Index>66</Index>
         </AnimatedTexture>
      </AltTexture>
      <AltTexture id="2">
         <AnimatedTexture>
            <File>chars16x16rEncounters</File>
            <Index>66</Index>
         </AnimatedTexture>
         <Effect particle="SwirlingMist" cooldown="0.1">XMLEffect</Effect>
      </AltTexture>
      <AltTexture id="5">
         <AnimatedTexture>
            <File>chars16x16rEncounters</File>
            <Index>68</Index>
         </AnimatedTexture>
      </AltTexture>
      <AltTexture id="6">
         <AnimatedTexture>
            <File>chars16x16rEncounters</File>
            <Index>69</Index>
         </AnimatedTexture>
      </AltTexture>
      <AltTexture id="7">
         <AnimatedTexture>
            <File>chars16x16rEncounters</File>
            <Index>70</Index>
         </AnimatedTexture>
      </AltTexture>
      <AltTexture id="8">
         <AnimatedTexture>
            <File>chars16x16rEncounters</File>
            <Index>71</Index>
         </AnimatedTexture>
      </AltTexture>
      <AltTexture id="9">
         <AnimatedTexture>
            <File>chars16x16rEncounters</File>
            <Index>72</Index>
         </AnimatedTexture>
      </AltTexture>
      <AltTexture id="3">
         <Texture>
            <File>lofiCharBig</File>
            <Index>0x0a</Index>
         </Texture>
      </AltTexture>
      <AltTexture id="4">
         <Texture>
            <File>lofiCharBig</File>
            <Index>0x0b</Index>
         </Texture>
      </AltTexture>
      <Size>120</Size>
      <ShadowSize>0</ShadowSize>
      <NoMiniMap/>
      <Projectile id="0">
         <ObjectId>Ghost X</ObjectId>
         <Damage>70</Damage>
         <Speed>75</Speed>
         <Size>100</Size>
         <LifetimeMS>1200</LifetimeMS>
         <PassesCover/>
         <ConditionEffect duration="0.4">Paralyzed</ConditionEffect>
      </Projectile>
   </Object>
   <Object type="0x6008" id="Skuld Summoner">
      <Class>GameObject</Class>
      <AnimatedTexture>
         <File>chars16x16rEncounters</File>
         <Index>66</Index>
      </AnimatedTexture>
      <Size>0</Size>
   </Object>
   <Object type="0x5f09" id="Arena Hay Stack">
      <Class>GameObject</Class>
      <Texture>
         <File>lofiObj3</File>
         <Index>0x30e</Index>
      </Texture>
      <Static/>
      <OccupySquare/>
      <NoMiniMap/>
   </Object>
   <Object type="0x5f1a" id="Arena Dead Tree">
      <Class>GameObject</Class>
      <RandomTexture>
         <Texture>
            <File>lofiObjBig</File>
            <Index>0x90</Index>
         </Texture>
         <Texture>
            <File>lofiObjBig</File>
            <Index>0x91</Index>
         </Texture>
         <Texture>
            <File>lofiObjBig</File>
            <Index>0x92</Index>
         </Texture>
         <Texture>
            <File>lofiObjBig</File>
            <Index>0x93</Index>
         </Texture>
      </RandomTexture>
      <Static/>
      <OccupySquare/>
      <EnemyOccupySquare/>
   </Object>
   <Object type="0x5f1b" id="Arena Statue">
      <Class>GameObject</Class>
      <RandomTexture>
         <Texture>
            <File>lofiObjBig</File>
            <Index>0x94</Index>
         </Texture>
         <Texture>
            <File>lofiObjBig</File>
            <Index>0x95</Index>
         </Texture>
      </RandomTexture>
      <Static/>
      <OccupySquare/>
   </Object>
   <Object type="0xb91" id="Arena Memorial 1">
      <Class>GameObject</Class>
      <Texture>
         <File>lofiGravestone16x16</File>
         <Index>0x11</Index>
      </Texture>
      <Static/>
      <OccupySquare/>
      <EnemyOccupySquare/>
   </Object>
   <Object type="0xb92" id="Arena Memorial 2">
      <Class>GameObject</Class>
      <Texture>
         <File>lofiGravestone16x16</File>
         <Index>0x13</Index>
      </Texture>
      <Static/>
      <OccupySquare/>
      <EnemyOccupySquare/>
   </Object>
   <Object type="0xb93" id="Arena Memorial 3">
      <Class>GameObject</Class>
      <Texture>
         <File>lofiGravestone16x16</File>
         <Index>0x14</Index>
      </Texture>
      <Static/>
      <OccupySquare/>
      <EnemyOccupySquare/>
   </Object>
   <Object type="0xb94" id="Arena Memorial 4">
      <Class>GameObject</Class>
      <Texture>
         <File>lofiGravestone16x16</File>
         <Index>0x15</Index>
      </Texture>
      <Static/>
      <OccupySquare/>
      <EnemyOccupySquare/>
   </Object>
   <Object type="0xb95" id="Arena Memorial 5">
      <Class>GameObject</Class>
      <Texture>
         <File>lofiGravestone16x16</File>
         <Index>0x16</Index>
      </Texture>
      <Static/>
      <OccupySquare/>
      <EnemyOccupySquare/>
   </Object>
   <Object type="0xb96" id="Arena Memorial 6">
      <Class>GameObject</Class>
      <Texture>
         <File>lofiGravestone16x16</File>
         <Index>0x17</Index>
      </Texture>
      <Static/>
      <OccupySquare/>
      <EnemyOccupySquare/>
   </Object>
   <Object type="0x6e0a" id="Smitty Werbenjagermanjensen's Grave">
      <Class>GameObject</Class>
      <Texture>
         <File>lofiObjBig</File>
         <Index>0x18c</Index>
      </Texture>
      <Size>120</Size>
      <ShadowSize>50</ShadowSize>
      <Static/>
      <OccupySquare/>
   </Object>
   <Object type="0x6656" id="Hallowrena Event Controller">
      <Enemy/>
      <Invincible/>
      <Class>GameObject</Class>
      <Texture>
         <File>lofiObj3</File>
         <Index>0x273</Index>
      </Texture>
      <Size>0</Size>
   </Object>
   <Object type="0x809e" id="Arena Master Anchor">
      <Class>GameObject</Class>
      <Texture>
         <File>lofiEnvironment</File>
         <Index>0x94</Index>
      </Texture>
      <Size>0</Size>
   </Object>
   <Object type="0xb97" id="Arena Caretaker Anchor 1L">
      <Class>GameObject</Class>
      <Texture>
         <File>lofiEnvironment</File>
         <Index>0x94</Index>
      </Texture>
      <Size>0</Size>
   </Object>
   <Object type="0xb98" id="Arena Caretaker Anchor 2L">
      <Class>GameObject</Class>
      <Texture>
         <File>lofiEnvironment</File>
         <Index>0x94</Index>
      </Texture>
      <Size>0</Size>
   </Object>
   <Object type="0xdb3" id="Arena Caretaker Anchor 3L">
      <Class>GameObject</Class>
      <Texture>
         <File>lofiEnvironment</File>
         <Index>0x94</Index>
      </Texture>
      <Size>0</Size>
   </Object>
   <Object type="0xdb4" id="Arena Caretaker Anchor 4L">
      <Class>GameObject</Class>
      <Texture>
         <File>lofiEnvironment</File>
         <Index>0x94</Index>
      </Texture>
      <Size>0</Size>
   </Object>
   <Object type="0xdb5" id="Arena Caretaker Anchor 1R">
      <Class>GameObject</Class>
      <Texture>
         <File>lofiEnvironment</File>
         <Index>0x94</Index>
      </Texture>
      <Size>0</Size>
   </Object>
   <Object type="0xdb6" id="Arena Caretaker Anchor 2R">
      <Class>GameObject</Class>
      <Texture>
         <File>lofiEnvironment</File>
         <Index>0x94</Index>
      </Texture>
      <Size>0</Size>
   </Object>
   <Object type="0xdb7" id="Arena Caretaker Anchor 3R">
      <Class>GameObject</Class>
      <Texture>
         <File>lofiEnvironment</File>
         <Index>0x94</Index>
      </Texture>
      <Size>0</Size>
   </Object>
   <Object type="0xdb8" id="Arena Caretaker Anchor 4R">
      <Class>GameObject</Class>
      <Texture>
         <File>lofiEnvironment</File>
         <Index>0x94</Index>
      </Texture>
      <Size>0</Size>
   </Object>
   <Object type="0xdb9" id="Arena Caretaker Anchor Mid">
      <DisplayId>Grave Caretaker</DisplayId>
      <Enemy/>
      <Class>GameObject</Class>
      <Texture>
         <File>lofiEnvironment</File>
         <Index>0x94</Index>
      </Texture>
      <Size>0</Size>
      <Invincible/>
      <Projectile id="0">
         <ObjectId>Fire Spinner</ObjectId>
         <Damage>60</Damage>
         <Speed>0</Speed>
         <Size>80</Size>
         <LifetimeMS>2000</LifetimeMS>
         <ConditionEffect duration="3">Armor Broken</ConditionEffect>
         <ArmorPiercing/>
      </Projectile>
   </Object>
   <Object type="0xb82" id="Arena Cowardice 1">
      <Class>GameObject</Class>
      <Texture>
         <File>lofiEnvironment</File>
         <Index>0x7c</Index>
      </Texture>
      <Size>0</Size>
   </Object>
   <Object type="0xb83" id="Arena Cowardice 2">
      <Class>GameObject</Class>
      <Texture>
         <File>lofiEnvironment</File>
         <Index>0x7c</Index>
      </Texture>
      <Size>0</Size>
   </Object>
   <Object type="0xb84" id="Arena Cowardice 3">
      <Class>GameObject</Class>
      <Texture>
         <File>lofiEnvironment</File>
         <Index>0x7c</Index>
      </Texture>
      <Size>0</Size>
   </Object>
   <Object type="0xb85" id="Arena Cowardice 4">
      <Class>GameObject</Class>
      <Texture>
         <File>lofiEnvironment</File>
         <Index>0x7c</Index>
      </Texture>
      <Size>0</Size>
   </Object>
   <Object type="0xb71" id="Arena DC">
      <Class>GameObject</Class>
      <Texture>
         <File>lofiEnvironment3</File>
         <Index>0x22</Index>
      </Texture>
      <Size>-1</Size>
      <Static/>
      <OccupySquare/>
      <EnemyOccupySquare/>
      <FullOccupy/>
      <NoMiniMap/>
   </Object>
   <Object type="0xb7e" id="Gate Entry Side Pass">
      <Class>GameObject</Class>
      <Model>Gate Entry</Model>
      <Texture>
         <File>lofiObjBig</File>
         <Index>0x77</Index>
      </Texture>
      <Static/>
      <ShadowSize>0</ShadowSize>
      <Rotation>180</Rotation>
   </Object>
   <Object type="0xb7f" id="Gate Entry Side 2 Pass">
      <Class>GameObject</Class>
      <Model>Gate Entry 2</Model>
      <Texture>
         <File>lofiObjBig</File>
         <Index>0x8a</Index>
      </Texture>
      <Static/>
      <ShadowSize>0</ShadowSize>
      <Rotation>180</Rotation>
   </Object>
   <Object type="0xb80" id="Arena Enter Gate 1 Helper">
      <Class>GameObject</Class>
      <Texture>
         <File>lofiEnvironment</File>
         <Index>0xa4</Index>
      </Texture>
      <Size>-1</Size>
      <Sound id="1">weapon/mithril_sword</Sound>
   </Object>
   <Object type="0xb81" id="Arena Exit Gate 1 Helper">
      <Class>GameObject</Class>
      <Texture>
         <File>lofiEnvironment</File>
         <Index>0xa4</Index>
      </Texture>
      <Size>-1</Size>
      <Sound id="1">weapon/mithril_sword</Sound>
   </Object>
   <Object type="0xb86" id="Arena Enter Gate 2 Helper">
      <Class>GameObject</Class>
      <Texture>
         <File>lofiEnvironment</File>
         <Index>0xa4</Index>
      </Texture>
      <Size>-1</Size>
      <Sound id="1">weapon/mithril_sword</Sound>
   </Object>
   <Object type="0xb87" id="Arena Exit Gate 2 Helper">
      <Class>GameObject</Class>
      <Texture>
         <File>lofiEnvironment</File>
         <Index>0xa4</Index>
      </Texture>
      <Size>-1</Size>
      <Sound id="1">weapon/mithril_sword</Sound>
   </Object>
   <Object type="0xb88" id="Arena Enter Gate 3 Helper">
      <Class>GameObject</Class>
      <Texture>
         <File>lofiEnvironment</File>
         <Index>0xa4</Index>
      </Texture>
      <Size>-1</Size>
      <Sound id="1">weapon/mithril_sword</Sound>
   </Object>
   <Object type="0xb89" id="Arena Exit Gate 3 Helper">
      <Class>GameObject</Class>
      <Texture>
         <File>lofiEnvironment</File>
         <Index>0xa4</Index>
      </Texture>
      <Size>-1</Size>
      <Sound id="1">weapon/mithril_sword</Sound>
   </Object>
   <Object type="0xb8a" id="Arena Enter Gate 4 Helper">
      <Class>GameObject</Class>
      <Texture>
         <File>lofiEnvironment</File>
         <Index>0xa4</Index>
      </Texture>
      <Size>-1</Size>
      <Sound id="1">weapon/mithril_sword</Sound>
   </Object>
   <Object type="0xb8b" id="Arena Exit Gate 4 Helper">
      <Class>GameObject</Class>
      <Texture>
         <File>lofiEnvironment</File>
         <Index>0xa4</Index>
      </Texture>
      <Size>-1</Size>
      <Sound id="1">weapon/mithril_sword</Sound>
   </Object>
   <Object type="0xb8c" id="Arena Passage 1 Helper">
      <Class>GameObject</Class>
      <Texture>
         <File>lofiEnvironment</File>
         <Index>0xa4</Index>
      </Texture>
      <Size>0</Size>
   </Object>
   <Object type="0xb8d" id="Arena Passage 2 Helper">
      <DisplayId>Adam Thielen</DisplayId>
      <Class>GameObject</Class>
      <Texture>
         <File>lofiEnvironment</File>
         <Index>0xa4</Index>
      </Texture>
      <Size>0</Size>
   </Object>
   <Object type="0xb8e" id="Arena Passage 2 Helper Wideout">
      <DisplayId>Stefon Diggs</DisplayId>
      <Class>GameObject</Class>
      <Texture>
         <File>lofiEnvironment</File>
         <Index>0xa4</Index>
      </Texture>
      <Size>0</Size>
   </Object>
   <Object type="0xb8f" id="Arena Passage 3 Helper">
      <Class>GameObject</Class>
      <Texture>
         <File>lofiEnvironment</File>
         <Index>0xa4</Index>
      </Texture>
      <Size>0</Size>
   </Object>
   <Object type="0xb90" id="Arena Passage 4 Helper">
      <Class>GameObject</Class>
      <Texture>
         <File>lofiEnvironment</File>
         <Index>0xa4</Index>
      </Texture>
      <Size>0</Size>
   </Object>
</Objects>
