<Objects>
  <Object type="0x651" id="White Demon">
    <Group>Greater Demons</Group>
    <Enemy />
    <Class>Character</Class>
    <AnimatedTexture>
      <File>chars16x16dMountains1</File>
      <Index>0x00</Index>
    </AnimatedTexture>
    <HitSound>monster/greater_demons_hit</HitSound>
    <DeathSound>monster/greater_demons_death</DeathSound>
    <Size>100</Size>
    <MaxHitPoints>1000</MaxHitPoints>
    <Defense>12</Defense>
    <Terrain>Mountains</Terrain>
    <SpawnProb>1.0</SpawnProb>
    <Spawn>
      <Mean>2</Mean>
      <StdDev>1</StdDev>
      <Min>2</Min>
      <Max>4</Max>
    </Spawn>
    <Flying />
    <God />
    <Projectile id="0">
      <ObjectId>White Demon Shot</ObjectId>
      <Damage>45</Damage>
      <Speed>50</Speed>
      <LifetimeMS>2000</LifetimeMS>
      <Size>60</Size>
      <ArmorPiercing />
      <MultiHit />
    </Projectile>
    <Behavior bucket="movement" minAltitude="200">StayAbove</Behavior>
    <Behavior projectileId="0" numShots="3" range="10" cooldown=".7" angle="30" predictive="1">Shoot</Behavior>
    <Behavior bucket="movement" range="7" speed="1">Follow</Behavior>
    <Behavior bucket="movement" speed="0.4">Wander</Behavior>
    <SoulboundLoot tier="6" prob=".02">Weapon</SoulboundLoot>
    <SoulboundLoot tier="7" prob=".01">Weapon</SoulboundLoot>
    <SoulboundLoot tier="8" prob=".005">Weapon</SoulboundLoot>
    <SoulboundLoot tier="7" prob=".02">Armor</SoulboundLoot>
    <SoulboundLoot tier="8" prob=".01">Armor</SoulboundLoot>
    <SoulboundLoot tier="9" prob=".005">Armor</SoulboundLoot>
    <SoulboundLoot tier="3" prob=".0075">Ring</SoulboundLoot>
    <SoulboundLoot tier="4" prob=".0025">Ring</SoulboundLoot>
    <SoulboundLoot prob="0.015" threshold=".18">Potion of Attack</SoulboundLoot>
  </Object>
  <Object type="0x652" id="Sprite God">
    <Enemy />
    <Class>Character</Class>
    <AnimatedTexture>
      <File>chars16x16dMountains1</File>
      <Index>0x01</Index>
    </AnimatedTexture>
    <HitSound>monster/sprite_god_hit</HitSound>
    <DeathSound>monster/sprite_god_death</DeathSound>
    <Size>100</Size>
    <MaxHitPoints>2000</MaxHitPoints>
    <Defense>12</Defense>
    <Terrain>Mountains</Terrain>
    <SpawnProb>1.0</SpawnProb>
    <Flying />
    <God />
    <Projectile id="0">
      <ObjectId>Purple Magic</ObjectId>
      <Damage>100</Damage>
      <Speed>70</Speed>
      <LifetimeMS>2000</LifetimeMS>
    </Projectile>
    <Projectile id="1">
      <ObjectId>Grey Boomerang</ObjectId>
      <Damage>0</Damage>
      <Speed>60</Speed>
      <LifetimeMS>2400</LifetimeMS>
      <ConditionEffect duration="10">Quiet</ConditionEffect>
      <MultiHit />
      <ParticleTrail />
    </Projectile>
    <Behavior bucket="movement" minAltitude="200">StayAbove</Behavior>
    <Behavior projectileId="0" numShots="4" range="12" angle="10">Shoot</Behavior>
    <Behavior projectileId="1" range="10" predictive="1">Shoot</Behavior>
    <Behavior>Wander</Behavior>
    <Behavior childIds="Sprite Child" maxChildren="5" cooldown="10">MakeMinions</Behavior>
    <SoulboundLoot tier="6" prob=".02">Weapon</SoulboundLoot>
    <SoulboundLoot tier="7" prob=".01">Weapon</SoulboundLoot>
    <SoulboundLoot tier="8" prob=".005">Weapon</SoulboundLoot>
    <SoulboundLoot tier="7" prob=".02">Armor</SoulboundLoot>
    <SoulboundLoot tier="8" prob=".01">Armor</SoulboundLoot>
    <SoulboundLoot tier="9" prob=".005">Armor</SoulboundLoot>
    <SoulboundLoot tier="4" prob=".01">Ring</SoulboundLoot>
    <SoulboundLoot tier="4" prob=".01">ClassSpecial</SoulboundLoot>
    <SoulboundLoot prob="0.02" threshold=".18">Potion of Attack</SoulboundLoot>
  </Object>
  <Object type="0x653" id="Sprite Child">
    <Enemy />
    <Class>Character</Class>
    <Texture>
      <File>lofiChar8x8</File>
      <Index>0x9b</Index>
    </Texture>
    <HitSound>monster/sprites_hit</HitSound>
    <DeathSound>monster/sprites_death</DeathSound>
    <Size>75</Size>
    <MaxHitPoints>50</MaxHitPoints>
    <Defense>0</Defense>
    <Terrain>Mountains</Terrain>
    <Flying />
    <Behavior bucket="movement" minAltitude="200">StayAbove</Behavior>
    <Behavior>Wander</Behavior>
    <Behavior protecteeId="Sprite God">Protect</Behavior>
    <Behavior prob=".1" childId="Glowing Portal">MetamorphoseAtDeath</Behavior>
  </Object>
  <Object type="0x654" id="Medusa">
    <Group>Gods</Group>
    <Enemy />
    <Class>Character</Class>
    <AnimatedTexture>
      <File>chars16x16dMountains1</File>
      <Index>0x02</Index>
    </AnimatedTexture>
    <HitSound>monster/medusa_hit</HitSound>
    <DeathSound>monster/medusa_death</DeathSound>
    <Size>100</Size>
    <MaxHitPoints>2000</MaxHitPoints>
    <Defense>18</Defense>
    <Terrain>Mountains</Terrain>
    <SpawnProb>1.0</SpawnProb>
    <Spawn>
      <Mean>3</Mean>
      <StdDev>1</StdDev>
      <Min>2</Min>
      <Max>5</Max>
    </Spawn>
    <God />
    <Projectile id="0">
      <ObjectId>Green Bolt</ObjectId>
      <Damage>100</Damage>
      <Speed>70</Speed>
      <LifetimeMS>2000</LifetimeMS>
    </Projectile>
    <Behavior bucket="movement" minAltitude="200">StayAbove</Behavior>
    <Behavior projectileId="0" numShots="5" range="12" cooldown="1" angle="10" predictive="0">Shoot</Behavior>
    <Behavior bucket="movement" range="7" speed="1">Follow</Behavior>
    <Behavior bucket="movement" speed="0.4">Wander</Behavior>
    <Behavior range="8" cooldown="3" radius="4" damage="150">GrenadeToss</Behavior>
    <Behavior prob=".04" childId="Abyss of Demons Portal">MetamorphoseAtDeath</Behavior>
    <SoulboundLoot tier="6" prob=".02">Weapon</SoulboundLoot>
    <SoulboundLoot tier="7" prob=".01">Weapon</SoulboundLoot>
    <SoulboundLoot tier="8" prob=".005">Weapon</SoulboundLoot>
    <SoulboundLoot tier="7" prob=".02">Armor</SoulboundLoot>
    <SoulboundLoot tier="8" prob=".01">Armor</SoulboundLoot>
    <SoulboundLoot tier="9" prob=".005">Armor</SoulboundLoot>
    <SoulboundLoot tier="3" prob=".0075">Ring</SoulboundLoot>
    <SoulboundLoot tier="4" prob=".0025">Ring</SoulboundLoot>
    <SoulboundLoot tier="4" prob=".01">ClassSpecial</SoulboundLoot>
    <SoulboundLoot prob="0.015" threshold=".18">Potion of Speed</SoulboundLoot>
  </Object>
  <Object type="0x655" id="Ent God">
    <Group>Gods</Group>
    <Enemy />
    <Class>Character</Class>
    <AnimatedTexture>
      <File>chars16x16dMountains1</File>
      <Index>0x04</Index>
    </AnimatedTexture>
    <HitSound>monster/ents_hit</HitSound>
    <DeathSound>monster/ents_death</DeathSound>
    <Size>100</Size>
    <MaxHitPoints>1000</MaxHitPoints>
    <Defense>18</Defense>
    <Terrain>Mountains</Terrain>
    <SpawnProb>1.0</SpawnProb>
    <Spawn>
      <Mean>3</Mean>
      <StdDev>1</StdDev>
      <Min>2</Min>
      <Max>5</Max>
    </Spawn>
    <God />
    <Projectile id="0">
      <ObjectId>Fire Bolt</ObjectId>
      <Damage>70</Damage>
      <Speed>80</Speed>
      <LifetimeMS>2000</LifetimeMS>
      <MultiHit />
    </Projectile>
    <Behavior bucket="movement" minAltitude="200">StayAbove</Behavior>
    <Behavior projectileId="0" numShots="5" range="12" cooldown="1.25" angle="10" predictive="1">Shoot</Behavior>
    <Behavior bucket="movement" range="7" speed="1">Follow</Behavior>
    <Behavior bucket="movement" speed="0.4">Wander</Behavior>
    <SoulboundLoot tier="6" prob=".02">Weapon</SoulboundLoot>
    <SoulboundLoot tier="7" prob=".01">Weapon</SoulboundLoot>
    <SoulboundLoot tier="8" prob=".005">Weapon</SoulboundLoot>
    <SoulboundLoot tier="7" prob=".02">Armor</SoulboundLoot>
    <SoulboundLoot tier="8" prob=".01">Armor</SoulboundLoot>
    <SoulboundLoot tier="9" prob=".005">Armor</SoulboundLoot>
    <SoulboundLoot tier="4" prob=".01">ClassSpecial</SoulboundLoot>
    <SoulboundLoot prob="0.02" threshold=".18">Potion of Defense</SoulboundLoot>
  </Object>
  <Object type="0x656" id="Beholder">
    <Group>Gods</Group>
    <Enemy />
    <Class>Character</Class>
    <AnimatedTexture>
      <File>chars16x16dMountains1</File>
      <Index>0x05</Index>
    </AnimatedTexture>
    <HitSound>monster/beholder_hit</HitSound>
    <DeathSound>monster/beholder_death</DeathSound>
    <Size>100</Size>
    <MaxHitPoints>1500</MaxHitPoints>
    <Defense>12</Defense>
    <Terrain>Mountains</Terrain>
    <SpawnProb>1.0</SpawnProb>
    <Spawn>
      <Mean>3</Mean>
      <StdDev>1</StdDev>
      <Min>2</Min>
      <Max>7</Max>
    </Spawn>
    <Flying />
    <God />
    <Projectile id="0">
      <ObjectId>White Bolt</ObjectId>
      <Damage>120</Damage>
      <Speed>50</Speed>
      <LifetimeMS>2700</LifetimeMS>
      <Size>120</Size>
    </Projectile>
    <Projectile id="1">
      <ObjectId>Purple Star</ObjectId>
      <Damage>0</Damage>
      <Speed>70</Speed>
      <LifetimeMS>3000</LifetimeMS>
      <ConditionEffect duration="5">Blind</ConditionEffect>
    </Projectile>
    <Behavior bucket="movement" minAltitude="200">StayAbove</Behavior>
    <Behavior projectileId="0" numShots="5" range="12" cooldown="0.75" angle="72" predictive="0.5">Shoot</Behavior>
    <Behavior projectileId="1" range="10" predictive="1">Shoot</Behavior>
    <Behavior bucket="movement" range="7" speed="1">Follow</Behavior>
    <Behavior bucket="movement" speed="0.4">Wander</Behavior>
    <SoulboundLoot tier="6" prob=".02">Weapon</SoulboundLoot>
    <SoulboundLoot tier="7" prob=".01">Weapon</SoulboundLoot>
    <SoulboundLoot tier="8" prob=".005">Weapon</SoulboundLoot>
    <SoulboundLoot tier="7" prob=".02">Armor</SoulboundLoot>
    <SoulboundLoot tier="8" prob=".01">Armor</SoulboundLoot>
    <SoulboundLoot tier="9" prob=".005">Armor</SoulboundLoot>
    <SoulboundLoot tier="3" prob=".0075">Ring</SoulboundLoot>
    <SoulboundLoot tier="4" prob=".0025">Ring</SoulboundLoot>
    <SoulboundLoot prob="0.015" threshold=".18">Potion of Defense</SoulboundLoot>
  </Object>
  <Object type="0x657" id="Flying Brain">
    <Group>Gods</Group>
    <Enemy />
    <Class>Character</Class>
    <AnimatedTexture>
      <File>chars16x16dMountains1</File>
      <Index>0x06</Index>
    </AnimatedTexture>
    <HitSound>monster/flying_brain_hit</HitSound>
    <DeathSound>monster/flying_brain_death</DeathSound>
    <Size>100</Size>
    <MaxHitPoints>1000</MaxHitPoints>
    <Defense>12</Defense>
    <Terrain>Mountains</Terrain>
    <SpawnProb>1.0</SpawnProb>
    <Spawn>
      <Mean>3</Mean>
      <StdDev>1</StdDev>
      <Min>2</Min>
      <Max>5</Max>
    </Spawn>
    <Flying />
    <God />
    <Projectile id="0">
      <ObjectId>Pink Bolt</ObjectId>
      <Damage>50</Damage>
      <Speed>120</Speed>
      <LifetimeMS>1800</LifetimeMS>
    </Projectile>
    <Behavior bucket="movement" minAltitude="200">StayAbove</Behavior>
    <Behavior projectileId="0" numShots="5" range="12" cooldown="0.5" angle="72">Shoot</Behavior>
    <Behavior bucket="movement" range="7" speed="1">Follow</Behavior>
    <Behavior bucket="movement" speed="0.4">Wander</Behavior>
    <Behavior prob=".02" childId="Mad Lab Portal">MetamorphoseAtDeath</Behavior>
    <SoulboundLoot tier="6" prob=".02">Weapon</SoulboundLoot>
    <SoulboundLoot tier="7" prob=".01">Weapon</SoulboundLoot>
    <SoulboundLoot tier="7" prob=".02">Armor</SoulboundLoot>
    <SoulboundLoot tier="8" prob=".01">Armor</SoulboundLoot>
    <SoulboundLoot tier="3" prob=".0075">Ring</SoulboundLoot>
    <SoulboundLoot tier="4" prob=".0025">Ring</SoulboundLoot>
    <SoulboundLoot tier="4" prob=".01">ClassSpecial</SoulboundLoot>
    <SoulboundLoot prob="0.02" threshold=".18">Potion of Attack</SoulboundLoot>
  </Object>
  <Object type="0x658" id="Slime God">
    <Group>Gods</Group>
    <Enemy />
    <Class>Character</Class>
    <AnimatedTexture>
      <File>chars16x16dMountains1</File>
      <Index>0x07</Index>
    </AnimatedTexture>
    <HitSound>monster/slimes_hit</HitSound>
    <DeathSound>monster/slimes_death</DeathSound>
    <Size>100</Size>
    <MaxHitPoints>1000</MaxHitPoints>
    <Defense>12</Defense>
    <Terrain>Mountains</Terrain>
    <SpawnProb>1.0</SpawnProb>
    <God />
    <Projectile id="0">
      <ObjectId>Red Fire</ObjectId>
      <Damage>80</Damage>
      <Speed>100</Speed>
      <LifetimeMS>1100</LifetimeMS>
    </Projectile>
    <Projectile id="1">
      <ObjectId>Green Star</ObjectId>
      <Damage>0</Damage>
      <Speed>70</Speed>
      <LifetimeMS>2000</LifetimeMS>
      <ConditionEffect duration="6">Slowed</ConditionEffect>
    </Projectile>
    <Behavior bucket="movement" minAltitude="200">StayAbove</Behavior>
    <Behavior projectileId="0" numShots="5" range="12" cooldown="1" angle="10" predictive="1">Shoot</Behavior>
    <Behavior projectileId="1" range="10" predictive="1" cooldown="0.65">Shoot</Behavior>
    <Behavior bucket="movement" range="7" speed="1">Follow</Behavior>
    <Behavior bucket="movement" speed="0.4">Wander</Behavior>
    <SoulboundLoot tier="6" prob=".02">Weapon</SoulboundLoot>
    <SoulboundLoot tier="7" prob=".01">Weapon</SoulboundLoot>
    <SoulboundLoot tier="8" prob=".005">Weapon</SoulboundLoot>
    <SoulboundLoot tier="7" prob=".02">Armor</SoulboundLoot>
    <SoulboundLoot tier="8" prob=".01">Armor</SoulboundLoot>
    <SoulboundLoot tier="9" prob=".005">Armor</SoulboundLoot>
    <SoulboundLoot tier="4" prob=".01">ClassSpecial</SoulboundLoot>
    <SoulboundLoot prob="0.02" threshold=".18">Potion of Defense</SoulboundLoot>
  </Object>
  <Object type="0x659" id="Ghost God">
    <Group>Gods</Group>
    <Enemy />
    <Class>Character</Class>
    <AnimatedTexture>
      <File>chars16x16dMountains2</File>
      <Index>0</Index>
    </AnimatedTexture>
    <HitSound>monster/ghost_god_hit</HitSound>
    <DeathSound>monster/ghost_god_death</DeathSound>
    <Size>100</Size>
    <MaxHitPoints>1000</MaxHitPoints>
    <Defense>12</Defense>
    <Terrain>Mountains</Terrain>
    <SpawnProb>1.0</SpawnProb>
    <Spawn>
      <Mean>3</Mean>
      <StdDev>1</StdDev>
      <Min>2</Min>
      <Max>5</Max>
    </Spawn>
    <Flying />
    <God />
    <Projectile id="0">
      <ObjectId>White Bolt</ObjectId>
      <Damage>120</Damage>
      <Speed>50</Speed>
      <LifetimeMS>2700</LifetimeMS>
      <Size>110</Size>
    </Projectile>
    <Behavior bucket="movement" minAltitude="200">StayAbove</Behavior>
    <Behavior projectileId="0" numShots="7" range="12" cooldown="0.9" angle="25" predictive="0.5">Shoot</Behavior>
    <Behavior bucket="movement" range="7" speed="1">Follow</Behavior>
    <Behavior bucket="movement" speed="0.4">Wander</Behavior>
    <Behavior prob=".04" childId="Undead Lair Portal">MetamorphoseAtDeath</Behavior>
    <SoulboundLoot tier="6" prob=".02">Weapon</SoulboundLoot>
    <SoulboundLoot tier="7" prob=".01">Weapon</SoulboundLoot>
    <SoulboundLoot tier="7" prob=".02">Armor</SoulboundLoot>
    <SoulboundLoot tier="8" prob=".01">Armor</SoulboundLoot>
    <SoulboundLoot tier="3" prob=".0075">Ring</SoulboundLoot>
    <SoulboundLoot tier="4" prob=".0025">Ring</SoulboundLoot>
    <SoulboundLoot tier="4" prob=".01">ClassSpecial</SoulboundLoot>
    <SoulboundLoot prob="0.02" threshold=".18">Potion of Speed</SoulboundLoot>
  </Object>
  <Object type="0x0905" id="Rock Bot">
    <Group>Rocks</Group>
    <Enemy />
    <Class>Character</Class>
    <DisplayId>Rock Construct</DisplayId>
    <Texture>
      <File>lofiChar216x16</File>
      <Index>0x24</Index>
    </Texture>
    <HitSound>monster/stone_walls_hit</HitSound>
    <DeathSound>monster/stone_walls_death</DeathSound>
    <Projectile id="0">
      <ObjectId>White Bullet</ObjectId>
      <Speed>70</Speed>
      <Damage>80</Damage>
      <Size>80</Size>
      <LifetimeMS>2000</LifetimeMS>
      <MultiHit />
    </Projectile>
    <MaxHitPoints>2000</MaxHitPoints>
    <Size>70</Size>
    <Defense>20</Defense>
    <Exp>390</Exp>
    <Terrain>Mountains</Terrain>
    <SpawnProb>0.3</SpawnProb>
    <God />
    <!-- LOOT -->
    <SoulboundLoot tier="5" prob=".16">Weapon</SoulboundLoot>
    <SoulboundLoot tier="6" prob=".08">Weapon</SoulboundLoot>
    <SoulboundLoot tier="7" prob=".04">Weapon</SoulboundLoot>
    <SoulboundLoot tier="5" prob=".16">Armor</SoulboundLoot>
    <SoulboundLoot tier="6" prob=".08">Armor</SoulboundLoot>
    <SoulboundLoot tier="7" prob=".04">Armor</SoulboundLoot>
    <SoulboundLoot tier="3" prob=".05">Ring</SoulboundLoot>
    <SoulboundLoot tier="3" prob=".1">ClassSpecial</SoulboundLoot>
    <SoulboundLoot prob="0.015" threshold=".18">Potion of Attack</SoulboundLoot>
    <!-- STATES -->
    <State id="Waiting">
      <Behavior childIds="Paper Bot" cooldown="10" maxChildren="1">MakeMinions</Behavior>
      <Behavior childIds="Steel Bot" cooldown="10" maxChildren="1">MakeMinions</Behavior>
      <Order>
        <Behavior protecteeId="Rock Bot">Protect</Behavior>
      </Order>
      <Transition playerWithin="15">Attacking</Transition>
    </State>
    <State id="Attacking">
      <State id="Circling">
        <Order>
          <Behavior type="Flash" color="000000" flashPeriod="5" flashRepeats="100">ShowEffect</Behavior>
        </Order>
        <Behavior numShots="1" projectileId="0" cooldown="2">Shoot</Behavior>
        <Behavior distance="4" speed="3">Swirl</Behavior>
        <Behavior targetGroups="Papers" cooldown="1">Heal</Behavior>
        <Behavior prob="1" text="We are impervious to non-mystic attacks!">Say</Behavior>
      </State>
      <Transition noPlayerWithin="30">Waiting</Transition>
    </State>
  </Object>
  <Object type="0x0906" id="Paper Bot">
    <Group>Papers</Group>
    <Enemy />
    <Class>Character</Class>
    <DisplayId>Wood Construct</DisplayId>
    <Texture>
      <File>lofiChar216x16</File>
      <Index>0x25</Index>
    </Texture>
    <HitSound>monster/wooden_walls_hit</HitSound>
    <DeathSound>monster/wooden_walls_death</DeathSound>
    <Projectile id="0">
      <ObjectId>White Bullet</ObjectId>
      <Speed>30</Speed>
      <Damage>50</Damage>
      <Size>50</Size>
      <LifetimeMS>4000</LifetimeMS>
      <MultiHit />
    </Projectile>
    <MaxHitPoints>2000</MaxHitPoints>
    <Size>70</Size>
    <Defense>20</Defense>
    <Exp>0</Exp>
    <Terrain>Mountains</Terrain>
    <SoulboundLoot prob=".04">Health Potion</SoulboundLoot>
    <SoulboundLoot prob=".01">Magic Potion</SoulboundLoot>
    <SoulboundLoot prob=".01" tier="6">Weapon</SoulboundLoot>
    <SoulboundLoot prob="0.01" threshold=".18">Potion of Attack</SoulboundLoot>
    <!-- STATES -->
    <State id="Start">
      <Transition afterTime="0.01">Attacking</Transition>
    </State>
    <State id="Attacking">
      <Behavior listenIds="Rock Bot">FollowOrders</Behavior>
      <Behavior bucket="movement" protecteeId="Rock Bot" radius="3" speed="1">Orbit</Behavior>
      <Behavior bucket="movement" speed="0.8">Wander</Behavior>
      <Behavior numShots="3" angle="20" projectileId="0" cooldown="0.8">Shoot</Behavior>
      <Behavior targetGroups="Steels" cooldown="1">Heal</Behavior>
      <Transition hitpointsLessThan="0.2">Explode</Transition>
    </State>
    <State id="FlashBeforeExplode">
      <Behavior type="Flash" color="FFFFFF" flashPeriod="0.1" flashRepeats="5">ShowEffect</Behavior>
      <Transition afterTime="1">Explode</Transition>
      <Behavior prob="1" text="We are impervious to non-mystic attacks!">Say</Behavior>
    </State>
    <State id="Explode">
      <Behavior range="0.0" numShots="8" projectileId="0" dropLoot="true" giveXP="true">Explode</Behavior>
    </State>
  </Object>
  <Object type="0x0907" id="Steel Bot">
    <Group>Steels</Group>
    <Enemy />
    <Class>Character</Class>
    <DisplayId>Steel Construct</DisplayId>
    <Texture>
      <File>lofiChar216x16</File>
      <Index>0x26</Index>
    </Texture>
    <HitSound>monster/rocks_hit</HitSound>
    <DeathSound>monster/rocks_death</DeathSound>
    <Projectile id="0">
      <ObjectId>White Bullet</ObjectId>
      <Speed>30</Speed>
      <Damage>50</Damage>
      <Size>50</Size>
      <LifetimeMS>4000</LifetimeMS>
      <MultiHit />
    </Projectile>
    <MaxHitPoints>2000</MaxHitPoints>
    <Size>70</Size>
    <Defense>20</Defense>
    <Exp>0</Exp>
    <Terrain>Mountains</Terrain>
    <SoulboundLoot prob=".04">Health Potion</SoulboundLoot>
    <SoulboundLoot prob=".01">Magic Potion</SoulboundLoot>
    <SoulboundLoot prob=".01" tier="6">Weapon</SoulboundLoot>
    <SoulboundLoot prob="0.01" threshold=".18">Potion of Attack</SoulboundLoot>
    <!-- STATES -->
    <State id="Start">
      <Transition afterTime="0.01">Attacking</Transition>
    </State>
    <State id="Attacking">
      <Behavior listenIds="Rock Bot">FollowOrders</Behavior>
      <Behavior bucket="movement" protecteeId="Rock Bot" radius="3" speed="1">Orbit</Behavior>
      <Behavior bucket="movement" speed="0.8">Wander</Behavior>
      <Behavior numShots="3" angle="20" projectileId="0" cooldown="0.8">Shoot</Behavior>
      <Behavior targetGroups="Rocks" cooldown="1">Heal</Behavior>
      <Behavior prob="1" text="Silly squishy. We heal our brothers in a circle.">Say</Behavior>
      <Transition hitpointsLessThan="0.2">Explode</Transition>
    </State>
    <State id="FlashBeforeExplode">
      <Behavior type="Flash" color="FFFFFF" flashPeriod="0.1" flashRepeats="5">ShowEffect</Behavior>
      <Transition afterTime="1">Explode</Transition>
    </State>
    <State id="Explode">
      <Behavior range="0.0" numShots="8" projectileId="0" dropLoot="true" giveXP="true">Explode</Behavior>
    </State>
  </Object>
  <Object type="0x091a" id="Djinn">
    <Group>Gods</Group>
    <Enemy />
    <Class>Character</Class>
    <AnimatedTexture>
      <File>chars16x16dMountains1</File>
      <Index>0x03</Index>
    </AnimatedTexture>
    <HitSound>monster/djinn_hit</HitSound>
    <DeathSound>monster/djinn_death</DeathSound>
    <Size>100</Size>
    <MaxHitPoints>1000</MaxHitPoints>
    <Defense>12</Defense>
    <Terrain>Mountains</Terrain>
    <Spawn>
      <Mean>3</Mean>
      <StdDev>1</StdDev>
      <Min>2</Min>
      <Max>5</Max>
    </Spawn>
    <Flying />
    <God />
    <SpawnProb>0.75</SpawnProb>
    <Projectile id="0">
      <ObjectId>White Bullet</ObjectId>
      <Damage>60</Damage>
      <Speed>60</Speed>
      <Size>60</Size>
      <LifetimeMS>1500</LifetimeMS>
      <MultiHit />
    </Projectile>
    <State id="Idle">
      <Behavior bucket="movement" minAltitude="200">StayAbove</Behavior>
      <Behavior bucket="movement" speed="0.4">Wander</Behavior>
      <Behavior effect="Invulnerable">ConditionEffect</Behavior>
      <Transition playerWithin="8">Attacking</Transition>
    </State>
    <State id="Attacking">
      <State id="Bullet1">
        <Behavior numShots="4" projectileId="0" cooldown="10" type="auto" defaultAngle="0" offset="0.0" angle="90">Shoot</Behavior>
        <Behavior numShots="4" projectileId="0" cooldown="10" type="auto" defaultAngle="10" offset="0.2" angle="90">Shoot</Behavior>
        <Behavior numShots="4" projectileId="0" cooldown="10" type="auto" defaultAngle="20" offset="0.4" angle="90">Shoot</Behavior>
        <Behavior numShots="4" projectileId="0" cooldown="10" type="auto" defaultAngle="30" offset="0.6" angle="90">Shoot</Behavior>
        <Behavior numShots="4" projectileId="0" cooldown="10" type="auto" defaultAngle="40" offset="0.8" angle="90">Shoot</Behavior>
        <Behavior numShots="4" projectileId="0" cooldown="10" type="auto" defaultAngle="50" offset="1.0" angle="90">Shoot</Behavior>
        <Behavior numShots="4" projectileId="0" cooldown="10" type="auto" defaultAngle="60" offset="1.2" angle="90">Shoot</Behavior>
        <Behavior numShots="4" projectileId="0" cooldown="10" type="auto" defaultAngle="70" offset="1.4" angle="90">Shoot</Behavior>
        <Behavior numShots="4" projectileId="0" cooldown="10" type="auto" defaultAngle="80" offset="1.6" angle="90">Shoot</Behavior>
        <Behavior numShots="4" projectileId="0" cooldown="10" type="auto" defaultAngle="90" offset="1.8" angle="90">Shoot</Behavior>
        <Behavior numShots="8" projectileId="0" cooldown="10" type="auto" defaultAngle="90" offset="2.0" angle="45">Shoot</Behavior>
        <Behavior numShots="4" projectileId="0" cooldown="10" type="auto" defaultAngle="90" offset="0.0" angle="90">Shoot</Behavior>
        <Behavior numShots="4" projectileId="0" cooldown="10" type="auto" defaultAngle="80" offset="0.2" angle="90">Shoot</Behavior>
        <Behavior numShots="4" projectileId="0" cooldown="10" type="auto" defaultAngle="70" offset="0.4" angle="90">Shoot</Behavior>
        <Behavior numShots="4" projectileId="0" cooldown="10" type="auto" defaultAngle="60" offset="0.6" angle="90">Shoot</Behavior>
        <Behavior numShots="4" projectileId="0" cooldown="10" type="auto" defaultAngle="50" offset="0.8" angle="90">Shoot</Behavior>
        <Behavior numShots="4" projectileId="0" cooldown="10" type="auto" defaultAngle="40" offset="1.0" angle="90">Shoot</Behavior>
        <Behavior numShots="4" projectileId="0" cooldown="10" type="auto" defaultAngle="30" offset="1.2" angle="90">Shoot</Behavior>
        <Behavior numShots="4" projectileId="0" cooldown="10" type="auto" defaultAngle="20" offset="1.4" angle="90">Shoot</Behavior>
        <Behavior numShots="4" projectileId="0" cooldown="10" type="auto" defaultAngle="10" offset="1.6" angle="90">Shoot</Behavior>
        <Behavior numShots="4" projectileId="0" cooldown="10" type="auto" defaultAngle="0" offset="1.8" angle="90">Shoot</Behavior>
        <Behavior numShots="16" projectileId="0" cooldown="10" type="auto" defaultAngle="0" offset="2.0" angle="22.5">Shoot</Behavior>
        <Transition afterTime="2">Wait1</Transition>
      </State>
      <State id="Wait1">
        <Behavior range="0.5" speed="0.7">Follow</Behavior>
        <Behavior type="Flash" color="00FF00" flashPeriod="0.1" flashRepeats="20">ShowEffect</Behavior>
        <Behavior effect="Invulnerable">ConditionEffect</Behavior>
        <Transition afterTime="2">Bullet1</Transition>
      </State>
      <Transition noPlayerWithin="13">Idle</Transition>
      <Transition hitpointsLessThan="0.5">FlashBeforeExplode</Transition>
    </State>
    <State id="FlashBeforeExplode">
      <Behavior effect="Invulnerable">ConditionEffect</Behavior>
      <Behavior type="Flash" color="FF0000" flashPeriod="0.3" flashRepeats="3">ShowEffect</Behavior>
      <Transition afterTime="1">Explode</Transition>
    </State>
    <State id="Explode">
      <Behavior range="0.0" projectileId="0" dropLoot="true" giveXP="true">Explode</Behavior>
    </State>
    <!-- LOOT -->
    <SoulboundLoot tier="6" prob=".005" threshold=".01">Weapon</SoulboundLoot>
    <SoulboundLoot tier="7" prob=".01" threshold=".18">Weapon</SoulboundLoot>
    <SoulboundLoot tier="7" prob=".005" threshold=".01">Armor</SoulboundLoot>
    <SoulboundLoot tier="8" prob=".01" threshold=".18">Armor</SoulboundLoot>
    <SoulboundLoot tier="3" prob=".008" threshold=".01">Ring</SoulboundLoot>
    <SoulboundLoot tier="4" prob=".002" threshold=".18">Ring</SoulboundLoot>
    <SoulboundLoot tier="4" prob=".01" threshold=".18">ClassSpecial</SoulboundLoot>
    <SoulboundLoot prob=".02" threshold=".18">Potion of Speed</SoulboundLoot>
  </Object>
  <Object type="0x0935" id="Mysterious Crystal">
    <Group>Crystals</Group>
    <Enemy />
    <Class>Character</Class>
    <AnimatedTexture>
      <File>chars16x16dEncounters</File>
      <Index>5</Index>
    </AnimatedTexture>
    <HitSound>monster/stone_walls_hit</HitSound>
    <DeathSound>monster/stone_walls_death</DeathSound>
    <Size>120</Size>
    <MaxHitPoints>1000000</MaxHitPoints>
    <Defense>0</Defense>
    <Terrain>Mountains</Terrain>
    <SpawnProb>0.025</SpawnProb>
    <Exp>0</Exp>
    <PerRealmMax>1</PerRealmMax>
    <StasisImmune />
    <Projectile id="0">
      <ObjectId>White Bullet</ObjectId>
      <Damage>90</Damage>
      <Speed>10</Speed>
      <LifetimeMS>6000</LifetimeMS>
      <ConditionEffect duration="20">Quiet</ConditionEffect>
    </Projectile>
    <State id="Idle">
      <Behavior prob="0.1" text="Break the crystal for great rewards...">Say</Behavior>
      <Behavior prob="0.1" text="Help me...">Say</Behavior>
      <Transition hitpointsLessThan="0.999900">Instructions</Transition>
      <Transition afterTime="10">Idle</Transition>
    </State>
    <State id="Instructions">
      <Behavior type="Flash" color="FFFFFF" flashPeriod="2" flashRepeats="100">ShowEffect</Behavior>
      <Behavior prob="0.8" text="Fire upon this crystal with all your might for 5 seconds">Say</Behavior>
      <Behavior prob="0.8" text="If your attacks are weak, the crystal magically heals">Say</Behavior>
      <Behavior prob="0.8" text="Gather a large group to smash it open">Say</Behavior>
      <Transition hitpointsLessThan="0.998000">Evaluation</Transition>
      <!-- Do 1,000 damage to start evaluation -->
    </State>
    <State id="Evaluation">
      <State id="Comment1">
        <Behavior broadcast="1" prob="1" text="Sweet treasure awaits for powerful adventurers!">Say</Behavior>
        <Behavior prob="0.4" text="Yes!  Smash my prison for great rewards!">Say</Behavior>
        <Transition afterTime="5">Comment2</Transition>
      </State>
      <State id="Comment2">
        <Behavior prob="0.3" text="If you are not very strong, this could kill you; If you are not yet powerful, stay away from the Crystal; New adventurers should stay away; That's the spirit. Lay your fire upon me.;So close...">Say</Behavior>
        <Transition afterTime="5">Comment3</Transition>
      </State>
      <State id="Comment3">
        <Behavior prob="0.4" text="I think you need more people...;Call all your friends to help you break the crystal!">Say</Behavior>
        <Transition afterTime="10">Comment2</Transition>
      </State>
      <Behavior targetGroups="Crystals" cooldown="5">Heal</Behavior>
      <Transition hitpointsLessThan="0.950000">StartBreak</Transition>
      <!-- Do 50,000 damage in 5 seconds -->
      <Transition afterTime="60">Fail</Transition>
    </State>
    <State id="Fail">
      <Behavior prob="1" text="Perhaps you need a bigger group. Ask others to join you!">Say</Behavior>
      <Behavior type="Flash" color="000000" flashPeriod="5" flashRepeats="1">ShowEffect</Behavior>
      <Behavior numShots="16" projectileId="0" cooldown="100" type="auto" defaultAngle="0" offset="0.0" angle="22.5">Shoot</Behavior>
      <Behavior targetGroups="Crystals" cooldown="1">Heal</Behavior>
      <Transition afterTime="5">Idle</Transition>
    </State>
    <State id="StartBreak">
      <Behavior prob="1" text="You cracked the crystal! Soon we shall emerge!; We are swelling with energy!!!;Come closer my children, and we will show you the meaning of our existence!;Come closer, let us feast upon your life force!">Say</Behavior>
      <Behavior rate="-2" minSize="80">ChangeSize</Behavior>
      <Behavior effect="Invulnerable">ConditionEffect</Behavior>
      <Behavior type="Flash" color="000000" flashPeriod="2" flashRepeats="10">ShowEffect</Behavior>
      <Transition afterTime="4">BreakCrystal</Transition>
    </State>
    <State id="BreakCrystal">
      <Behavior prob="1" text="This your reward! Imagine what evil even Oryx needs to keep locked up!;Yes, yes! I'm free! Absorb my energy to achieve ascension!;Free at last!">Say</Behavior>
      <Behavior childIds="Crystal Prisoner" cooldown="1000" maxChildren="1" startWithMinions="false">MakeMinions</Behavior>
      <Behavior range="0.0" numShots="16" projectileId="0">Explode</Behavior>
    </State>
  </Object>
  <Object type="0x0941" id="Crystal Prisoner">
    <Enemy />
    <Class>Character</Class>
    <AnimatedTexture>
      <File>chars16x16dEncounters</File>
      <Index>6</Index>
    </AnimatedTexture>
    <HitSound>monster/ghost_god_hit</HitSound>
    <DeathSound>monster/ghost_god_death</DeathSound>
    <Size>100</Size>
    <MaxHitPoints>15000</MaxHitPoints>
    <Defense>25</Defense>
    <God />
    <StasisImmune />
    <Exp>5000</Exp>
    <Projectile id="0">
      <ObjectId>White Bullet</ObjectId>
      <Speed>80</Speed>
      <Damage>95</Damage>
      <Size>65</Size>
      <LifetimeMS>1500</LifetimeMS>
      <ConditionEffect duration="6">Weak</ConditionEffect>
      <MultiHit />
    </Projectile>
    <Projectile id="2">
      <ObjectId>Purple Star</ObjectId>
      <Speed>60</Speed>
      <Damage>110</Damage>
      <Size>90</Size>
      <LifetimeMS>1700</LifetimeMS>
      <MultiHit />
      <ConditionEffect duration="1.0">Confused</ConditionEffect>
    </Projectile>
    <Projectile id="3">
      <ObjectId>Blue Star</ObjectId>
      <Speed>60</Speed>
      <Damage>120</Damage>
      <Size>100</Size>
      <LifetimeMS>1700</LifetimeMS>
      <MultiHit />
      <ConditionEffect duration="8">Slowed</ConditionEffect>
    </Projectile>
    <Projectile id="5">
      <ObjectId>Silver Shield</ObjectId>
      <Speed>47</Speed>
      <Damage>140</Damage>
      <Size>130</Size>
      <LifetimeMS>2400</LifetimeMS>
      <MultiHit />
    </Projectile>
  </Object>
  <Object type="0x0942" id="Crystal Prisoner Clone">
    <Enemy />
    <Class>Character</Class>
    <AnimatedTexture>
      <File>chars16x16dEncounters</File>
      <Index>6</Index>
    </AnimatedTexture>
    <HitSound>monster/ghost_god_hit</HitSound>
    <DeathSound>monster/ghost_god_death</DeathSound>
    <Size>100</Size>
    <MaxHitPoints>15000</MaxHitPoints>
    <Defense>12</Defense>
    <Level>1</Level>
    <Exp>19</Exp>
    <Projectile id="0">
      <ObjectId>White Bullet</ObjectId>
      <Speed>70</Speed>
      <Damage>85</Damage>
      <Size>65</Size>
      <LifetimeMS>1500</LifetimeMS>
      <MultiHit />
    </Projectile>
  </Object>
  <Object type="0x0943" id="Crystal Prisoner Steed">
    <Enemy />
    <Class>Character</Class>
    <AnimatedTexture>
      <File>chars16x16rEncounters</File>
      <Index>0</Index>
    </AnimatedTexture>
    <HitSound>monster/cyclops_hit</HitSound>
    <DeathSound>monster/cyclops_death</DeathSound>
    <Size>100</Size>
    <MaxHitPoints>6000</MaxHitPoints>
    <Defense>11</Defense>
    <Level>1</Level>
    <Exp>48</Exp>
    <Projectile id="0">
      <ObjectId>Fire Bolt</ObjectId>
      <Speed>67</Speed>
      <Damage>70</Damage>
      <Size>90</Size>
      <LifetimeMS>2000</LifetimeMS>
      <ConditionEffect duration="2">Weak</ConditionEffect>
      <MultiHit />
    </Projectile>
  </Object>
  <Object type="0x6d8" id="Leviathan">
    <Group>Gods</Group>
    <Enemy />
    <Class>Character</Class>
    <AnimatedTexture>
      <File>d3Chars16x16rEmbed</File>
      <Index>33</Index>
    </AnimatedTexture>
    <DontFaceAttacks />
    <HitSound>monster/greater_pit_snakes_hit</HitSound>
    <DeathSound>monster/medusa_death</DeathSound>
    <Size>100</Size>
    <MaxHitPoints>2000</MaxHitPoints>
    <Defense>20</Defense>
    <Terrain>Mountains</Terrain>
    <SpawnProb>0.55</SpawnProb>
    <God />
    <Projectile id="0">
      <ObjectId>Aqua Missile</ObjectId>
      <Damage>70</Damage>
      <Speed>67</Speed>
      <LifetimeMS>1700</LifetimeMS>
    </Projectile>
    <Projectile id="1">
      <ObjectId>Blue Missile</ObjectId>
      <Damage>90</Damage>
      <Speed>85</Speed>
      <LifetimeMS>1800</LifetimeMS>
    </Projectile>
    <Behavior bucket="movement" minAltitude="200">StayAbove</Behavior>
    <State id="start">
      <Transition playerWithin="12">normal_attack</Transition>
    </State>
    <State id="normal_attack">
      <State id="pattern_walk">
        <State id="2fire">
          <Behavior numShots="4" projectileId="0" cooldown="0.3" type="auto" predictive="0.3" defaultAngle="45">Shoot</Behavior>
          <Behavior numShots="4" projectileId="0" cooldown="0.3" type="auto" defaultAngle="165">Shoot</Behavior>
          <Behavior numShots="4" projectileId="0" cooldown="0.3" type="auto" defaultAngle="285">Shoot</Behavior>
          <Behavior bucket="movement" speed="0.8" angle="45" distance="6">Move</Behavior>
          <Transition afterTime="1.5">3fire</Transition>
        </State>
        <State id="3fire">
          <Behavior numShots="4" projectileId="0" cooldown="0.3" type="auto" predictive="0.3" defaultAngle="125">Shoot</Behavior>
          <Behavior numShots="4" projectileId="0" cooldown="0.3" type="auto" defaultAngle="245">Shoot</Behavior>
          <Behavior numShots="4" projectileId="0" cooldown="0.3" type="auto" defaultAngle="5">Shoot</Behavior>
          <Behavior bucket="movement" speed="0.8" angle="165" distance="6">Move</Behavior>
          <Transition afterTime="1.5">4fire</Transition>
        </State>
        <State id="4fire">
          <Behavior numShots="4" projectileId="0" cooldown="0.3" type="auto" predictive="0.3" defaultAngle="85">Shoot</Behavior>
          <Behavior numShots="4" projectileId="0" cooldown="0.3" type="auto" defaultAngle="205">Shoot</Behavior>
          <Behavior numShots="4" projectileId="0" cooldown="0.3" type="auto" defaultAngle="325">Shoot</Behavior>
          <Behavior bucket="movement" speed="0.8" angle="285" distance="6">Move</Behavior>
          <Transition afterTime="1.5">2fire</Transition>
        </State>
        <Transition afterTime="4.4">follow</Transition>
      </State>
      <State id="follow">
        <Behavior numShots="2" projectileId="1" cooldown="0.3" type="targeted" predictive="0.5" angle="15">Shoot</Behavior>
        <Behavior bucket="movement" distance="4.5" acquireRange="11" speed="0.8">Circle</Behavior>
        <Transition afterTime="4.5">pattern_walk</Transition>
      </State>
    </State>
    <SoulboundLoot tier="7" prob=".01">Weapon</SoulboundLoot>
    <SoulboundLoot tier="8" prob=".005">Weapon</SoulboundLoot>
    <SoulboundLoot tier="7" prob=".02">Armor</SoulboundLoot>
    <SoulboundLoot tier="8" prob=".01">Armor</SoulboundLoot>
    <SoulboundLoot tier="9" prob=".005">Armor</SoulboundLoot>
    <SoulboundLoot tier="3" prob=".0075">Ring</SoulboundLoot>
    <SoulboundLoot tier="4" prob=".01">ClassSpecial</SoulboundLoot>
    <SoulboundLoot prob="0.025" threshold=".18">Potion of Defense</SoulboundLoot>
  </Object>
  <Object type="0x5e9f" id="Arena Headless Horseman">
    <DisplayId>Headless Horseman</DisplayId>
    <Class>Character</Class>
    <Enemy />
    <AnimatedTexture>
      <File>chars16x16rEncounters</File>
      <Index>80</Index>
    </AnimatedTexture>
    <HitSound>monster/cyclops_hit</HitSound>
    <DeathSound>monster/cyclops_death</DeathSound>
    <Size>150</Size>
    <ShadowSize>100</ShadowSize>
    <MaxHitPoints>10000</MaxHitPoints>
    <Defense>20</Defense>
    <Terrain>Mountains</Terrain>
    <SpawnProb>0.045</SpawnProb>
    <Exp>136</Exp>
    <Projectile id="0">
      <ObjectId>Orange Pumpkin Blast</ObjectId>
      <Damage>85</Damage>
      <Speed>75</Speed>
      <LifetimeMS>2000</LifetimeMS>
      <Size>140</Size>
    </Projectile>
    <Projectile id="1">
      <ObjectId>Orange Shot</ObjectId>
      <Damage>120</Damage>
      <Speed>60</Speed>
      <LifetimeMS>2500</LifetimeMS>
      <Size>170</Size>
    </Projectile>
    <Projectile id="2">
      <ObjectId>Horseman Blast</ObjectId>
      <Damage>70</Damage>
      <Speed>75</Speed>
      <LifetimeMS>1500</LifetimeMS>
      <Size>150</Size>
    </Projectile>
  </Object>
  <Object type="0x5f32" id="Arena Horseman Anchor">
    <Class>GameObject</Class>
    <AnimatedTexture>
      <File>chars16x16rEncounters</File>
      <Index>80</Index>
    </AnimatedTexture>
    <Size>0</Size>
  </Object>
  <Object type="0x6e8" id="Lucky Ent God">
    <Group>Gods</Group>
    <Enemy />
    <Class>Character</Class>
    <AnimatedTexture>
      <File>chars16x16dEncounters2</File>
      <Index>68</Index>
    </AnimatedTexture>
    <HitSound>monster/ents_hit</HitSound>
    <DeathSound>monster/ents_death</DeathSound>
    <Size>150</Size>
    <MaxHitPoints>10000</MaxHitPoints>
    <Defense>40</Defense>
    <Terrain>Mountains</Terrain>
    <SpawnProb>0.8</SpawnProb>
    <PerRealmMax>1</PerRealmMax>
    <Exp>0</Exp>
    <Quest />
    <Level>20</Level>
    <God />
    <Projectile id="0">
      <ObjectId>Fire Bolt</ObjectId>
      <Damage>100</Damage>
      <Speed>80</Speed>
      <LifetimeMS>2000</LifetimeMS>
      <MultiHit />
    </Projectile>
  </Object>
  <Object type="0x6f8" id="Lucky Djinn">
    <Group>Gods</Group>
    <Enemy />
    <Class>Character</Class>
    <AnimatedTexture>
      <File>chars16x16dEncounters2</File>
      <Index>69</Index>
    </AnimatedTexture>
    <HitSound>monster/djinn_hit</HitSound>
    <DeathSound>monster/djinn_death</DeathSound>
    <Size>100</Size>
    <MaxHitPoints>10000</MaxHitPoints>
    <Defense>40</Defense>
    <Terrain>Mountains</Terrain>
    <SpawnProb>0.8</SpawnProb>
    <PerRealmMax>1</PerRealmMax>
    <Exp>0</Exp>
    <Quest />
    <Level>20</Level>
    <Flying />
    <God />
    <Projectile id="0">
      <ObjectId>White Bullet</ObjectId>
      <Damage>100</Damage>
      <Speed>60</Speed>
      <Size>60</Size>
      <LifetimeMS>1500</LifetimeMS>
      <MultiHit />
    </Projectile>
  </Object>
  <Object type="0x1b18" id="Succubus">
    <DisplayId>Realm Succubus</DisplayId>
    <Group>Gods</Group>
    <Enemy />
    <Class>Character</Class>
    <AnimatedTexture>
      <File>chars16x16dEncounters</File>
      <Index>40</Index>
    </AnimatedTexture>
    <HitSound>monster/greater_demons_hit</HitSound>
    <DeathSound>monster/greater_demons_death</DeathSound>
    <Size>100</Size>
    <MaxHitPoints>8000</MaxHitPoints>
    <Defense>12</Defense>
    <Exp>500</Exp>
    <God />
    <Flying />
    <Projectile id="0">
      <ObjectId>Succubus Bullet</ObjectId>
      <Damage>45</Damage>
      <Speed>50</Speed>
      <LifetimeMS>2000</LifetimeMS>
      <Size>60</Size>
      <ArmorPiercing />
      <MultiHit />
    </Projectile>
  </Object>
  <Object type="0x73fb" id="Ent God Challenger">
    <Group>Gods</Group>
    <Enemy />
    <Class>Character</Class>
    <DisplayId>Ent God</DisplayId>
    <AnimatedTexture>
      <File>chars16x16dMountains1</File>
      <Index>0x04</Index>
    </AnimatedTexture>
    <HitSound>monster/ents_hit</HitSound>
    <DeathSound>monster/ents_death</DeathSound>
    <Size>100</Size>
    <MaxHitPoints>1000</MaxHitPoints>
    <Defense>18</Defense>
    <Terrain>Mountains</Terrain>
    <SpawnProb>0.0</SpawnProb>
    <Spawn>
      <Mean>3</Mean>
      <StdDev>1</StdDev>
      <Min>2</Min>
      <Max>5</Max>
    </Spawn>
    <God />
    <Projectile id="0">
      <ObjectId>Fire Bolt</ObjectId>
      <Damage>70</Damage>
      <Speed>80</Speed>
      <LifetimeMS>2000</LifetimeMS>
      <MultiHit />
    </Projectile>
  </Object>
  <Object type="0x73fc" id="Beholder Challenger">
    <Group>Gods</Group>
    <Enemy />
    <Class>Character</Class>
    <DisplayId>Beholder</DisplayId>
    <AnimatedTexture>
      <File>chars16x16dMountains1</File>
      <Index>0x05</Index>
    </AnimatedTexture>
    <HitSound>monster/beholder_hit</HitSound>
    <DeathSound>monster/beholder_death</DeathSound>
    <Size>100</Size>
    <MaxHitPoints>1500</MaxHitPoints>
    <Defense>12</Defense>
    <Terrain>Mountains</Terrain>
    <SpawnProb>0.0</SpawnProb>
    <Spawn>
      <Mean>3</Mean>
      <StdDev>1</StdDev>
      <Min>2</Min>
      <Max>7</Max>
    </Spawn>
    <Flying />
    <God />
    <Projectile id="0">
      <ObjectId>White Bolt</ObjectId>
      <Damage>120</Damage>
      <Speed>50</Speed>
      <LifetimeMS>2700</LifetimeMS>
      <Size>120</Size>
    </Projectile>
    <Projectile id="1">
      <ObjectId>Purple Star</ObjectId>
      <Damage>0</Damage>
      <Speed>70</Speed>
      <LifetimeMS>3000</LifetimeMS>
      <ConditionEffect duration="5">Blind</ConditionEffect>
    </Projectile>
  </Object>
  <Object type="0x73fd" id="Flying Brain Challenger">
    <Group>Gods</Group>
    <Enemy />
    <Class>Character</Class>
    <DisplayId>Flying Brain</DisplayId>
    <AnimatedTexture>
      <File>chars16x16dMountains1</File>
      <Index>0x06</Index>
    </AnimatedTexture>
    <HitSound>monster/flying_brain_hit</HitSound>
    <DeathSound>monster/flying_brain_death</DeathSound>
    <Size>100</Size>
    <MaxHitPoints>1000</MaxHitPoints>
    <Defense>12</Defense>
    <Terrain>Mountains</Terrain>
    <SpawnProb>0.0</SpawnProb>
    <Spawn>
      <Mean>3</Mean>
      <StdDev>1</StdDev>
      <Min>2</Min>
      <Max>5</Max>
    </Spawn>
    <Flying />
    <God />
    <Projectile id="0">
      <ObjectId>Pink Bolt</ObjectId>
      <Damage>50</Damage>
      <Speed>120</Speed>
      <LifetimeMS>1800</LifetimeMS>
    </Projectile>
  </Object>
  <Object type="0x73fe" id="Slime God Challenger">
    <Group>Gods</Group>
    <Enemy />
    <Class>Character</Class>
    <DisplayId>Slime God</DisplayId>
    <AnimatedTexture>
      <File>chars16x16dMountains1</File>
      <Index>0x07</Index>
    </AnimatedTexture>
    <HitSound>monster/slimes_hit</HitSound>
    <DeathSound>monster/slimes_death</DeathSound>
    <Size>100</Size>
    <MaxHitPoints>1000</MaxHitPoints>
    <Defense>12</Defense>
    <Terrain>Mountains</Terrain>
    <SpawnProb>0.0</SpawnProb>
    <God />
    <Projectile id="0">
      <ObjectId>Red Fire</ObjectId>
      <Damage>80</Damage>
      <Speed>100</Speed>
      <LifetimeMS>1100</LifetimeMS>
    </Projectile>
    <Projectile id="1">
      <ObjectId>Green Star</ObjectId>
      <Damage>0</Damage>
      <Speed>70</Speed>
      <LifetimeMS>2000</LifetimeMS>
      <ConditionEffect duration="6">Slowed</ConditionEffect>
    </Projectile>
  </Object>
  <Object type="0x73ff" id="Leviathan Challenger">
    <Group>Gods</Group>
    <Enemy />
    <Class>Character</Class>
    <DisplayId>Leviathan</DisplayId>
    <AnimatedTexture>
      <File>d3Chars16x16rEmbed</File>
      <Index>33</Index>
    </AnimatedTexture>
    <DontFaceAttacks />
    <HitSound>monster/greater_pit_snakes_hit</HitSound>
    <DeathSound>monster/medusa_death</DeathSound>
    <Size>100</Size>
    <MaxHitPoints>2000</MaxHitPoints>
    <Defense>20</Defense>
    <Terrain>Mountains</Terrain>
    <SpawnProb>0.0</SpawnProb>
    <God />
    <Projectile id="0">
      <ObjectId>Aqua Missile</ObjectId>
      <Damage>70</Damage>
      <Speed>67</Speed>
      <LifetimeMS>1700</LifetimeMS>
    </Projectile>
    <Projectile id="1">
      <ObjectId>Blue Missile</ObjectId>
      <Damage>90</Damage>
      <Speed>85</Speed>
      <LifetimeMS>1800</LifetimeMS>
    </Projectile>
  </Object>
  <Object type="0x7400" id="Mysterious Crystal Challenger">
    <Group>Crystals</Group>
    <Enemy />
    <Class>Character</Class>
    <DisplayId>Mysterious Crystal</DisplayId>
    <AnimatedTexture>
      <File>chars16x16dEncounters</File>
      <Index>5</Index>
    </AnimatedTexture>
    <HitSound>monster/stone_walls_hit</HitSound>
    <DeathSound>monster/stone_walls_death</DeathSound>
    <Size>120</Size>
    <MaxHitPoints>1000000</MaxHitPoints>
    <Defense>0</Defense>
    <Terrain>Mountains</Terrain>
    <SpawnProb>0.0</SpawnProb>
    <Exp>0</Exp>
    <PerRealmMax>1</PerRealmMax>
    <Projectile id="0">
      <ObjectId>White Bullet</ObjectId>
      <Damage>90</Damage>
      <Speed>10</Speed>
      <LifetimeMS>6000</LifetimeMS>
      <ConditionEffect duration="20">Quiet</ConditionEffect>
    </Projectile>
  </Object>
  <Object type="0x7401" id="Crystal Prisoner Challenger">
    <Enemy />
    <Class>Character</Class>
    <DisplayId>Crystal Prisoner</DisplayId>
    <AnimatedTexture>
      <File>chars16x16dEncounters</File>
      <Index>6</Index>
    </AnimatedTexture>
    <HitSound>monster/ghost_god_hit</HitSound>
    <DeathSound>monster/ghost_god_death</DeathSound>
    <Size>100</Size>
    <MaxHitPoints>15000</MaxHitPoints>
    <Defense>25</Defense>
    <God />
    <StasisImmune />
    <Exp>97</Exp>
    <Projectile id="0">
      <ObjectId>White Bullet</ObjectId>
      <Speed>80</Speed>
      <Damage>95</Damage>
      <Size>65</Size>
      <LifetimeMS>1500</LifetimeMS>
      <ConditionEffect duration="6">Weak</ConditionEffect>
      <MultiHit />
    </Projectile>
    <Projectile id="2">
      <ObjectId>Purple Star</ObjectId>
      <Speed>60</Speed>
      <Damage>110</Damage>
      <Size>90</Size>
      <LifetimeMS>1700</LifetimeMS>
      <MultiHit />
      <ConditionEffect duration="1.0">Confused</ConditionEffect>
    </Projectile>
    <Projectile id="3">
      <ObjectId>Blue Star</ObjectId>
      <Speed>60</Speed>
      <Damage>120</Damage>
      <Size>100</Size>
      <LifetimeMS>1700</LifetimeMS>
      <MultiHit />
      <ConditionEffect duration="8">Slowed</ConditionEffect>
    </Projectile>
    <Projectile id="5">
      <ObjectId>Silver Shield</ObjectId>
      <Speed>47</Speed>
      <Damage>140</Damage>
      <Size>130</Size>
      <LifetimeMS>2400</LifetimeMS>
      <MultiHit />
    </Projectile>
  </Object>
  <Object type="0x7402" id="Rock Bot Challenger">
    <Group>Rocks</Group>
    <Enemy />
    <Class>Character</Class>
    <DisplayId>Rock Construct</DisplayId>
    <Texture>
      <File>lofiChar216x16</File>
      <Index>0x24</Index>
    </Texture>
    <HitSound>monster/stone_walls_hit</HitSound>
    <DeathSound>monster/stone_walls_death</DeathSound>
    <Projectile id="0">
      <ObjectId>White Bullet</ObjectId>
      <Speed>70</Speed>
      <Damage>80</Damage>
      <Size>80</Size>
      <LifetimeMS>2000</LifetimeMS>
      <MultiHit />
    </Projectile>
    <MaxHitPoints>2000</MaxHitPoints>
    <Size>70</Size>
    <Defense>20</Defense>
    <Exp>390</Exp>
    <Terrain>Mountains</Terrain>
    <SpawnProb>0.0</SpawnProb>
    <God />
  </Object>
  <Object type="0x7403" id="Paper Bot Challenger">
    <Group>Papers</Group>
    <Enemy />
    <Class>Character</Class>
    <DisplayId>Wood Construct</DisplayId>
    <Texture>
      <File>lofiChar216x16</File>
      <Index>0x25</Index>
    </Texture>
    <HitSound>monster/wooden_walls_hit</HitSound>
    <DeathSound>monster/wooden_walls_death</DeathSound>
    <Projectile id="0">
      <ObjectId>White Bullet</ObjectId>
      <Speed>30</Speed>
      <Damage>50</Damage>
      <Size>50</Size>
      <LifetimeMS>4000</LifetimeMS>
      <MultiHit />
    </Projectile>
    <MaxHitPoints>2000</MaxHitPoints>
    <Size>70</Size>
    <Defense>20</Defense>
    <Exp>0</Exp>
    <Terrain>Mountains</Terrain>
  </Object>
  <Object type="0x7404" id="Steel Bot Challenger">
    <Group>Steels</Group>
    <Enemy />
    <Class>Character</Class>
    <DisplayId>Steel Construct</DisplayId>
    <Texture>
      <File>lofiChar216x16</File>
      <Index>0x26</Index>
    </Texture>
    <HitSound>monster/rocks_hit</HitSound>
    <DeathSound>monster/rocks_death</DeathSound>
    <Projectile id="0">
      <ObjectId>White Bullet</ObjectId>
      <Speed>30</Speed>
      <Damage>50</Damage>
      <Size>50</Size>
      <LifetimeMS>4000</LifetimeMS>
      <MultiHit />
    </Projectile>
    <MaxHitPoints>2000</MaxHitPoints>
    <Size>70</Size>
    <Defense>20</Defense>
    <Exp>0</Exp>
    <Terrain>Mountains</Terrain>
  </Object>
  <Object type="0x7405" id="Djinn Challenger">
    <Group>Gods</Group>
    <Enemy />
    <Class>Character</Class>
    <DisplayId>Djinn</DisplayId>
    <AnimatedTexture>
      <File>chars16x16dMountains1</File>
      <Index>0x03</Index>
    </AnimatedTexture>
    <HitSound>monster/djinn_hit</HitSound>
    <DeathSound>monster/djinn_death</DeathSound>
    <Size>100</Size>
    <MaxHitPoints>1000</MaxHitPoints>
    <Defense>12</Defense>
    <Terrain>Mountains</Terrain>
    <Spawn>
      <Mean>3</Mean>
      <StdDev>1</StdDev>
      <Min>2</Min>
      <Max>5</Max>
    </Spawn>
    <Flying />
    <God />
    <SpawnProb>0</SpawnProb>
    <Projectile id="0">
      <ObjectId>White Bullet</ObjectId>
      <Damage>60</Damage>
      <Speed>60</Speed>
      <Size>60</Size>
      <LifetimeMS>1500</LifetimeMS>
      <MultiHit />
    </Projectile>
  </Object>
</Objects>