<?xml version="1.0" encoding="ISO-8859-1"?>

<Objects>
   <Object type="0x0932" id="Oryx the Mad God 2">
      <DisplayId>Oryx the Mad God</DisplayId>
      <Enemy/>
      <Class>Character</Class>
      <Texture>
         <File>lofiChar16x16</File>
         <Index>0x54</Index>
      </Texture>
      <HitSound>monster/oryx_hit</HitSound>
      <DeathSound>monster/oryx_death</DeathSound>
      <Size>120</Size>
      <MaxHitPoints>100000</MaxHitPoints>
      <Defense>60</Defense>
      <Exp>40000</Exp>
      <Quest/>
      <God/>
      <Oryx/>
      <StasisImmune/>
      <Level>1</Level>
      <NoArticle/>
      <EventChestBoss/>
      <TrackLoot/>
      <Projectile id="0">
         <ObjectId>Fire Bolt</ObjectId>
         <Damage>135</Damage>
         <Speed>70</Speed>
         <LifetimeMS>2500</LifetimeMS>
      </Projectile>
      <Projectile id="1">
         <ObjectId>Green Star</ObjectId>
         <Damage>160</Damage>
         <Speed>70</Speed>
         <LifetimeMS>2500</LifetimeMS>
         <ConditionEffect duration="10">Slowed</ConditionEffect>
      </Projectile>
      <Projectile id="2">
         <ObjectId>Blade</ObjectId>
         <Damage>240</Damage>
         <Speed>100</Speed>
         <LifetimeMS>450</LifetimeMS>
      </Projectile>
      <Projectile id="3">
         <ObjectId>Purple Star</ObjectId>
         <Damage>160</Damage>
         <Speed>55</Speed>
         <LifetimeMS>3000</LifetimeMS>
         <ConditionEffect duration="5">Blind</ConditionEffect>
      </Projectile>
      <Projectile id="4">
         <ObjectId>Blue Star</ObjectId>
         <Damage>160</Damage>
         <Speed>105</Speed>
         <LifetimeMS>1200</LifetimeMS>
         <ConditionEffect duration="5">Confused</ConditionEffect>
      </Projectile>
      <Projectile id="5">
         <ObjectId>Grey Star</ObjectId>
         <Damage>160</Damage>
         <Speed>45</Speed>
         <LifetimeMS>3000</LifetimeMS>
         <ConditionEffect duration="3">Quiet</ConditionEffect>
      </Projectile>
      <Projectile id="6">
         <ObjectId>Red Star</ObjectId>
         <Damage>160</Damage>
         <Speed>55</Speed>
         <LifetimeMS>3000</LifetimeMS>
         <ArmorPiercing/>
      </Projectile>
      <Projectile id="11">
         <ObjectId>Grey Star</ObjectId>
         <Damage>140</Damage>
         <Speed>45</Speed>
         <LifetimeMS>1733</LifetimeMS>
         <ConditionEffect duration="3">Quiet</ConditionEffect>
         <MultiHit/>
      </Projectile>
      <Projectile id="12">
         <ObjectId>Red Star</ObjectId>
         <Damage>120</Damage>
         <Speed>35</Speed>
         <LifetimeMS>2228</LifetimeMS>
         <ArmorPiercing/>
         <MultiHit/>
      </Projectile>
      <Projectile id="15">
         <ObjectId>Sun Explosion</ObjectId>
         <Speed>40</Speed>
         <Size>200</Size>
         <Damage>250</Damage>
         <LifetimeMS>2000</LifetimeMS>
         <MultiHit/>
         <ArmorPiercing/>
      </Projectile>
      <Projectile id="16">
         <ObjectId>White Star Stunner</ObjectId>
         <Speed>40</Speed>
         <Size>90</Size>
         <Damage>90</Damage>
         <LifetimeMS>3000</LifetimeMS>
         <ConditionEffect duration="4">Dazed</ConditionEffect>
         <MultiHit/>
      </Projectile>
      <Projectile id="17">
         <ObjectId>White Superblast</ObjectId>
         <Damage>250</Damage>
         <Speed>48</Speed>
         <LifetimeMS>3000</LifetimeMS>
         <Size>200</Size>
         <MultiHit/>
         <PassesCover/>
      </Projectile>
      <Projectile id="18">
         <ObjectId>White Ball Blast</ObjectId>
         <Damage>180</Damage>
         <Speed>80</Speed>
         <LifetimeMS>800</LifetimeMS>
      </Projectile>
      <Projectile id="13">
         <ObjectId>Dark Gray Spinner</ObjectId>
         <Speed>90</Speed>
         <Size>100</Size>
         <Damage>1</Damage>
         <LifetimeMS>1800</LifetimeMS>
         <ConditionEffect duration="20">Quiet</ConditionEffect>
         <MultiHit/>
      </Projectile>
      <Projectile id="14">
         <ObjectId>Gray Spinner</ObjectId>
         <Speed>90</Speed>
         <Size>100</Size>
         <Damage>1</Damage>
         <LifetimeMS>1800</LifetimeMS>
         <ConditionEffect duration="60">Weak</ConditionEffect>
         <MultiHit/>
      </Projectile>
   </Object>
   <Object type="0x23ce" id="O2 Bullet Split">
      <DisplayId>Oryx the Mad God</DisplayId>
      <Class>GameObject</Class>
      <Texture>
         <File>lofiChar8x8</File>
         <Index>0xb4</Index>
      </Texture>
      <Size>0</Size>
      <Enemy/>
      <Invincible/>
      <Projectile id="0">
         <ObjectId>Sun Bullet</ObjectId>
         <Damage>100</Damage>
         <Speed>65</Speed>
         <LifetimeMS>2000</LifetimeMS>
         <Size>100</Size>
         <MultiHit/>
         <ArmorPiercing/>
      </Projectile>
   </Object>
   <Object type="0x6ffb" id="O2 MinionRemover">
      <Class>GameObject</Class>
      <Texture>
         <File>lofiChar8x8</File>
         <Index>0xb4</Index>
      </Texture>
      <Size>0</Size>
   </Object>
   <Object type="0xb01a" id="O2 Bomb Artifact">
      <DisplayId>Oryx the Mad God</DisplayId>
      <Enemy/>
      <Class>Character</Class>
      <Texture>
         <File>invisible</File>
         <Index>0</Index>
      </Texture>
      <AltTexture id="1">
         <Texture>
            <File>lofiChar8x8</File>
            <Index>0xb4</Index>
         </Texture>
      </AltTexture>
      <Size>120</Size>
      <Invincible/>
   </Object>
   <Object type="0xb096" id="O2 Bomb Artifact 2">
      <DisplayId>Oryx the Mad God</DisplayId>
      <Enemy/>
      <Class>Character</Class>
      <Texture>
         <File>lofiChar8x8</File>
         <Index>0xb4</Index>
      </Texture>
      <Size>120</Size>
      <Invincible/>
   </Object>
   <Object type="0xaadf" id="Cog Artifact2 R">
      <Enemy/>
      <Class>Character</Class>
      <Texture>
         <File>lofiChar8x8</File>
         <Index>0xb4</Index>
      </Texture>
      <Size>100</Size>
      <MaxHitPoints>100000</MaxHitPoints>
      <StunImmune/>
      <StasisImmune/>
      <Projectile id="0">
         <ObjectId>Black Magic</ObjectId>
         <Damage>120</Damage>
         <Speed>120</Speed>
         <LifetimeMS>320</LifetimeMS>
         <ConditionEffect duration="4">Weak</ConditionEffect>
         <MultiHit/>
      </Projectile>
   </Object>
   <Object type="0x203f" id="Cog Artifact2 L">
      <Enemy/>
      <Class>Character</Class>
      <Texture>
         <File>lofiChar8x8</File>
         <Index>0xb4</Index>
      </Texture>
      <Size>100</Size>
      <MaxHitPoints>100000</MaxHitPoints>
      <StunImmune/>
      <StasisImmune/>
      <Projectile id="0">
         <ObjectId>Black Magic</ObjectId>
         <Damage>120</Damage>
         <Speed>120</Speed>
         <LifetimeMS>320</LifetimeMS>
         <ConditionEffect duration="4">Weak</ConditionEffect>
         <MultiHit/>
      </Projectile>
   </Object>
   <Object type="0x0944" id="Henchman of Oryx">
      <Enemy/>
      <Class>Character</Class>
      <AnimatedTexture>
         <File>chars16x16dEncounters2</File>
         <Index>20</Index>
      </AnimatedTexture>
      <HitSound>monster/minion_of_oryx_hit</HitSound>
      <DeathSound>monster/minion_of_oryx_death</DeathSound>
      <Size>100</Size>
      <MaxHitPoints>3000</MaxHitPoints>
      <Defense>25</Defense>
      <Exp>19</Exp>
      <Projectile id="0">
         <ObjectId>Blue Shuriken</ObjectId>
         <Damage>100</Damage>
         <Speed>70</Speed>
         <LifetimeMS>4000</LifetimeMS>
         <ConditionEffect duration="1.5">Confused</ConditionEffect>
         <Boomerang/>
      </Projectile>
      <Projectile id="1">
         <ObjectId>Blue Bolt</ObjectId>
         <Damage>80</Damage>
         <Speed>55</Speed>
         <LifetimeMS>4000</LifetimeMS>
      </Projectile>
   </Object>
   <Object type="0x0de0" id="Abomination of Oryx">
      <Enemy/>
      <Class>Character</Class>
      <AnimatedTexture>
         <File>chars16x16dEncounters2</File>
         <Index>21</Index>
      </AnimatedTexture>
      <HitSound>monster/minion_of_oryx_hit</HitSound>
      <DeathSound>monster/minion_of_oryx_death</DeathSound>
      <Size>80</Size>
      <MaxHitPoints>1000</MaxHitPoints>
      <Defense>12</Defense>
      <Exp>10</Exp>
      <Projectile id="0">
         <ObjectId>Red Fire</ObjectId>
         <Damage>50</Damage>
         <Speed>140</Speed>
         <LifetimeMS>400</LifetimeMS>
      </Projectile>
      <Projectile id="1">
         <ObjectId>Red Fire</ObjectId>
         <Damage>50</Damage>
         <Speed>120</Speed>
         <LifetimeMS>400</LifetimeMS>
      </Projectile>
      <Projectile id="2">
         <ObjectId>Red Fire</ObjectId>
         <Damage>50</Damage>
         <Speed>100</Speed>
         <LifetimeMS>400</LifetimeMS>
      </Projectile>
      <Projectile id="3">
         <ObjectId>Red Fire</ObjectId>
         <Damage>50</Damage>
         <Speed>80</Speed>
         <LifetimeMS>500</LifetimeMS>
      </Projectile>
      <Projectile id="4">
         <ObjectId>Red Fire</ObjectId>
         <Damage>50</Damage>
         <Speed>60</Speed>
         <LifetimeMS>500</LifetimeMS>
      </Projectile>
   </Object>
   <Object type="0x0de1" id="Monstrosity of Oryx">
      <Enemy/>
      <Class>Character</Class>
      <AnimatedTexture>
         <File>chars16x16dEncounters2</File>
         <Index>22</Index>
      </AnimatedTexture>
      <HitSound>monster/minion_of_oryx_hit</HitSound>
      <DeathSound>monster/minion_of_oryx_death</DeathSound>
      <Size>80</Size>
      <MaxHitPoints>1000</MaxHitPoints>
      <Defense>12</Defense>
      <Exp>10</Exp>
   </Object>
   <Object type="0x0de2" id="Monstrosity Scarab">
      <Enemy/>
      <Class>Character</Class>
      <Texture>
         <File>lofiChar28x8</File>
         <Index>0xa0</Index>
      </Texture>
      <HitSound>monster/minion_of_oryx_hit</HitSound>
      <DeathSound>monster/minion_of_oryx_death</DeathSound>
      <Size>80</Size>
      <MaxHitPoints>200</MaxHitPoints>
      <Defense>0</Defense>
      <Exp>2</Exp>
      <Projectile id="0">
         <ObjectId>Red Fire</ObjectId>
         <Damage>50</Damage>
         <Speed>70</Speed>
         <LifetimeMS>1400</LifetimeMS>
      </Projectile>
   </Object>
   <Object type="0x0de3" id="Aberrant of Oryx">
      <Enemy/>
      <Class>Character</Class>
      <AnimatedTexture>
         <File>chars16x16dEncounters2</File>
         <Index>23</Index>
      </AnimatedTexture>
      <HitSound>monster/minion_of_oryx_hit</HitSound>
      <DeathSound>monster/minion_of_oryx_death</DeathSound>
      <Size>80</Size>
      <MaxHitPoints>1000</MaxHitPoints>
      <Defense>12</Defense>
      <Exp>10</Exp>
   </Object>
   <Object type="0x0de4" id="Aberrant Blaster">
      <Enemy/>
      <Class>Character</Class>
      <Texture>
         <File>lofiObj</File>
         <Index>0x97</Index>
      </Texture>
      <HitSound>monster/minion_of_oryx_hit</HitSound>
      <DeathSound>monster/minion_of_oryx_death</DeathSound>
      <Size>80</Size>
      <MaxHitPoints>100</MaxHitPoints>
      <Defense>0</Defense>
      <Exp>1</Exp>
      <Projectile id="0">
         <ObjectId>Red Fire</ObjectId>
         <Damage>50</Damage>
         <Speed>120</Speed>
         <LifetimeMS>500</LifetimeMS>
      </Projectile>
   </Object>
   <Object type="0x0de5" id="Wine Barrel">
      <Class>GameObject</Class>
      <RandomTexture>
         <Texture>
            <File>lofiEnvironment3</File>
            <Index>0x76</Index>
         </Texture>
         <Texture>
            <File>lofiEnvironment3</File>
            <Index>0x77</Index>
         </Texture>
         <Texture>
            <File>lofiEnvironment3</File>
            <Index>0x78</Index>
         </Texture>
      </RandomTexture>
      <Static/>
      <OccupySquare/>
      <HitSound>monster/wooden_walls_hit</HitSound>
      <DeathSound>monster/stone_walls_death</DeathSound>
      <MaxHitPoints>3000</MaxHitPoints>
      <StasisImmune/>
      <Enemy/>
      <Exp>0</Exp>
   </Object>
   <Object type="0x0de6" id="WineSpill Puddle">
      <Class>GameObject</Class>
      <RandomTexture>
         <Texture>
            <File>lofiEnvironment3</File>
            <Index>0x79</Index>
         </Texture>
         <Texture>
            <File>lofiEnvironment3</File>
            <Index>0x7a</Index>
         </Texture>
         <Texture>
            <File>lofiEnvironment3</File>
            <Index>0x7b</Index>
         </Texture>
      </RandomTexture>
      <DrawOnGround/>
      <Static/>
   </Object>
   <Object type="0x0de7" id="WineSpill DL">
      <Class>GameObject</Class>
      <Texture>
         <File>lofiEnvironment3</File>
         <Index>0x7c</Index>
      </Texture>
      <DrawOnGround/>
      <Static/>
   </Object>
   <Object type="0x0de8" id="WineSpill DR">
      <Class>GameObject</Class>
      <Texture>
         <File>lofiEnvironment3</File>
         <Index>0x7d</Index>
      </Texture>
      <DrawOnGround/>
      <Static/>
   </Object>
   <Object type="0x0de9" id="WineSpill UR">
      <Class>GameObject</Class>
      <Texture>
         <File>lofiEnvironment3</File>
         <Index>0x7e</Index>
      </Texture>
      <DrawOnGround/>
      <Static/>
   </Object>
   <Object type="0x0dea" id="WineSpill UL">
      <Class>GameObject</Class>
      <Texture>
         <File>lofiEnvironment3</File>
         <Index>0x7f</Index>
      </Texture>
      <DrawOnGround/>
      <Static/>
   </Object>
   <Object type="0x0deb" id="WineSpill L">
      <Class>GameObject</Class>
      <Texture>
         <File>lofiEnvironment3</File>
         <Index>0x80</Index>
      </Texture>
      <DrawOnGround/>
      <Static/>
   </Object>
   <Object type="0x0dec" id="WineSpill R">
      <Class>GameObject</Class>
      <Texture>
         <File>lofiEnvironment3</File>
         <Index>0x81</Index>
      </Texture>
      <DrawOnGround/>
      <Static/>
   </Object>
   <Object type="0x0ded" id="WineSpill U">
      <Class>GameObject</Class>
      <Texture>
         <File>lofiEnvironment3</File>
         <Index>0x82</Index>
      </Texture>
      <DrawOnGround/>
      <Static/>
   </Object>
   <Object type="0x0dee" id="WineSpill D">
      <Class>GameObject</Class>
      <Texture>
         <File>lofiEnvironment3</File>
         <Index>0x83</Index>
      </Texture>
      <DrawOnGround/>
      <Static/>
   </Object>
   <Object type="0x0def" id="WineSpill C">
      <Class>GameObject</Class>
      <Texture>
         <File>lofiEnvironment3</File>
         <Index>0x84</Index>
      </Texture>
      <DrawOnGround/>
      <Static/>
   </Object>
   <Object type="0x0df0" id="Purple Goo">
      <Enemy/>
      <Class>Character</Class>
      <RandomTexture>
         <Texture>
            <File>lofiEnvironment3</File>
            <Index>0x85</Index>
         </Texture>
         <Texture>
            <File>lofiEnvironment3</File>
            <Index>0x86</Index>
         </Texture>
         <Texture>
            <File>lofiEnvironment3</File>
            <Index>0x87</Index>
         </Texture>
         <Texture>
            <File>lofiEnvironment3</File>
            <Index>0x88</Index>
         </Texture>
         <Texture>
            <File>lofiEnvironment3</File>
            <Index>0x89</Index>
         </Texture>
      </RandomTexture>
      <Size>90</Size>
      <ShadowSize>0</ShadowSize>
      <DrawUnder/>
      <NoMiniMap/>
      <Invincible/>
      <Exp>0</Exp>
      <Projectile id="0">
         <ObjectId>Invisible</ObjectId>
         <Damage>55</Damage>
         <Speed>0</Speed>
         <Size>85</Size>
         <LifetimeMS>6000</LifetimeMS>
         <MultiHit/>
         <ConditionEffect duration="5">Sick</ConditionEffect>
         <ConditionEffect duration="3.4">Slowed</ConditionEffect>
      </Projectile>
   </Object>
   <Object type="0x0df1" id="Bile of Oryx">
      <Enemy/>
      <Class>Character</Class>
      <AnimatedTexture>
         <File>chars16x16dEncounters2</File>
         <Index>24</Index>
      </AnimatedTexture>
      <HitSound>monster/slimes_death</HitSound>
      <DeathSound>monster/flying_brain_death</DeathSound>
      <Size>90</Size>
      <ShadowSize>0</ShadowSize>
      <MaxHitPoints>3000</MaxHitPoints>
      <Defense>80</Defense>
      <Exp>15</Exp>
   </Object>
   <Object type="0x0df2" id="Vintner of Oryx">
      <Enemy/>
      <Class>Character</Class>
      <AnimatedTexture>
         <File>chars16x16rEncounters</File>
         <Index>1</Index>
      </AnimatedTexture>
      <HitSound>monster/minion_of_oryx_hit</HitSound>
      <DeathSound>monster/minion_of_oryx_death</DeathSound>
      <Size>80</Size>
      <MaxHitPoints>1500</MaxHitPoints>
      <Defense>18</Defense>
      <Exp>15</Exp>
      <Projectile id="0">
         <ObjectId>Wine Bomb</ObjectId>
         <Damage>50</Damage>
         <Speed>70</Speed>
         <LifetimeMS>1400</LifetimeMS>
         <ConditionEffect duration="4">Drunk</ConditionEffect>
      </Projectile>
   </Object>
   <Object type="0x8034" id="O2 Portal Dropper">
      <Class>GameObject</Class>
      <Texture>
         <File>lofiEnvironment</File>
         <Index>0xa4</Index>
      </Texture>
      <Size>0</Size>
   </Object>
   <Object type="0x713d" id="Infested Oryx the Mad God 2">
      <DisplayId>Oryx the Mad God</DisplayId>
      <Enemy/>
      <Class>Character</Class>
      <AnimatedTexture>
         <File>chars16x16rEncounters</File>
         <Index>158</Index>
      </AnimatedTexture>
      <HitSound>monster/oryx_hit</HitSound>
      <DeathSound>monster/oryx_death</DeathSound>
      <Size>120</Size>
      <MaxHitPoints>100000</MaxHitPoints>
      <Defense>60</Defense>
      <Exp>0</Exp>
      <Quest/>
      <God/>
      <Oryx/>
      <StasisImmune/>
      <Level>1</Level>
      <NoArticle/>
      <EventChestBoss/>
      <TrackLoot/>
      <Projectile id="0">
         <ObjectId>pD Boss Shot</ObjectId>
         <Damage>135</Damage>
         <Speed>70</Speed>
         <LifetimeMS>2500</LifetimeMS>
      </Projectile>
      <Projectile id="1">
         <ObjectId>Green Star</ObjectId>
         <Damage>160</Damage>
         <Speed>70</Speed>
         <LifetimeMS>2500</LifetimeMS>
         <ConditionEffect duration="10">Slowed</ConditionEffect>
      </Projectile>
      <Projectile id="2">
         <ObjectId>pD Sword Shot</ObjectId>
         <Damage>240</Damage>
         <Speed>100</Speed>
         <LifetimeMS>450</LifetimeMS>
      </Projectile>
      <Projectile id="3">
         <ObjectId>Purple Star</ObjectId>
         <Damage>160</Damage>
         <Speed>55</Speed>
         <LifetimeMS>3000</LifetimeMS>
         <ConditionEffect duration="5">Blind</ConditionEffect>
      </Projectile>
      <Projectile id="4">
         <ObjectId>Blue Star</ObjectId>
         <Damage>160</Damage>
         <Speed>105</Speed>
         <LifetimeMS>1200</LifetimeMS>
         <ConditionEffect duration="5">Confused</ConditionEffect>
      </Projectile>
      <Projectile id="5">
         <ObjectId>Grey Star</ObjectId>
         <Damage>160</Damage>
         <Speed>45</Speed>
         <LifetimeMS>3000</LifetimeMS>
         <ConditionEffect duration="3">Quiet</ConditionEffect>
      </Projectile>
      <Projectile id="6">
         <ObjectId>Red Star</ObjectId>
         <Damage>160</Damage>
         <Speed>55</Speed>
         <LifetimeMS>3000</LifetimeMS>
         <ArmorPiercing/>
      </Projectile>
      <Projectile id="11">
         <ObjectId>Grey Star</ObjectId>
         <Damage>140</Damage>
         <Speed>60</Speed>
         <LifetimeMS>1666</LifetimeMS>
         <ConditionEffect duration="3">Quiet</ConditionEffect>
         <MultiHit/>
      </Projectile>
      <Projectile id="12">
         <ObjectId>Red Star</ObjectId>
         <Damage>120</Damage>
         <Speed>35</Speed>
         <LifetimeMS>2228</LifetimeMS>
         <ArmorPiercing/>
         <MultiHit/>
      </Projectile>
      <Projectile id="15">
         <ObjectId>pD Wall Shot</ObjectId>
         <Speed>60</Speed>
         <Size>200</Size>
         <Damage>250</Damage>
         <LifetimeMS>1200</LifetimeMS>
         <MultiHit/>
         <ArmorPiercing/>
      </Projectile>
      <Projectile id="16">
         <ObjectId>pD Wall Shot</ObjectId>
         <Speed>40</Speed>
         <Size>90</Size>
         <Damage>90</Damage>
         <LifetimeMS>3000</LifetimeMS>
         <ConditionEffect duration="4">Sick</ConditionEffect>
         <MultiHit/>
      </Projectile>
      <Projectile id="17">
         <ObjectId>pD Boss Shot</ObjectId>
         <Damage>250</Damage>
         <Speed>48</Speed>
         <LifetimeMS>3000</LifetimeMS>
         <Size>200</Size>
         <MultiHit/>
         <PassesCover/>
      </Projectile>
      <Projectile id="18">
         <ObjectId>pD Boss Shot</ObjectId>
         <Damage>180</Damage>
         <Speed>80</Speed>
         <LifetimeMS>800</LifetimeMS>
      </Projectile>
      <Projectile id="13">
         <ObjectId>pD Wall Shot</ObjectId>
         <Speed>90</Speed>
         <Size>100</Size>
         <Damage>1</Damage>
         <LifetimeMS>1800</LifetimeMS>
         <ConditionEffect duration="20">Quiet</ConditionEffect>
         <MultiHit/>
      </Projectile>
      <Projectile id="14">
         <ObjectId>pD Wall Shot</ObjectId>
         <Speed>90</Speed>
         <Size>100</Size>
         <Damage>1</Damage>
         <LifetimeMS>1800</LifetimeMS>
         <ConditionEffect duration="20">Sick</ConditionEffect>
         <MultiHit/>
      </Projectile>
   </Object>
   <Object type="0x713e" id="O2 Challenger Fame">
      <Class>GameObject</Class>
      <Enemy/>
      <Texture>
         <File>lofiChar16x16</File>
         <Index>0x54</Index>
      </Texture>
      <Size>0</Size>
      <Invincible/>
      <Exp>240000</Exp>
   </Object>
   <Object type="0xb3a8" id="Infested O2 Bullet Split">
      <DisplayId>Oryx the Mad God</DisplayId>
      <Class>GameObject</Class>
      <Texture>
         <File>lofiChar8x8</File>
         <Index>0xb4</Index>
      </Texture>
      <Size>0</Size>
      <Enemy/>
      <Invincible/>
      <Projectile id="0">
         <ObjectId>pD Boss Shot</ObjectId>
         <Damage>75</Damage>
         <Speed>30</Speed>
         <LifetimeMS>4500</LifetimeMS>
         <Size>100</Size>
         <MultiHit/>
         <ArmorPiercing/>
      </Projectile>
   </Object>
   <Object type="0xb3a9" id="Infested O2 MinionRemover">
      <Class>GameObject</Class>
      <Texture>
         <File>lofiChar8x8</File>
         <Index>0xb4</Index>
      </Texture>
      <Size>0</Size>
   </Object>
   <Object type="0xb3aa" id="Infested O2 Bomb Artifact">
      <DisplayId>Oryx the Mad God</DisplayId>
      <Enemy/>
      <Class>Character</Class>
      <Texture>
         <File>invisible</File>
         <Index>0</Index>
      </Texture>
      <AltTexture id="1">
         <Texture>
            <File>lofiChar8x8</File>
            <Index>0xb4</Index>
         </Texture>
      </AltTexture>
      <Size>120</Size>
      <Invincible/>
   </Object>
   <Object type="0xb3ab" id="Infested O2 Bomb Artifact 2">
      <DisplayId>Oryx the Mad God</DisplayId>
      <Enemy/>
      <Class>Character</Class>
      <Texture>
         <File>lofiChar8x8</File>
         <Index>0xb4</Index>
      </Texture>
      <Size>120</Size>
      <Invincible/>
   </Object>
   <Object type="0xb3ac" id="Infested Cog Artifact2 R">
      <Enemy/>
      <Class>Character</Class>
      <Texture>
         <File>lofiChar8x8</File>
         <Index>0xb4</Index>
      </Texture>
      <Size>100</Size>
      <MaxHitPoints>100000</MaxHitPoints>
      <StunImmune/>
      <StasisImmune/>
      <Projectile id="0">
         <ObjectId>Black Magic</ObjectId>
         <Damage>120</Damage>
         <Speed>120</Speed>
         <LifetimeMS>320</LifetimeMS>
         <ConditionEffect duration="4">Weak</ConditionEffect>
         <MultiHit/>
      </Projectile>
   </Object>
   <Object type="0xb3ad" id="Infested Cog Artifact2 L">
      <Enemy/>
      <Class>Character</Class>
      <Texture>
         <File>lofiChar8x8</File>
         <Index>0xb4</Index>
      </Texture>
      <Size>100</Size>
      <MaxHitPoints>100000</MaxHitPoints>
      <StunImmune/>
      <StasisImmune/>
      <Projectile id="0">
         <ObjectId>Black Magic</ObjectId>
         <Damage>120</Damage>
         <Speed>120</Speed>
         <LifetimeMS>320</LifetimeMS>
         <ConditionEffect duration="4">Weak</ConditionEffect>
         <MultiHit/>
      </Projectile>
   </Object>
   <Object type="0xb3ae" id="Infested pD Walker 2">
      <DisplayId>Walking Horror</DisplayId>
      <Class>Character</Class>
      <Enemy/>
      <AnimatedTexture>
         <File>parasiteDenChars16x16</File>
         <Index>1</Index>
      </AnimatedTexture>
      <HitSound>monster/lizard_god_hit</HitSound>
      <DeathSound>monster/ogres_death</DeathSound>
      <Size>110</Size>
      <ShadowSize>75</ShadowSize>
      <MaxHitPoints>3500</MaxHitPoints>
      <Defense>20</Defense>
      <Exp>800</Exp>
      <Projectile id="0">
         <ObjectId>pD Walker Shot</ObjectId>
         <Damage>150</Damage>
         <Speed>80</Speed>
         <LifetimeMS>2400</LifetimeMS>
         <Size>120</Size>
         <MultiHit/>
         <PassesCover/>
      </Projectile>
      <ParalyzeImmune/>
   </Object>
   <Object type="0xb3af" id="Infested pD Maw 2">
      <DisplayId>Horror Maw</DisplayId>
      <Class>Character</Class>
      <Enemy/>
      <AnimatedTexture>
         <File>parasiteDenChars16x16</File>
         <Index>0</Index>
      </AnimatedTexture>
      <HitSound>monster/abyss_brutes_hit</HitSound>
      <DeathSound>monster/abyss_demons_death</DeathSound>
      <Size>115</Size>
      <ShadowSize>75</ShadowSize>
      <MaxHitPoints>4000</MaxHitPoints>
      <Defense>20</Defense>
      <Exp>800</Exp>
      <Projectile id="0">
         <ObjectId>pD Maw Shot</ObjectId>
         <Damage>140</Damage>
         <Speed>65</Speed>
         <LifetimeMS>1600</LifetimeMS>
         <Size>130</Size>
         <Amplitude>1.8</Amplitude>
         <Frequency>0.492</Frequency>
         <MultiHit/>
         <FaceDir/>
         <PassesCover/>
      </Projectile>
      <Projectile id="1">
         <ObjectId>pD Maw Shot</ObjectId>
         <Damage>140</Damage>
         <Speed>55</Speed>
         <LifetimeMS>1400</LifetimeMS>
         <Size>130</Size>
         <Amplitude>2.9</Amplitude>
         <Frequency>0.492</Frequency>
         <MultiHit/>
         <FaceDir/>
         <PassesCover/>
      </Projectile>
      <Projectile id="2">
         <ObjectId>pD Maw Shot 2</ObjectId>
         <Damage>160</Damage>
         <Speed>46</Speed>
         <LifetimeMS>1800</LifetimeMS>
         <Size>120</Size>
         <PassesCover/>
      </Projectile>
      <StunImmune/>
   </Object>
   <Object type="0xb3b0" id="Infested pD Tongue 2">
      <DisplayId>Furious Lasher</DisplayId>
      <Class>Character</Class>
      <Enemy/>
      <AnimatedTexture>
         <File>parasiteDenChars16x16</File>
         <Index>2</Index>
      </AnimatedTexture>
      <HitSound>monster/demons_hit</HitSound>
      <DeathSound>monster/abyss_brutes_death</DeathSound>
      <Size>110</Size>
      <ShadowSize>75</ShadowSize>
      <MaxHitPoints>3500</MaxHitPoints>
      <Defense>20</Defense>
      <Exp>800</Exp>
      <Projectile id="0">
         <ObjectId>pD Tongue Shot</ObjectId>
         <Damage>140</Damage>
         <Speed>65</Speed>
         <LifetimeMS>1600</LifetimeMS>
         <Size>100</Size>
         <MultiHit/>
         <PassesCover/>
      </Projectile>
   </Object>
   <Object type="0xb3b1" id="Infested pD Painling 2">
      <DisplayId>Painling</DisplayId>
      <Class>Character</Class>
      <Enemy/>
      <AnimatedTexture>
         <File>parasiteDenChars8x8</File>
         <Index>2</Index>
      </AnimatedTexture>
      <AltTexture id="1">
         <Texture>
            <File>parasiteDenObjects8x8</File>
            <Index>0x21</Index>
         </Texture>
      </AltTexture>
      <HitSound>monster/flayers_hit</HitSound>
      <DeathSound>monster/flayers_death</DeathSound>
      <Size>100</Size>
      <ShadowSize>75</ShadowSize>
      <MaxHitPoints>3000</MaxHitPoints>
      <Defense>20</Defense>
      <Exp>0</Exp>
      <Projectile id="0">
         <ObjectId>Poison Fireball</ObjectId>
         <Damage>90</Damage>
         <Speed>70</Speed>
         <LifetimeMS>1400</LifetimeMS>
         <Size>100</Size>
         <MultiHit/>
         <ConditionEffect duration="3">Slowed</ConditionEffect>
         <PassesCover/>
      </Projectile>
      <ParalyzeImmune/>
   </Object>
</Objects>
