<?xml version="1.0" encoding="ISO-8859-1"?>

<Objects>
   <Object type="0x739b" id="vlntns Governor">
      <Class>GameObject</Class>
      <Texture>
         <File>invisible</File>
         <Index>0</Index>
      </Texture>
      <Size>0</Size>
   </Object>
   <Object type="0x738c" id="vlntns Botany Bella">
      <DisplayId>Belladonna</DisplayId>
      <Enemy/>
      <Class>Character</Class>
      <Group>Bella</Group>
      <AnimatedTexture>
         <File>chars16x16rEncounters</File>
         <Index>159</Index>
      </AnimatedTexture>
      <Portrait>
         <AnimatedTexture>
            <File>chars16x16rEncounters</File>
            <Index>159</Index>
         </AnimatedTexture>
      </Portrait>
      <AltTexture id="1">
         <Texture>
            <File>lofiObjBig</File>
            <Index>0x1ac</Index>
         </Texture>
      </AltTexture>
      <AltTexture id="2">
         <Texture>
            <File>lofiObjBig</File>
            <Index>0x1ad</Index>
         </Texture>
      </AltTexture>
      <AltTexture id="3">
         <Texture>
            <File>lofiObjBig</File>
            <Index>0x1ae</Index>
         </Texture>
      </AltTexture>
      <AltTexture id="4">
         <Texture>
            <File>lofiObjBig</File>
            <Index>0x1af</Index>
         </Texture>
      </AltTexture>
      <HitSound>monster/medusa_hit</HitSound>
      <DeathSound>monster/medusa_death</DeathSound>
      <MaxHitPoints>85000</MaxHitPoints>
      <Defense>60</Defense>
      <Exp>4000</Exp>
      <Size>200</Size>
      <StasisImmune/>
      <StunImmune/>
      <ParalyzeImmune/>
      <Quest/>
      <God/>
      <EventChestBoss/>
      <Projectile id="0">
         <ObjectId>BellaShot New</ObjectId>
         <Speed>85</Speed>
         <Damage>100</Damage>
         <LifetimeMS>3000</LifetimeMS>
         <ConditionEffect duration="3">Bleeding</ConditionEffect>
         <MultiHit/>
      </Projectile>
      <Projectile id="1">
         <ObjectId>BellaBerry New</ObjectId>
         <Speed>25</Speed>
         <Damage>110</Damage>
         <LifetimeMS>6000</LifetimeMS>
         <Size>150</Size>
         <MultiHit/>
      </Projectile>
      <Projectile id="2">
         <ObjectId>BellaPetal New</ObjectId>
         <Speed>35</Speed>
         <Damage>100</Damage>
         <Size>85</Size>
         <ConditionEffect duration="3">Slowed</ConditionEffect>
         <LifetimeMS>6000</LifetimeMS>
         <MultiHit/>
      </Projectile>
      <Projectile id="3">
         <ObjectId>BellaLeaf New</ObjectId>
         <Speed>45</Speed>
         <Damage>125</Damage>
         <Size>100</Size>
         <LifetimeMS>5000</LifetimeMS>
         <MultiHit/>
      </Projectile>
      <Projectile id="4">
         <ObjectId>BellaLeaf New</ObjectId>
         <Damage>70</Damage>
         <Speed>95</Speed>
         <Size>130</Size>
         <LifetimeMS>600</LifetimeMS>
         <MultiHit/>
         <ArmorPiercing/>
         <Boomerang/>
         <ConditionEffect duration="1">Confused</ConditionEffect>
      </Projectile>
      <Projectile id="5">
         <ObjectId>BellaShot New</ObjectId>
         <Speed>25</Speed>
         <Damage>110</Damage>
         <LifetimeMS>6000</LifetimeMS>
         <Size>150</Size>
         <MultiHit/>
      </Projectile>
      <Projectile id="6">
         <ObjectId>BellaLeaf New</ObjectId>
         <Damage>70</Damage>
         <Speed>80</Speed>
         <Size>130</Size>
         <LifetimeMS>600</LifetimeMS>
         <MultiHit/>
         <ArmorPiercing/>
         <Boomerang/>
         <ConditionEffect duration="1">Confused</ConditionEffect>
      </Projectile>
      <Projectile id="7">
         <ObjectId>BellaLeaf New</ObjectId>
         <Damage>70</Damage>
         <Speed>75</Speed>
         <Size>130</Size>
         <LifetimeMS>600</LifetimeMS>
         <MultiHit/>
         <ArmorPiercing/>
         <Boomerang/>
         <ConditionEffect duration="1">Confused</ConditionEffect>
      </Projectile>
      <Projectile id="8">
         <ObjectId>BellaBerry New</ObjectId>
         <Damage>105</Damage>
         <Speed>50</Speed>
         <LifetimeMS>10000</LifetimeMS>
         <Magnitude>4</Magnitude>
         <MultiHit/>
         <Parametric/>
         <FaceDir/>
         <Size>120</Size>
         <ConditionEffect duration="1">Slowed</ConditionEffect>
      </Projectile>
      <Projectile id="9">
         <ObjectId>BellaBerry New</ObjectId>
         <Damage>105</Damage>
         <Speed>50</Speed>
         <LifetimeMS>10000</LifetimeMS>
         <Magnitude>8</Magnitude>
         <MultiHit/>
         <Parametric/>
         <FaceDir/>
         <Size>120</Size>
         <ConditionEffect duration="1">Slowed</ConditionEffect>
      </Projectile>
      <Projectile id="10">
         <ObjectId>BellaPetal New</ObjectId>
         <Speed>150</Speed>
         <Damage>0</Damage>
         <Size>80</Size>
         <LifetimeMS>4000</LifetimeMS>
         <ConditionEffect duration="10">Quiet</ConditionEffect>
         <MultiHit/>
      </Projectile>
      <Projectile id="11">
         <ObjectId>BellaShot New</ObjectId>
         <Speed>70</Speed>
         <Damage>100</Damage>
         <Size>150</Size>
         <LifetimeMS>800</LifetimeMS>
         <Amplitude>2</Amplitude>
         <Frequency>1</Frequency>
         <Wavy/>
         <MultiHit/>
      </Projectile>
      <Projectile id="12">
         <ObjectId>BellaLeaf New</ObjectId>
         <Speed>60</Speed>
         <Damage>70</Damage>
         <LifetimeMS>1200</LifetimeMS>
         <Amplitude>0.8</Amplitude>
         <Frequency>1</Frequency>
         <Size>100</Size>
         <MultiHit/>
      </Projectile>
      <Projectile id="13">
         <ObjectId>BellaPetal New</ObjectId>
         <Speed>60</Speed>
         <Damage>100</Damage>
         <LifetimeMS>1200</LifetimeMS>
         <Amplitude>2.4</Amplitude>
         <Frequency>0.8</Frequency>
         <Size>100</Size>
         <MultiHit/>
      </Projectile>
      <Projectile id="14">
         <ObjectId>BellaPetal New</ObjectId>
         <Speed>30</Speed>
         <Damage>100</Damage>
         <LifetimeMS>1500</LifetimeMS>
         <Amplitude>2</Amplitude>
         <Frequency>1.2</Frequency>
         <Size>100</Size>
         <MultiHit/>
      </Projectile>
   </Object>
   <Object type="0x65fb" id="Bella Seed">
      <DisplayId>Bella Bud</DisplayId>
      <Enemy/>
      <Class>Character</Class>
      <Texture>
         <File>lofiObj3</File>
         <Index>0x5f2</Index>
      </Texture>
      <HitSound>monster/orcs_hit</HitSound>
      <DeathSound>monster/orcs_death</DeathSound>
      <MaxHitPoints>5000</MaxHitPoints>
      <Size>100</Size>
      <Defense>20</Defense>
      <Exp>0</Exp>
      <StasisImmune/>
      <AltTexture id="1">
         <Texture>
            <File>lofiObj3</File>
            <Index>0x5d1</Index>
         </Texture>
      </AltTexture>
      <AltTexture id="2">
         <Texture>
            <File>lofiObj3</File>
            <Index>0x5d2</Index>
         </Texture>
      </AltTexture>
      <AltTexture id="3">
         <Texture>
            <File>lofiObj3</File>
            <Index>0x5d3</Index>
         </Texture>
      </AltTexture>
      <AltTexture id="4">
         <AnimatedTexture>
            <File>chars16x16rEncounters</File>
            <Index>160</Index>
         </AnimatedTexture>
      </AltTexture>
      <Projectile id="0">
         <ObjectId>BellaPetal New</ObjectId>
         <Speed>80</Speed>
         <Damage>0</Damage>
         <LifetimeMS>850</LifetimeMS>
         <ConditionEffect duration="2.5">Slowed</ConditionEffect>
         <MultiHit/>
      </Projectile>
      <Projectile id="1">
         <ObjectId>BellaShot New</ObjectId>
         <Speed>85</Speed>
         <Damage>100</Damage>
         <LifetimeMS>1000</LifetimeMS>
         <Size>160</Size>
         <ConditionEffect duration="3">Sick</ConditionEffect>
         <ArmorPiercing/>
         <MultiHit/>
      </Projectile>
   </Object>
   <Object type="0x739a" id="vlntns Bella Bud 1">
      <DisplayId>Bella Bud</DisplayId>
      <Enemy/>
      <Class>Character</Class>
      <AnimatedTexture>
         <File>chars16x16rEncounters</File>
         <Index>160</Index>
      </AnimatedTexture>
      <HitSound>monster/orcs_hit</HitSound>
      <DeathSound>monster/orcs_death</DeathSound>
      <MaxHitPoints>7500</MaxHitPoints>
      <Size>130</Size>
      <Defense>15</Defense>
      <Exp>500</Exp>
      <StasisImmune/>
      <StunImmune/>
      <ParalyzeImmune/>
      <Projectile id="0">
         <ObjectId>BellaShot New</ObjectId>
         <Speed>25</Speed>
         <Damage>80</Damage>
         <LifetimeMS>3000</LifetimeMS>
         <Size>100</Size>
         <MultiHit/>
      </Projectile>
      <Projectile id="1">
         <ObjectId>BellaPetal New</ObjectId>
         <Speed>95</Speed>
         <Damage>100</Damage>
         <LifetimeMS>1000</LifetimeMS>
         <Size>90</Size>
         <ArmorPiercing/>
         <MultiHit/>
      </Projectile>
      <Projectile id="2">
         <ObjectId>BellaShot New</ObjectId>
         <Speed>90</Speed>
         <Damage>150</Damage>
         <LifetimeMS>1050</LifetimeMS>
         <Size>120</Size>
         <ArmorPiercing/>
         <MultiHit/>
      </Projectile>
   </Object>
   <Object type="0x25c9" id="vlntns Bella Bud 2">
      <DisplayId>Bella Bud</DisplayId>
      <Enemy/>
      <Class>Character</Class>
      <AnimatedTexture>
         <File>chars16x16rEncounters</File>
         <Index>160</Index>
      </AnimatedTexture>
      <HitSound>monster/orcs_hit</HitSound>
      <DeathSound>monster/orcs_death</DeathSound>
      <MaxHitPoints>7500</MaxHitPoints>
      <Size>130</Size>
      <Defense>15</Defense>
      <Exp>500</Exp>
      <StasisImmune/>
      <StunImmune/>
      <ParalyzeImmune/>
      <Projectile id="0">
         <ObjectId>BellaShot New</ObjectId>
         <Speed>25</Speed>
         <Damage>80</Damage>
         <LifetimeMS>3000</LifetimeMS>
         <Size>100</Size>
         <MultiHit/>
      </Projectile>
      <Projectile id="1">
         <ObjectId>BellaPetal New</ObjectId>
         <Speed>95</Speed>
         <Damage>100</Damage>
         <LifetimeMS>1000</LifetimeMS>
         <Size>90</Size>
         <ArmorPiercing/>
         <MultiHit/>
      </Projectile>
      <Projectile id="2">
         <ObjectId>BellaShot New</ObjectId>
         <Speed>90</Speed>
         <Damage>150</Damage>
         <LifetimeMS>1050</LifetimeMS>
         <Size>120</Size>
         <ArmorPiercing/>
         <MultiHit/>
      </Projectile>
   </Object>
   <Object type="0x4205" id="vlntns Bella Bud 3">
      <DisplayId>Bella Bud</DisplayId>
      <Enemy/>
      <Class>Character</Class>
      <AnimatedTexture>
         <File>chars16x16rEncounters</File>
         <Index>160</Index>
      </AnimatedTexture>
      <HitSound>monster/orcs_hit</HitSound>
      <DeathSound>monster/orcs_death</DeathSound>
      <MaxHitPoints>7500</MaxHitPoints>
      <Size>130</Size>
      <Defense>15</Defense>
      <Exp>500</Exp>
      <StasisImmune/>
      <StunImmune/>
      <ParalyzeImmune/>
      <Projectile id="0">
         <ObjectId>BellaShot New</ObjectId>
         <Speed>25</Speed>
         <Damage>80</Damage>
         <LifetimeMS>3000</LifetimeMS>
         <Size>100</Size>
         <MultiHit/>
      </Projectile>
      <Projectile id="1">
         <ObjectId>BellaPetal New</ObjectId>
         <Speed>95</Speed>
         <Damage>100</Damage>
         <LifetimeMS>1000</LifetimeMS>
         <Size>90</Size>
         <ArmorPiercing/>
         <MultiHit/>
      </Projectile>
      <Projectile id="2">
         <ObjectId>BellaShot New</ObjectId>
         <Speed>90</Speed>
         <Damage>150</Damage>
         <LifetimeMS>1050</LifetimeMS>
         <Size>120</Size>
         <ArmorPiercing/>
         <MultiHit/>
      </Projectile>
   </Object>
   <Object type="0x7410" id="vlntns Bella Bud 4">
      <DisplayId>Bella Bud</DisplayId>
      <Enemy/>
      <Class>Character</Class>
      <AnimatedTexture>
         <File>chars16x16rEncounters</File>
         <Index>160</Index>
      </AnimatedTexture>
      <HitSound>monster/orcs_hit</HitSound>
      <DeathSound>monster/orcs_death</DeathSound>
      <MaxHitPoints>7500</MaxHitPoints>
      <Size>130</Size>
      <Defense>15</Defense>
      <Exp>500</Exp>
      <StasisImmune/>
      <StunImmune/>
      <ParalyzeImmune/>
      <Projectile id="0">
         <ObjectId>BellaShot New</ObjectId>
         <Speed>25</Speed>
         <Damage>80</Damage>
         <LifetimeMS>3000</LifetimeMS>
         <Size>100</Size>
         <MultiHit/>
      </Projectile>
      <Projectile id="1">
         <ObjectId>BellaPetal New</ObjectId>
         <Speed>95</Speed>
         <Damage>100</Damage>
         <LifetimeMS>1000</LifetimeMS>
         <Size>90</Size>
         <ArmorPiercing/>
         <MultiHit/>
      </Projectile>
      <Projectile id="2">
         <ObjectId>BellaShot New</ObjectId>
         <Speed>90</Speed>
         <Damage>150</Damage>
         <LifetimeMS>1050</LifetimeMS>
         <Size>120</Size>
         <ArmorPiercing/>
         <MultiHit/>
      </Projectile>
   </Object>
   <Object type="0x739c" id="vlntns Planter">
      <Class>GameObject</Class>
      <Texture>
         <File>lofiObj3</File>
         <Index>0x5d0</Index>
      </Texture>
      <Size>100</Size>
      <ShadowSize>15</ShadowSize>
   </Object>
   <Object type="0x739d" id="vlntns Red">
      <DisplayId>Immaculate Red Flower</DisplayId>
      <Group>vlntns flowers</Group>
      <Enemy/>
      <Class>Character</Class>
      <Texture>
         <File>lofiObj3</File>
         <Index>0x5d0</Index>
      </Texture>
      <HitSound>monster/elves_hit</HitSound>
      <DeathSound>monster/elves_death</DeathSound>
      <MaxHitPoints>3500</MaxHitPoints>
      <Exp>0</Exp>
      <ShadowSize>0</ShadowSize>
      <HealthBar>1</HealthBar>
      <NoMiniMap/>
      <StasisImmune/>
      <Projectile id="0">
         <ObjectId>Red Star New</ObjectId>
         <Speed>15</Speed>
         <Damage>115</Damage>
         <LifetimeMS>1000</LifetimeMS>
         <Size>60</Size>
         <MultiHit/>
      </Projectile>
      <AltTexture id="1">
         <Texture>
            <File>lofiObj3</File>
            <Index>0x5d0</Index>
         </Texture>
      </AltTexture>
      <AltTexture id="2">
         <Texture>
            <File>lofiObj3</File>
            <Index>0x5d1</Index>
         </Texture>
      </AltTexture>
      <AltTexture id="3">
         <Texture>
            <File>lofiObj3</File>
            <Index>0x5d2</Index>
         </Texture>
      </AltTexture>
      <AltTexture id="4">
         <Texture>
            <File>lofiObj3</File>
            <Index>0x5d3</Index>
         </Texture>
      </AltTexture>
      <AltTexture id="5">
         <Texture>
            <File>lofiObj3</File>
            <Index>0x5d4</Index>
         </Texture>
      </AltTexture>
      <AltTexture id="6">
         <Texture>
            <File>lofiObj3</File>
            <Index>0x5d5</Index>
         </Texture>
      </AltTexture>
   </Object>
   <Object type="0x740e" id="vlntns White">
      <DisplayId>Breathtaking White Flower</DisplayId>
      <Group>vlntns flowers</Group>
      <Enemy/>
      <Class>Character</Class>
      <Texture>
         <File>lofiObj3</File>
         <Index>0x49e</Index>
      </Texture>
      <HitSound>monster/elves_hit</HitSound>
      <DeathSound>monster/elves_death</DeathSound>
      <MaxHitPoints>3500</MaxHitPoints>
      <Exp>0</Exp>
      <ShadowSize>0</ShadowSize>
      <HealthBar>1</HealthBar>
      <NoMiniMap/>
      <StasisImmune/>
      <Projectile id="0">
         <ObjectId>Blue Star New</ObjectId>
         <Speed>15</Speed>
         <Damage>30</Damage>
         <LifetimeMS>1000</LifetimeMS>
         <Size>60</Size>
         <ConditionEffect duration="1.5">Quiet</ConditionEffect>
         <MultiHit/>
      </Projectile>
      <AltTexture id="1">
         <Texture>
            <File>lofiObj3</File>
            <Index>0x5e0</Index>
         </Texture>
      </AltTexture>
      <AltTexture id="2">
         <Texture>
            <File>lofiObj3</File>
            <Index>0x5e1</Index>
         </Texture>
      </AltTexture>
      <AltTexture id="3">
         <Texture>
            <File>lofiObj3</File>
            <Index>0x5e2</Index>
         </Texture>
      </AltTexture>
      <AltTexture id="4">
         <Texture>
            <File>lofiObj3</File>
            <Index>0x5e3</Index>
         </Texture>
      </AltTexture>
      <AltTexture id="5">
         <Texture>
            <File>lofiObj3</File>
            <Index>0x5e4</Index>
         </Texture>
      </AltTexture>
      <AltTexture id="6">
         <Texture>
            <File>lofiObj3</File>
            <Index>0x5e5</Index>
         </Texture>
      </AltTexture>
   </Object>
   <Object type="0x740f" id="vlntns Yellow">
      <DisplayId>Gorgeous Yellow Flower</DisplayId>
      <Group>vlntns flowers</Group>
      <Enemy/>
      <Class>Character</Class>
      <Texture>
         <File>lofiObj3</File>
         <Index>0x49e</Index>
      </Texture>
      <HitSound>monster/elves_hit</HitSound>
      <DeathSound>monster/elves_death</DeathSound>
      <MaxHitPoints>3500</MaxHitPoints>
      <Exp>0</Exp>
      <ShadowSize>0</ShadowSize>
      <HealthBar>1</HealthBar>
      <NoMiniMap/>
      <StasisImmune/>
      <Projectile id="0">
         <ObjectId>Yellow Star New</ObjectId>
         <Speed>15</Speed>
         <Damage>60</Damage>
         <LifetimeMS>1000</LifetimeMS>
         <Size>60</Size>
         <ConditionEffect duration="1.5">Slowed</ConditionEffect>
         <MultiHit/>
      </Projectile>
      <AltTexture id="1">
         <Texture>
            <File>lofiObj3</File>
            <Index>0x5d6</Index>
         </Texture>
      </AltTexture>
      <AltTexture id="2">
         <Texture>
            <File>lofiObj3</File>
            <Index>0x5d7</Index>
         </Texture>
      </AltTexture>
      <AltTexture id="3">
         <Texture>
            <File>lofiObj3</File>
            <Index>0x5d8</Index>
         </Texture>
      </AltTexture>
      <AltTexture id="4">
         <Texture>
            <File>lofiObj3</File>
            <Index>0x5d9</Index>
         </Texture>
      </AltTexture>
      <AltTexture id="5">
         <Texture>
            <File>lofiObj3</File>
            <Index>0x5da</Index>
         </Texture>
      </AltTexture>
      <AltTexture id="6">
         <Texture>
            <File>lofiObj3</File>
            <Index>0x5db</Index>
         </Texture>
      </AltTexture>
   </Object>
   <Object type="0x5c25" id="Bella Tree A">
      <Class>GameObject</Class>
      <Texture>
         <File>lofiObjBig</File>
         <Index>0x1a0</Index>
      </Texture>
      <Size>120</Size>
      <ShadowSize>50</ShadowSize>
      <Static/>
      <OccupySquare/>
   </Object>
   <Object type="0x5c26" id="Bella Tree B">
      <Class>GameObject</Class>
      <Texture>
         <File>lofiObjBig</File>
         <Index>0x1a1</Index>
      </Texture>
      <Size>120</Size>
      <ShadowSize>50</ShadowSize>
      <Static/>
      <OccupySquare/>
   </Object>
   <Object type="0x5c27" id="Bella Tree C">
      <Class>GameObject</Class>
      <Texture>
         <File>lofiObjBig</File>
         <Index>0x1a2</Index>
      </Texture>
      <Size>120</Size>
      <ShadowSize>50</ShadowSize>
      <Static/>
      <OccupySquare/>
   </Object>
   <Object type="0x5c28" id="Bella Bush A">
      <Class>GameObject</Class>
      <Texture>
         <File>lofiObjBig</File>
         <Index>0x1a3</Index>
      </Texture>
      <Size>120</Size>
      <ShadowSize>50</ShadowSize>
      <Static/>
      <OccupySquare/>
   </Object>
   <Object type="0x5c29" id="Bella Bush B">
      <Class>GameObject</Class>
      <Texture>
         <File>lofiObjBig</File>
         <Index>0x1a4</Index>
      </Texture>
      <Size>120</Size>
      <ShadowSize>50</ShadowSize>
      <Static/>
      <OccupySquare/>
   </Object>
   <Object type="0x5c2a" id="Bella Bush C">
      <Class>GameObject</Class>
      <Texture>
         <File>lofiObjBig</File>
         <Index>0x1a5</Index>
      </Texture>
      <Size>120</Size>
      <ShadowSize>50</ShadowSize>
      <Static/>
      <OccupySquare/>
   </Object>
   <Object type="0x5c2b" id="Bella Oryx Statue">
      <Class>GameObject</Class>
      <Texture>
         <File>lofiObjBig</File>
         <Index>0x1a6</Index>
      </Texture>
      <Size>120</Size>
      <ShadowSize>50</ShadowSize>
      <Static/>
      <OccupySquare/>
   </Object>
   <Object type="0x5c2c" id="Bella Book Statue">
      <Class>GameObject</Class>
      <Texture>
         <File>lofiObjBig</File>
         <Index>0x1a7</Index>
      </Texture>
      <Size>120</Size>
      <ShadowSize>50</ShadowSize>
      <Static/>
      <OccupySquare/>
   </Object>
   <Object type="0x5c2d" id="Bella Koala Statue">
      <Class>GameObject</Class>
      <Texture>
         <File>lofiObjBig</File>
         <Index>0x1a8</Index>
      </Texture>
      <Size>120</Size>
      <ShadowSize>50</ShadowSize>
      <Static/>
      <OccupySquare/>
   </Object>
   <Object type="0x5c2e" id="Bella Plant A">
      <Class>GameObject</Class>
      <Texture>
         <File>lofiObjBig</File>
         <Index>0x1a9</Index>
      </Texture>
      <Size>120</Size>
      <ShadowSize>50</ShadowSize>
      <Static/>
      <OccupySquare/>
   </Object>
   <Object type="0x5c2f" id="Bella Plant B">
      <Class>GameObject</Class>
      <Texture>
         <File>lofiObjBig</File>
         <Index>0x1aa</Index>
      </Texture>
      <Size>120</Size>
      <ShadowSize>50</ShadowSize>
      <Static/>
      <OccupySquare/>
   </Object>
   <Object type="0x5c30" id="Bella Feral Statue">
      <Class>GameObject</Class>
      <Texture>
         <File>lofiObjBig</File>
         <Index>0x1ab</Index>
      </Texture>
      <Size>120</Size>
      <ShadowSize>50</ShadowSize>
      <Static/>
      <OccupySquare/>
   </Object>
   <Object id="Bella Fence" type="0x5c31">
      <Class>ConnectedWall</Class>
      <Texture>
         <File>summerNexusObjects8x8</File>
         <Index>0x09</Index>
      </Texture>
      <DotTexture>
         <File>summerNexusObjects8x8</File>
         <Index>0x166</Index>
      </DotTexture>
      <ShortLineTexture>
         <File>summerNexusObjects8x8</File>
         <Index>0x167</Index>
      </ShortLineTexture>
      <LTexture>
         <File>summerNexusObjects8x8</File>
         <Index>0x168</Index>
      </LTexture>
      <LineTexture>
         <File>summerNexusObjects8x8</File>
         <Index>0x169</Index>
      </LineTexture>
      <TTexture>
         <File>summerNexusObjects8x8</File>
         <Index>0x16a</Index>
      </TTexture>
      <CrossTexture>
         <File>summerNexusObjects8x8</File>
         <Index>0x16b</Index>
      </CrossTexture>
      <BaseIndent>0.4</BaseIndent>
      <TopIndent>0.4</TopIndent>
      <Height>0.5</Height>
      <Static/>
      <OccupySquare/>
      <EnemyOccupySquare/>
      <BlocksSight/>
      <Connects/>
      <NoWallTextureRepeat/>
   </Object>
   &#8203;
</Objects>
