<?xml version="1.0" encoding="ISO-8859-1"?>

<Objects>
   <Object type="0x3000" id="Diamond Mystery Key">
      <Class>Equipment</Class>
      <Item/>
      <Texture>
         <File>lofiObj3</File>
         <Index>0x4FB</Index>
      </Texture>
      <SlotType>10</SlotType>
      <Description>A key which opens a random dungeon.\n\nKeys can only be used once you have 10 or more stars!</Description>
      <Sound>use_key</Sound>
      <Consumable/>
      <Soulbound/>
      <Activate>MysteryPortal</Activate>
      <feedPower>200</feedPower>
      <BagType>7</BagType>
      <Track/>
   </Object>
   <Object type="0x3001" id="Ruby Mystery Key">
      <Class>Equipment</Class>
      <Item/>
      <Texture>
         <File>lofiObj3</File>
         <Index>0x4FC</Index>
      </Texture>
      <SlotType>10</SlotType>
      <Description>A key which opens a random dungeon.\n\nKeys can only be used once you have 10 or more stars!</Description>
      <Sound>use_key</Sound>
      <Consumable/>
      <Soulbound/>
      <Activate>MysteryPortal</Activate>
      <feedPower>200</feedPower>
      <BagType>7</BagType>
      <Track/>
   </Object>
   <Object type="0x3002" id="Emerald Mystery Key">
      <Class>Equipment</Class>
      <Item/>
      <Texture>
         <File>lofiObj3</File>
         <Index>0x4FD</Index>
      </Texture>
      <SlotType>10</SlotType>
      <Description>A key which opens a random dungeon.\n\nKeys can only be used once you have 10 or more stars!</Description>
      <Sound>use_key</Sound>
      <Consumable/>
      <Soulbound/>
      <Activate>MysteryPortal</Activate>
      <feedPower>200</feedPower>
      <BagType>7</BagType>
      <Track/>
   </Object>
   <Object type="0x701" id="Undead Lair Key">
      <Class>Equipment</Class>
      <Item/>
      <Texture>
         <File>lofiObj3</File>
         <Index>0xf4</Index>
      </Texture>
      <SlotType>10</SlotType>
      <Description>A key which opens an entrance to an Undead Lair.\n\nKeys can only be used once you have 10 or more stars!</Description>
      <Sound>use_key</Sound>
      <Consumable/>
      <Soulbound/>
      <Activate id="Undead Lair Portal">CreatePortal</Activate>
      <feedPower>200</feedPower>
      <BagType>7</BagType>
      <Track/>
   </Object>
   <Object type="0x705" id="Pirate Cave Key">
      <Class>Equipment</Class>
      <Item/>
      <Texture>
         <File>lofiObj3</File>
         <Index>0xf0</Index>
      </Texture>
      <SlotType>10</SlotType>
      <Description>A key which opens an entrance to a Pirate Cave.\n\nKeys can only be used once you have 10 or more stars!</Description>
      <Sound>use_key</Sound>
      <Consumable/>
      <Soulbound/>
      <Activate id="Pirate Cave Portal">CreatePortal</Activate>
      <feedPower>200</feedPower>
      <BagType>7</BagType>
      <Track/>
   </Object>
   <Object type="0x706" id="Spider Den Key">
      <Class>Equipment</Class>
      <Item/>
      <Texture>
         <File>lofiObj3</File>
         <Index>0xf1</Index>
      </Texture>
      <SlotType>10</SlotType>
      <Description>A key which opens an entrance to a Spider Den.\n\nKeys can only be used once you have 10 or more stars!</Description>
      <Sound>use_key</Sound>
      <Consumable/>
      <Soulbound/>
      <Activate id="Spider Den Portal">CreatePortal</Activate>
      <feedPower>200</feedPower>
      <BagType>7</BagType>
      <Track/>
   </Object>
   <Object type="0x70a" id="Abyss of Demons Key">
      <Class>Equipment</Class>
      <Item/>
      <Texture>
         <File>lofiObj3</File>
         <Index>0xf3</Index>
      </Texture>
      <SlotType>10</SlotType>
      <Description>A key which opens an entrance to an Abyss of Demons.\n\nKeys can only be used once you have 10 or more stars!</Description>
      <Sound>use_key</Sound>
      <Consumable/>
      <Soulbound/>
      <Activate id="Abyss of Demons Portal">CreatePortal</Activate>
      <feedPower>200</feedPower>
      <BagType>7</BagType>
      <Track/>
   </Object>
   <Object type="0x70b" id="Snake Pit Key">
      <Class>Equipment</Class>
      <Item/>
      <Texture>
         <File>lofiObj3</File>
         <Index>0xf5</Index>
      </Texture>
      <SlotType>10</SlotType>
      <Description>A key which opens an entrance to a Snake Pit.\n\nKeys can only be used once you have 10 or more stars!</Description>
      <Sound>use_key</Sound>
      <Consumable/>
      <Soulbound/>
      <Activate id="Snake Pit Portal">CreatePortal</Activate>
      <feedPower>200</feedPower>
      <BagType>7</BagType>
      <Track/>
   </Object>
   <Object type="0x710" id="Tomb of the Ancients Key">
      <Class>Equipment</Class>
      <Item/>
      <Texture>
         <File>lofiObj3</File>
         <Index>0xf6</Index>
      </Texture>
      <SlotType>10</SlotType>
      <Description>A key which opens an entrance to the Tomb of the Ancients.\n\nKeys can only be used once you have 10 or more stars!</Description>
      <Sound>use_key</Sound>
      <Consumable/>
      <Soulbound/>
      <Activate id="Tomb of the Ancients Portal">CreatePortal</Activate>
      <feedPower>200</feedPower>
      <BagType>7</BagType>
      <Track/>
   </Object>
   <Object type="0x769" id="Tomb of the Ancients (Heroic) Key">
      <Class>Equipment</Class>
      <Item/>
      <Texture>
         <File>lofiObj3</File>
         <Index>0xf6</Index>
      </Texture>
      <SlotType>10</SlotType>
      <Description>A key which opens an entrance to the Tomb of the Ancients (Heroic).\n\nKeys can only be used once you have 10 or more stars!</Description>
      <Sound>use_key</Sound>
      <Consumable/>
      <Soulbound/>
      <Activate id="Tomb of the Ancients Portal (Heroic)">CreatePortal</Activate>
      <feedPower>200</feedPower>
      <BagType>7</BagType>
      <Track/>
   </Object>
   <Object type="0x71f" id="Sprite World Key">
      <Class>Equipment</Class>
      <Item/>
      <Texture>
         <File>lofiObj3</File>
         <Index>0xf2</Index>
      </Texture>
      <SlotType>10</SlotType>
      <Description>A key which opens an entrance to a Sprite World.\n\nKeys can only be used once you have 10 or more stars!</Description>
      <Sound>use_key</Sound>
      <Consumable/>
      <Soulbound/>
      <Activate id="Glowing Portal">CreatePortal</Activate>
      <feedPower>200</feedPower>
      <BagType>7</BagType>
      <Track/>
   </Object>
   <Object type="0xc11" id="Ocean Trench Key">
      <Class>Equipment</Class>
      <Item/>
      <Texture>
         <File>lofiObj2</File>
         <Index>0x05</Index>
      </Texture>
      <SlotType>10</SlotType>
      <Description>A key which opens an entrance to an Ocean Trench.\n\nKeys can only be used once you have 10 or more stars!</Description>
      <Sound>use_key</Sound>
      <Consumable/>
      <Soulbound/>
      <Activate id="Ocean Trench Portal">CreatePortal</Activate>
      <feedPower>200</feedPower>
      <BagType>7</BagType>
      <Track/>
   </Object>
   <Object type="0xcef" id="Battle Nexus Key">
      <Class>Equipment</Class>
      <Item/>
      <Texture>
         <File>lofiObj3</File>
         <Index>0x427</Index>
      </Texture>
      <SlotType>10</SlotType>
      <Description>Enter this destroyed Nexus at your own peril.\n\nKeys can only be used once you have 10 or more stars!</Description>
      <Sound>use_key</Sound>
      <Consumable/>
      <Soulbound/>
      <Activate id="Battle Nexus Portal">CreatePortal</Activate>
      <feedPower>200</feedPower>
      <BagType>7</BagType>
      <Track/>
   </Object>
   <Object type="0xc19" id="Totem Key">
      <Class>Equipment</Class>
      <Item/>
      <Texture>
         <File>lofiObj2</File>
         <Index>0x18</Index>
      </Texture>
      <SlotType>10</SlotType>
      <Description>A key which opens a passage to the Forbidden Jungle.\n\nKeys can only be used once you have 10 or more stars!</Description>
      <Sound>use_key</Sound>
      <Consumable/>
      <Soulbound/>
      <Activate id="Forbidden Jungle Portal">CreatePortal</Activate>
      <feedPower>200</feedPower>
      <BagType>7</BagType>
      <Track/>
   </Object>
   <Object type="0x748C" id="Ice Cave Key">
      <Class>Equipment</Class>
      <Item/>
      <Texture>
         <File>lofiObj3</File>
         <Index>0x54E</Index>
      </Texture>
      <SlotType>10</SlotType>
      <Description>It's cold in here.\n\nKeys can only be used once you have 10 or more stars!</Description>
      <Sound>use_key</Sound>
      <Consumable/>
      <Soulbound/>
      <Activate id="Ice Cave Portal">CreatePortal</Activate>
      <feedPower>200</feedPower>
      <BagType>7</BagType>
      <Track/>
   </Object>
   <Object type="0x2050" id="icpk">
      <Class>Equipment</Class>
      <Item/>
      <DisplayId>Ice Cave Permakey</DisplayId>
      <Texture>
         <File>lofiObj3</File>
         <Index>0x54E</Index>
      </Texture>
      <SlotType>10</SlotType>
      <Description>It's cold in here FOREVER, AND EVER, AND EVER...</Description>
      <Sound>use_key</Sound>
      <Soulbound/>
      <Activate id="Ice Cave Portal" cooldown="30">CreatePortal</Activate>
      <feedPower>200</feedPower>
      <BagType>7</BagType>
      <Track/>
      <InvUse/>
   </Object>
   <Object type="0x2051" id="icpk2">
      <Class>Equipment</Class>
      <Item/>
      <DisplayId>Inner Sanctum Permakey</DisplayId>
      <Texture>
         <File>lofiObj3</File>
         <Index>0x54E</Index>
      </Texture>
      <SlotType>10</SlotType>
      <Description>Bad puns FOREVER, AND EVER, AND EVER...</Description>
      <Sound>use_key</Sound>
      <Soulbound/>
      <Activate id="Inner Sanctum Portal Temp" cooldown="30">CreatePortal</Activate>
      <feedPower>200</feedPower>
      <BagType>7</BagType>
      <Track/>
      <InvUse/>
   </Object>
   <Object type="0xc23" id="Manor Key">
      <Class>Equipment</Class>
      <Item/>
      <Texture>
         <File>lofiObj2</File>
         <Index>0x29</Index>
      </Texture>
      <SlotType>10</SlotType>
      <Description>A key which opens a passage to the Manor of the Immortals.\n\nKeys can only be used once you have 10 or more stars!</Description>
      <Sound>use_key</Sound>
      <Consumable/>
      <Soulbound/>
      <Activate id="Manor of the Immortals Portal">CreatePortal</Activate>
      <feedPower>200</feedPower>
      <BagType>7</BagType>
      <Track/>
   </Object>
   <Object type="0xc2e" id="Davy's Key">
      <Class>Equipment</Class>
      <Item/>
      <Texture>
         <File>lofiObj3</File>
         <Index>0x109</Index>
      </Texture>
      <SlotType>10</SlotType>
      <Description>A key that opens the way to Davy Jones' Locker.\n\nKeys can only be used once you have 10 or more stars!</Description>
      <Sound>use_key</Sound>
      <Consumable/>
      <Soulbound/>
      <Activate id="Davy Jones' Locker Portal">CreatePortal</Activate>
      <feedPower>200</feedPower>
      <BagType>7</BagType>
      <Track/>
   </Object>
   <Object type="0xc3d" id="Beachzone Key">
      <Class>Equipment</Class>
      <Item/>
      <Texture>
         <File>lofiObj3</File>
         <Index>0x177</Index>
      </Texture>
      <SlotType>10</SlotType>
      <Description>A key which opens a portal to the Beachzone.\n\nKeys can only be used once you have 10 or more stars!</Description>
      <Sound>use_key</Sound>
      <Consumable/>
      <Soulbound/>
      <Activate id="Beachzone Portal">CreatePortal</Activate>
      <feedPower>200</feedPower>
      <BagType>7</BagType>
      <Track/>
   </Object>
   <Object type="0xc2f" id="Lab Key">
      <Class>Equipment</Class>
      <Item/>
      <Texture>
         <File>lofiObj3</File>
         <Index>0x1b3</Index>
      </Texture>
      <SlotType>10</SlotType>
      <Description>A key which reveals the way to the Mad Lab.\n\nKeys can only be used once you have 10 or more stars!</Description>
      <Sound>use_key</Sound>
      <Consumable/>
      <Soulbound/>
      <Activate id="Mad Lab Portal">CreatePortal</Activate>
      <feedPower>200</feedPower>
      <BagType>7</BagType>
      <Track/>
   </Object>
   <Object type="0xc62" id="Candy Key">
      <Class>Equipment</Class>
      <Item/>
      <Texture>
         <File>lofiObj3</File>
         <Index>0x28d</Index>
      </Texture>
      <SlotType>10</SlotType>
      <Description>A key which opens the way to the Candyland Hunting Grounds.\n\nKeys can only be used once you have 10 or more stars!</Description>
      <Sound>use_key</Sound>
      <Consumable/>
      <Soulbound/>
      <Activate id="Candyland Portal">CreatePortal</Activate>
      <feedPower>200</feedPower>
      <BagType>7</BagType>
      <Track/>
   </Object>
   <Object type="0xc6f" id="Cemetery Key">
      <Class>Equipment</Class>
      <Item/>
      <Texture>
         <File>lofiObj3</File>
         <Index>0x317</Index>
      </Texture>
      <SlotType>10</SlotType>
      <Description>A key which opens a portal to the Haunted Cemetery. Some of the oldest and most legendary heroes in history were buried along this sequence of graves, their spirits protected by masters of the afterlife.\n\nKeys can only be used once you have 10 or more stars!</Description>
      <Sound>use_key</Sound>
      <Consumable/>
      <Soulbound/>
      <Activate id="Haunted Cemetery Portal">CreatePortal</Activate>
      <feedPower>200</feedPower>
      <BagType>7</BagType>
      <Track/>
   </Object>
   <Object type="0x134" id="Halloween Cemetery Key">
      <DisplayId>Cemetery Key</DisplayId>
      <Class>Equipment</Class>
      <Item/>
      <Texture>
         <File>lofiObj3</File>
         <Index>0x317</Index>
      </Texture>
      <SlotType>10</SlotType>
      <Description>A key which opens a portal to the Haunted Cemetery. Some of the oldest and most legendary heroes in history were buried along this sequence of graves, their spirits protected by masters of the afterlife.\n\nKeys can only be used once you have 10 or more stars!</Description>
      <Sound>use_key</Sound>
      <Consumable/>
      <Soulbound/>
      <Activate id="Haunted Cemetery Portal">CreatePortal</Activate>
      <feedPower>200</feedPower>
      <BagType>7</BagType>
      <Track/>
   </Object>
   <Object type="0xcd4" id="Draconis Key">
      <Class>Equipment</Class>
      <Item/>
      <Texture>
         <File>lairOfDraconisObjects8x8</File>
         <Index>0x4f</Index>
      </Texture>
      <SlotType>10</SlotType>
      <Description>A key which opens the portal to the Lair of Draconis. Oryx has personally bred these captive dragons to wield immensely powerful elemental capabilities.\n\nKeys can only be used once you have 10 or more stars!\n\nDungeon credits:\n Lead: Kiddforce\n Design: MMoas, Xaklor\n Art: Trensient, Aurum, Piggby,\n Wunderwafe\n Special Thanks: Atrapper, Toastrz,\n Mrunibro</Description>
      <Sound>use_key</Sound>
      <Consumable/>
      <Soulbound/>
      <Activate id="Lair of Draconis Portal">CreatePortal</Activate>
      <feedPower>200</feedPower>
      <BagType>7</BagType>
      <Track/>
   </Object>
   <Object type="0xccd" id="Forest Maze Key">
      <Class>Equipment</Class>
      <Item/>
      <Texture>
         <File>lofiObj3</File>
         <Index>0x3de</Index>
      </Texture>
      <SlotType>10</SlotType>
      <Description>A key which opens an entrance to the Forest Maze.\n\nKeys can only be used once you have 10 or more stars!</Description>
      <Sound>use_key</Sound>
      <Consumable/>
      <Soulbound/>
      <Activate id="Forest Maze Portal">CreatePortal</Activate>
      <feedPower>200</feedPower>
      <BagType>7</BagType>
      <Track/>
   </Object>
   <Object type="0xccf" id="Woodland Labyrinth Key">
      <Class>Equipment</Class>
      <Item/>
      <Texture>
         <File>lofiObj3</File>
         <Index>0x3e6</Index>
      </Texture>
      <SlotType>10</SlotType>
      <Description>A key which opens an entrance to the Woodland Labyrinth.\n\nKeys can only be used once you have 10 or more stars!</Description>
      <Sound>use_key</Sound>
      <Consumable/>
      <Soulbound/>
      <Activate id="Woodland Labyrinth">CreatePortal</Activate>
      <feedPower>200</feedPower>
      <BagType>7</BagType>
      <Track/>
   </Object>
   <Object type="0xcce" id="Deadwater Docks Key">
      <Class>Equipment</Class>
      <Item/>
      <Texture>
         <File>lofiObj3</File>
         <Index>0x3eb</Index>
      </Texture>
      <SlotType>10</SlotType>
      <Description>A key which opens an entrance to Deadwater Docks.\n\nKeys can only be used once you have 10 or more stars!</Description>
      <Sound>use_key</Sound>
      <Consumable/>
      <Soulbound/>
      <Activate id="Deadwater Docks">CreatePortal</Activate>
      <feedPower>200</feedPower>
      <BagType>7</BagType>
      <Track/>
   </Object>
   <Object type="0xcda" id="The Crawling Depths Key">
      <Class>Equipment</Class>
      <Item/>
      <Texture>
         <File>lofiObj3</File>
         <Index>0x3e9</Index>
      </Texture>
      <SlotType>10</SlotType>
      <Description>A key which opens an entrance to The Crawling Depths.\n\nKeys can only be used once you have 10 or more stars!</Description>
      <Sound>use_key</Sound>
      <Consumable/>
      <Soulbound/>
      <Activate id="The Crawling Depths">CreatePortal</Activate>
      <feedPower>200</feedPower>
      <BagType>7</BagType>
      <Track/>
   </Object>
   <Object type="0xcdd" id="Shatters Key">
      <Class>Equipment</Class>
      <Item/>
      <AnimatedTexture>
         <File>chars8x8dEncounters</File>
         <Index>43</Index>
      </AnimatedTexture>
      <SlotType>10</SlotType>
      <Description>A key which opens an entrance to The Shatters.\n\nKeys can only be used once you have 10 or more stars!</Description>
      <Sound>use_key</Sound>
      <Consumable/>
      <Soulbound/>
      <Activate id="The Shatters">CreatePortal</Activate>
      <feedPower>200</feedPower>
      <BagType>7</BagType>
      <Track/>
   </Object>
   <Object type="0xabd3" id="The Machine Key">
      <DisplayId>The Machine Key</DisplayId>
      <Class>Equipment</Class>
      <Item/>
      <Texture>
         <File>theMachineObjects8x8</File>
         <Index>0x0f</Index>
      </Texture>
      <SlotType>10</SlotType>
      <Description>
			A key which opens a portal to The Machine. Accessing the rift to this hidden dimension may have severe consequences.\n\nKeys can only be used once you have 10 or more stars!\n\nDungeon credits:\n Lead: Toastrz\n Art: Aurum, Piggby, Kith, Wunderwafe
		</Description>
      <Sound>use_key</Sound>
      <Soulbound/>
      <Track/>
      <BagType>7</BagType>
      <Consumable/>
      <feedPower>200</feedPower>
      <Activate id="The Machine Portal">CreatePortal</Activate>
   </Object>
   <Object type="0x2290" id="Bella's Key">
      <Class>Equipment</Class>
      <Item/>
      <Texture>
         <File>lofiObj3</File>
         <Index>0x5f1</Index>
      </Texture>
      <SlotType>10</SlotType>
      <Description>A key which opens an entrance to Belladonna's Garden.\n\nKeys can only be used once you have 10 or more stars! \n\nDungeon credits:\n Art: TLMaelstrom</Description>
      <Sound>use_key</Sound>
      <Consumable/>
      <Soulbound/>
      <Activate id="Belladonna's Garden Portal">CreatePortal</Activate>
      <feedPower>200</feedPower>
      <BagType>7</BagType>
      <Track/>
   </Object>
   <Object type="0x2294" id="Shaitan's Key">
      <Class>Equipment</Class>
      <Item/>
      <Texture>
         <File>lofiObj3</File>
         <Index>0x4BC</Index>
      </Texture>
      <SlotType>10</SlotType>
      <Description>A molten Key that links directly to the Lair of Shaitan, Advisor to Oryx.\n\nKeys can only be used once you have 10 or more stars!\n\nDungeon credits:\n Lead: Kingged\n Special Thanks: Toastrz, Tuvior, Artauris</Description>
      <Sound>use_key</Sound>
      <Consumable/>
      <Soulbound/>
      <Activate id="Lair of Shaitan Portal">CreatePortal</Activate>
      <feedPower>200</feedPower>
      <BagType>7</BagType>
      <Track/>
   </Object>
   <Object type="0x2352" id="Theatre Key">
      <Class>Equipment</Class>
      <Item/>
      <Texture>
         <File>lofiObj3</File>
         <Index>0x4FF</Index>
      </Texture>
      <SlotType>10</SlotType>
      <Description>A key which opens an entrance to the Puppet Master's Theatre.\n\nKeys can only be used once you have 10 or more stars!</Description>
      <Sound>use_key</Sound>
      <Consumable/>
      <Soulbound/>
      <Activate id="Puppet Theatre Portal">CreatePortal</Activate>
      <feedPower>200</feedPower>
      <BagType>7</BagType>
      <Track/>
   </Object>
   <Object type="0x746c" id="Puppet Master's Encore Key">
      <Class>Equipment</Class>
      <Item/>
      <Texture>
         <File>d3LofiObjEmbed</File>
         <Index>0x1b</Index>
      </Texture>
      <SlotType>10</SlotType>
      <Description>A key which opens an entrance to the Puppet Master's Encore.\n\nKeys can only be used once you have 10 or more stars!</Description>
      <Sound>use_key</Sound>
      <Consumable/>
      <Soulbound/>
      <Activate id="Puppet Encore Portal">CreatePortal</Activate>
      <feedPower>200</feedPower>
      <BagType>7</BagType>
      <Track/>
   </Object>
   <Object type="0x716b" id="Dank Sewer Key">
      <Class>Equipment</Class>
      <Item/>
      <DisplayId>Dank Sewer Key</DisplayId>
      <Texture>
         <File>lofiObj3</File>
         <Index>0x56d</Index>
      </Texture>
      <SlotType>10</SlotType>
      <Description>A key which opens an entrance to the Dank Sewer.\n\nKeys can only be used once you have 10 or more stars!</Description>
      <Sound>use_key</Sound>
      <Consumable/>
      <Soulbound/>
      <Activate id="Dank Sewer Portal">CreatePortal</Activate>
      <feedPower>200</feedPower>
      <BagType>7</BagType>
      <Track/>
   </Object>
   <Object type="0x23d" id="Toxic Sewers Key">
      <Class>Equipment</Class>
      <Item/>
      <DisplayId>Toxic Sewers Key</DisplayId>
      <Texture>
         <File>lofiObj3</File>
         <Index>0x56d</Index>
      </Texture>
      <SlotType>10</SlotType>
      <Description>A key which opens an entrance to the Toxic Sewers.\n\nKeys can only be used once you have 10 or more stars!\n\nDungeon credits:\n Lead: Kiddforce\n Design: ViciousTwo\n Art: Phophull, Kingged</Description>
      <Sound>use_key</Sound>
      <Consumable/>
      <Soulbound/>
      <Activate id="Toxic Sewers Portal">CreatePortal</Activate>
      <feedPower>200</feedPower>
      <BagType>7</BagType>
      <Track/>
   </Object>
   <Object type="0x11b" id="The Hive Key">
      <Class>Equipment</Class>
      <Item/>
      <DisplayId>The Hive Key</DisplayId>
      <Texture>
         <File>lofiObj3</File>
         <Index>0x58b</Index>
      </Texture>
      <SlotType>10</SlotType>
      <Description>A key which opens an entrance to The Hive.\n\nKeys can only be used once you have 10 or more stars!\n\nDungeon credits:\n Lead: ViciousTwo\n Art: Phophull\n Special Thanks: Toastrz</Description>
      <Sound>use_key</Sound>
      <Consumable/>
      <Soulbound/>
      <Activate id="The Hive Portal">CreatePortal</Activate>
      <feedPower>200</feedPower>
      <BagType>7</BagType>
      <Track/>
   </Object>
   <Object type="0x0d8a" id="Oryx's Castle Key">
      <Class>Equipment</Class>
      <Item/>
      <DisplayId>Oryx's Castle Key</DisplayId>
      <Texture>
         <File>d3LofiObjEmbed</File>
         <Index>0x5f</Index>
      </Texture>
      <SlotType>10</SlotType>
      <Description>A key which opens an entrance to Oryx's Castle. For testing purposes.\n\nKeys can only be used once you have 10 or more stars!</Description>
      <Sound>use_key</Sound>
      <Consumable/>
      <Soulbound/>
      <Activate id="Oryx's Castle Portal">CreatePortal</Activate>
      <feedPower>200</feedPower>
      <BagType>7</BagType>
      <Track/>
   </Object>
   <Object type="0x21a" id="Wine Cellar Key">
      <Class>Equipment</Class>
      <Item/>
      <DisplayId>Wine Cellar Key</DisplayId>
      <Texture>
         <File>d3LofiObjEmbed</File>
         <Index>0x5f</Index>
      </Texture>
      <SlotType>10</SlotType>
      <Description>A key which opens an entrance to the Wine Cellar. For testing purposes.\n\nKeys can only be used once you have 10 or more stars!</Description>
      <Sound>use_key</Sound>
      <Consumable/>
      <Soulbound/>
      <Activate id="Wine Cellar Portal">CreatePortal</Activate>
      <feedPower>200</feedPower>
      <BagType>7</BagType>
      <Track/>
   </Object>
   <Object type="0x551" id="Wine Cellar Short Key">
      <Class>Equipment</Class>
      <Item/>
      <DisplayId>Wine Cellar Key</DisplayId>
      <Texture>
         <File>d3LofiObjEmbed</File>
         <Index>0x5f</Index>
      </Texture>
      <SlotType>10</SlotType>
      <Description>A key which opens an entrance to the Wine Cellar Short version. For testing purposes.\n\nKeys can only be used once you have 10 or more stars!</Description>
      <Sound>use_key</Sound>
      <InvUse/>
      <Soulbound/>
      <Activate id="Wine Cellar Short Portal">CreatePortal</Activate>
      <feedPower>200</feedPower>
      <BagType>7</BagType>
      <Track/>
   </Object>
   <Object type="0x377" id="Oryx Chamber Key">
      <Class>Equipment</Class>
      <Item/>
      <DisplayId>Oryx Chamber Key</DisplayId>
      <Texture>
         <File>d3LofiObjEmbed</File>
         <Index>0x5f</Index>
      </Texture>
      <SlotType>10</SlotType>
      <Description>A key which opens an entrance to Oryx's Chamber. For testing purposes.\n\nKeys can only be used once you have 10 or more stars!</Description>
      <Sound>use_key</Sound>
      <Consumable/>
      <Soulbound/>
      <Activate id="Oryx Chamber Portal">CreatePortal</Activate>
      <feedPower>200</feedPower>
      <BagType>7</BagType>
      <Track/>
   </Object>
   <Object type="0xbb4" id="Court of Oryx Key">
      <Class>Equipment</Class>
      <Item/>
      <DisplayId>Court of Oryx Key</DisplayId>
      <Texture>
         <File>d3LofiObjEmbed</File>
         <Index>0x5f</Index>
      </Texture>
      <SlotType>10</SlotType>
      <Description>A key which opens an entrance to the Court of Oryx. Say hi to Craig for me.\n\nKeys can only be used once you have 10 or more stars!</Description>
      <Sound>use_key</Sound>
      <Consumable/>
      <Soulbound/>
      <Activate id="Court of Oryx Portal">CreatePortal</Activate>
      <feedPower>200</feedPower>
      <BagType>7</BagType>
      <Track/>
   </Object>
   <Object type="0xbb6" id="Oryx Chicken Chamber Key">
      <Class>Equipment</Class>
      <Item/>
      <DisplayId>Oryx Chicken Chamber Key</DisplayId>
      <Texture>
         <File>d3LofiObjEmbed</File>
         <Index>0x5f</Index>
      </Texture>
      <SlotType>10</SlotType>
      <Description>A key which opens an entrance to the Oryx Chicken Chamber. For testing purposes.\n\nKeys can only be used once you have 10 or more stars!</Description>
      <Sound>use_key</Sound>
      <Consumable/>
      <Soulbound/>
      <Activate id="Oryx Chicken Chamber Portal">CreatePortal</Activate>
      <feedPower>200</feedPower>
      <BagType>7</BagType>
      <Track/>
   </Object>
   <Object type="0x7fb7" id="Ice Tomb Key">
      <Class>Equipment</Class>
      <Item/>
      <DisplayId>Ice Tomb Key</DisplayId>
      <Texture>
         <File>d2LofiObjEmbed</File>
         <Index>0x08</Index>
      </Texture>
      <SlotType>10</SlotType>
      <Description>A key which opens an entrance to Ice Tomb.\n\nKeys can only be used once you have 10 or more stars!</Description>
      <Sound>use_key</Sound>
      <Consumable/>
      <Soulbound/>
      <Activate id="Ice Tomb Portal">CreatePortal</Activate>
      <feedPower>200</feedPower>
      <BagType>7</BagType>
      <Track/>
   </Object>
   <Object type="0x5e2d" id="Treasure Map">
      <Class>Equipment</Class>
      <Item/>
      <Texture>
         <File>lofiObj3</File>
         <Index>0x20e</Index>
      </Texture>
      <SlotType>10</SlotType>
      <Description>A map that reveals the way to hidden treasure.\n\nKeys can only be used once you have 10 or more stars!</Description>
      <Sound>use_key</Sound>
      <Consumable/>
      <Soulbound/>
      <Activate id="Treasure Cave Portal">CreatePortal</Activate>
      <feedPower>200</feedPower>
      <BagType>7</BagType>
      <Track/>
   </Object>
   <Object type="0x12f" id="Mountain Temple Key">
      <Class>Equipment</Class>
      <Item/>
      <DisplayId>Mountain Temple Key</DisplayId>
      <Texture>
         <File>mountainTempleObjects8x8</File>
         <Index>0xcb</Index>
      </Texture>
      <SlotType>10</SlotType>
      <Description>A key which opens an entrance to The Mountain Temple. \n\nKeys can only be used once you have 10 or more stars!\n\nDungeon credits:\n Art: Beige</Description>
      <Sound>use_key</Sound>
      <Consumable/>
      <Soulbound/>
      <Activate id="Mountain Temple Portal">CreatePortal</Activate>
      <feedPower>200</feedPower>
      <BagType>7</BagType>
      <Track/>
   </Object>
   <Object type="0x6fe5" id="Daichi Key">
      <Class>Equipment</Class>
      <Item/>
      <DisplayId>Daichi key</DisplayId>
      <Texture>
         <File>mountainTempleObjects8x8</File>
         <Index>0xcb</Index>
      </Texture>
      <SlotType>10</SlotType>
      <Description>A key which opens an entrance to The Mountain Temple.</Description>
      <Sound>use_key</Sound>
      <Consumable/>
      <Soulbound/>
      <Activate id="Daichi Portal">CreatePortal</Activate>
      <BagType>7</BagType>
      <Track/>
   </Object>
   <Object type="0x1649" id="Rainbow Road Key">
      <DisplayId>St. Patricks Key</DisplayId>
      <Class>Equipment</Class>
      <Item/>
      <Texture>
         <File>stPatricksObjects8x8</File>
         <Index>0x07</Index>
      </Texture>
      <SlotType>10</SlotType>
      <Description>Treasures await at the end of the rainbow.</Description>
      <Sound>use_key</Sound>
      <Consumable/>
      <Soulbound/>
      <Activate id="Rainbow Road">CreatePortal</Activate>
      <feedPower>200</feedPower>
      <BagType>7</BagType>
      <Track/>
   </Object>
   <Object type="0x109c" id="The Nest Key">
      <Class>Equipment</Class>
      <Item/>
      <DisplayId>The Nest Key</DisplayId>
      <Texture>
         <File>epicHiveObjects8x8</File>
         <Index>0x02</Index>
      </Texture>
      <SlotType>10</SlotType>
      <Description>A key which opens an entrance to The Nest. Home of the Killer Bee Queen and the pinnacle of insect evolution. \n\nKeys can only be used once you have 10 or more stars! \n\nDungeon credits:\n Lead: Mrunibro \n Art: Beige, Poshun, Dappertron,\n BLOODQWEN \n Special thanks: Krathan, Kiddforce, \n Atrapper</Description>
      <Sound>use_key</Sound>
      <Consumable/>
      <Soulbound/>
      <Activate id="The Epic Hive Portal">CreatePortal</Activate>
      <feedPower>200</feedPower>
      <BagType>7</BagType>
      <Track/>
   </Object>
   <Object type="0x5e1b" id="Lost Halls PermaKey">
      <DisplayId>Lost Halls PermaKey</DisplayId>
      <Class>Equipment</Class>
      <Item/>
      <Texture>
         <File>lostHallsObjects8x8</File>
         <Index>0x1c</Index>
      </Texture>
      <SlotType>10</SlotType>
      <Description>A key which opens a passage to the Lost Halls. Forgotten for centuries, those long identical halls are said to house evil itself. All that is truly known is that hope, reason and purpose are no more within those walls.\n\nKeys can only be used once you have 10 or more stars!\n\nDungeon credits:\n  Lead: Kiddforce\n  Design: Toastrz\n  Art: Poshun, Dappertron, Beige,\n  PostMorten, Lovens\n  Special Thanks: Mrunibro, Sues,\n  BLOODQWEN, Kingged</Description>
      <Sound>use_key</Sound>
      <InvUse/>
      <Soulbound/>
      <Activate id="Lost Halls Portal" cooldown="30">CreatePortal</Activate>
      <feedPower>200</feedPower>
      <BagType>7</BagType>
      <Track/>
   </Object>
   <Object type="0xbaf" id="Lost Halls Key">
      <DisplayId>Lost Halls Key</DisplayId>
      <Class>Equipment</Class>
      <Item/>
      <Texture>
         <File>lostHallsObjects8x8</File>
         <Index>0x1c</Index>
      </Texture>
      <SlotType>10</SlotType>
      <Description>A key which opens a passage to the Lost Halls. Forgotten for centuries, those long identical halls are said to house evil itself. All that is truly known is that hope, reason and purpose are no more within those walls.\n\nKeys can only be used once you have 10 or more stars!\n\nDungeon credits:\n  Lead: Kiddforce\n  Design: Toastrz\n  Art: Poshun, Dappertron, Beige,\n  PostMorten, Lovens\n  Special Thanks: Mrunibro, Sues,\n  BLOODQWEN, Kingged</Description>
      <Sound>use_key</Sound>
      <Consumable/>
      <Soulbound/>
      <Activate id="Lost Halls Portal">CreatePortal</Activate>
      <feedPower>200</feedPower>
      <BagType>7</BagType>
      <Track/>
   </Object>
   <Object type="0x977" id="Void Key">
      <DisplayId>Void Key</DisplayId>
      <Class>Equipment</Class>
      <Item/>
      <Texture>
         <File>lostHallsObjects8x8</File>
         <Index>0x1e</Index>
      </Texture>
      <SlotType>10</SlotType>
      <Description>A key which opens the way to The Void. For testing purposes only!</Description>
      <Sound>use_key</Sound>
      <Consumable/>
      <Soulbound/>
      <Activate id="LH Void Portal">CreatePortal</Activate>
      <BagType>7</BagType>
   </Object>
   <Object type="0x0245" id="Cult Key">
      <DisplayId>Cult Key</DisplayId>
      <Class>Equipment</Class>
      <Item/>
      <Texture>
         <File>lostHallsObjects8x8</File>
         <Index>0x1f</Index>
      </Texture>
      <SlotType>10</SlotType>
      <Description>A key which opens the way to the Cultist Hideout. For testing purposes only!</Description>
      <Sound>use_key</Sound>
      <Consumable/>
      <Soulbound/>
      <Activate id="LH Cult Portal Temp">CreatePortal</Activate>
      <BagType>7</BagType>
   </Object>
   <Object type="0x78c" id="Parasite Chambers Key">
      <Class>Equipment</Class>
      <Item/>
      <DisplayId>Parasite Chambers Key</DisplayId>
      <Texture>
         <File>parasiteDenObjects8x8</File>
         <Index>0x00</Index>
      </Texture>
      <SlotType>10</SlotType>
      <Description>A key which opens an entrance to the Parasite Chambers. \n\nKeys can only be used once you have 10 or more stars!</Description>
      <Sound>use_key</Sound>
      <Consumable/>
      <Soulbound/>
      <Activate id="Parasite Chambers Portal">CreatePortal</Activate>
      <feedPower>200</feedPower>
      <BagType>7</BagType>
      <Track/>
   </Object>
   <Object type="0x78d" id="pdpk">
      <Class>Equipment</Class>
      <Item/>
      <DisplayId>Parasite Chambers Permakey</DisplayId>
      <Texture>
         <File>parasiteDenObjects8x8</File>
         <Index>0x00</Index>
      </Texture>
      <SlotType>10</SlotType>
      <Description>A key which opens an entrance to the Parasite Chambers FOREVER, AND EVER, AND EVER... \n\nKeys can only be used once you have 10 or more stars!</Description>
      <Sound>use_key</Sound>
      <Soulbound/>
      <Activate id="Parasite Chambers Portal" cooldown="30">CreatePortal</Activate>
      <feedPower>200</feedPower>
      <BagType>7</BagType>
      <Track/>
      <InvUse/>
   </Object>
   <Object type="0x2701" id="Santa Workshop Key">
      <DisplayId>Santa's Workshop Key</DisplayId>
      <Class>Equipment</Class>
      <Item/>
      <Texture>
         <File>santaWorkshopObjects8x8</File>
         <Index>0x02</Index>
      </Texture>
      <SlotType>10</SlotType>
      <Description>A key which opens an entrance to the Santa's Workshop. It's a solo dungeon, so the key can be used only in your vault! \n\nKeys can only be used once you have 10 or more stars!\n\nDungeon credits:\n  Lead: Silex\n  Design: Lovens </Description>
      <Sound>use_key</Sound>
      <Consumable/>
      <Soulbound/>
      <feedPower>200</feedPower>
      <Activate id="SW Portal" onlyIn="vault">CreatePortal</Activate>
      <BagType>7</BagType>
      <Track/>
   </Object>
   <Object type="0x87d" id="Magic Woods Key">
      <DisplayId>Magic Woods Key</DisplayId>
      <Class>Equipment</Class>
      <Item/>
      <Texture>
         <File>magicWoodsObjects8x8</File>
         <Index>0x41</Index>
      </Texture>
      <SlotType>10</SlotType>
      <Description>A key which opens an entrance to the Magic Woods. The spirits of ancient heroes congregate in this enchanted glade.\n\nKeys can only be used once you have 10 or more stars!\n\nDungeon credits:\n  Lead: Toastrz\n  Art: Poshun, Atrapper, Beige\n  Special Thanks: Kiddforce</Description>
      <Sound>use_key</Sound>
      <Soulbound/>
      <Consumable/>
      <feedPower>200</feedPower>
      <BagType>7</BagType>
      <Activate id="Magic Woods Portal">CreatePortal</Activate>
      <Track/>
   </Object>
   <Object type="0x9fb" id="Reef Key">
      <Class>Equipment</Class>
      <Item/>
      <Texture>
         <File>cnidarianReefObjects8x8</File>
         <Index>0x07</Index>
      </Texture>
      <SlotType>10</SlotType>
      <Description>A key which opens a passage to the Cnidarian Reef. Oryx's Master of the Depths awaits mortals foolish enough to stumble upon its lair in the depths of the ocean.\n\nKeys can only be used once you have 10 or more stars!\n\nDungeon credits:\n  Lead: Atrapper\n  Art: Phops\n  Special Thanks: Krathan, Kiddforce</Description>
      <Sound>use_key</Sound>
      <Consumable/>
      <Soulbound/>
      <feedPower>200</feedPower>
      <BagType>7</BagType>
      <Activate id="Cnidarian Reef Portal">CreatePortal</Activate>
      <Track/>
   </Object>
   <Object type="0xf20" id="Mad God Mayhem Key">
      <Class>Equipment</Class>
      <Item/>
      <DisplayId>Mad God Mayhem Key</DisplayId>
      <Texture>
         <File>d2LofiObjEmbed</File>
         <Index>0xc3</Index>
      </Texture>
      <SlotType>10</SlotType>
      <Description>A key which opens an entrance to The Mad God Mayhem event.</Description>
      <Sound>use_key</Sound>
      <Consumable/>
      <Soulbound/>
      <feedPower>200</feedPower>
      <BagType>7</BagType>
      <Activate id="oryxPandemonium Portal">Create</Activate>
      <Track/>
   </Object>
   <Object type="0x36a0" id="Secluded Thicket Key">
      <DisplayId>Secluded Thicket Key</DisplayId>
      <Class>Equipment</Class>
      <Item/>
      <Texture>
         <File>secludedThicketObjects8x8</File>
         <Index>0x03</Index>
      </Texture>
      <SlotType>10</SlotType>
      <Description>A key which opens a passage to the Secluded Thicket. The most remote region of the realm houses a tropical rainforest filled with vicious animals, fierce natives, and a deity said to command lightning itself.\n\nKeys can only be used once you have 10 or more stars!\n\nDungeon credits:\n  Lead: Toastrz\n  Art: Dappertron, Piggby, Tero,\n  Wunderwafe\n  Special Thanks: Kiddforce, Mrunibro</Description>
      <Sound>use_key</Sound>
      <Soulbound/>
      <Track/>
      <BagType>7</BagType>
      <Consumable/>
      <feedPower>200</feedPower>
      <Activate id="Secluded Thicket Portal">CreatePortal</Activate>
   </Object>
   <Object type="0x246d" id="Heroic Abyss of Demons Key">
      <Class>Equipment</Class>
      <Item/>
      <Texture>
         <File>d2LofiObjEmbed</File>
         <Index>0xe9</Index>
      </Texture>
      <SlotType>10</SlotType>
      <Description>A key which opens an entrance to an Abyss of Demons.\n\nKeys can only be used once you have 10 or more stars!</Description>
      <Sound>use_key</Sound>
      <Consumable/>
      <Soulbound/>
      <Activate id="Heroic Abyss of Demons Portal">CreatePortal</Activate>
      <feedPower>200</feedPower>
      <BagType>7</BagType>
      <Track/>
   </Object>
   <Object type="0x246e" id="Heroic Undead Lair Key">
      <Class>Equipment</Class>
      <Item/>
      <Texture>
         <File>d2LofiObjEmbed</File>
         <Index>0xe7</Index>
      </Texture>
      <SlotType>10</SlotType>
      <Description>A key which opens an entrance to an Heroic Undead Lair.\n\nKeys can only be used once you have 10 or more stars!</Description>
      <Sound>use_key</Sound>
      <Consumable/>
      <Soulbound/>
      <Activate id="Heroic Undead Lair Portal">CreatePortal</Activate>
      <feedPower>200</feedPower>
      <BagType>7</BagType>
      <Track/>
   </Object>
   <Object type="0x57c" id="Cursed Library Key">
      <DisplayId>Cursed Library Key</DisplayId>
      <Class>Equipment</Class>
      <Item/>
      <Texture>
         <File>cursedLibraryObjects8x8</File>
         <Index>0x6a</Index>
      </Texture>
      <SlotType>10</SlotType>
      <Description>
		A key which opens an entrance to the Cursed Library. Once a great hub of knowledge, these forsaken archives now hold something far more sinister.\n\nKeys can only be used once you have 10 or more stars!\n\nDungeon credits:\n Lead: Toastrz\n Art: Beige, Piggby, Trensient, Aurum\n Special Thanks: Dappertron, Mrunibro,\n Kiddforce, Tuvior
		</Description>
      <Sound>use_key</Sound>
      <Soulbound/>
      <Track/>
      <BagType>7</BagType>
      <Consumable/>
      <feedPower>200</feedPower>
      <Activate id="Cursed Library Portal">CreatePortal</Activate>
   </Object>
   <Object type="0x585" id="Malogia Key">
      <Class>Equipment</Class>
      <Item/>
      <DisplayId>Malogia Key</DisplayId>
      <Texture>
         <File>alienInvasionObjects8x8</File>
         <Index>0x68</Index>
      </Texture>
      <SlotType>10</SlotType>
      <Description>A key which generates a wormhole to Malogia, a planet with luscious red forests not unsimilar to our own.\n\nKeys can only be used once you have 10 or more stars!\n\nDungeon credits:\n Art: Phophull, Nmin, Aurum\n Special Thanks: ViciousTwo</Description>
      <ExtraTooltipData>
         <EffectInfo name="" description="Usable only in Guild Hall or Vault"/>
         <EffectInfo name="Player limit" description="25 players"/>
      </ExtraTooltipData>
      <Sound>use_key</Sound>
      <Soulbound/>
      <feedPower>200</feedPower>
      <BagType>7</BagType>
      <Track/>
      <Consumable/>
      <Activate onlyIn="vault,guild_hall" id="AI Malogia Wormhole">CreatePortal</Activate>
   </Object>
   <Object type="0x586" id="Untaris Key">
      <Class>Equipment</Class>
      <Item/>
      <DisplayId>Untaris Key</DisplayId>
      <Texture>
         <File>alienInvasionObjects8x8</File>
         <Index>0x6d</Index>
      </Texture>
      <SlotType>10</SlotType>
      <Description>A key which generates a wormhole to Untaris, a fragmented planet where ice has consumed all but a few areas. \n\nKeys can only be used once you have 10 or more stars!\n\nDungeon credits:\n Art: Phophull, Aurum</Description>
      <ExtraTooltipData>
         <EffectInfo name="" description="Usable only in Guild Hall or Vault"/>
         <EffectInfo name="Player limit" description="25 players"/>
      </ExtraTooltipData>
      <Sound>use_key</Sound>
      <Soulbound/>
      <feedPower>200</feedPower>
      <BagType>7</BagType>
      <Track/>
      <Consumable/>
      <Activate onlyIn="vault,guild_hall" id="AI Untaris Wormhole">CreatePortal</Activate>
   </Object>
   <Object type="0x587" id="Forax Key">
      <Class>Equipment</Class>
      <Item/>
      <DisplayId>Forax Key</DisplayId>
      <Texture>
         <File>alienInvasionObjects8x8</File>
         <Index>0x6f</Index>
      </Texture>
      <SlotType>10</SlotType>
      <Description>A key which generates a wormhole to Forax, a planet consumed by acid water leaving just a few livable isles. \n\nKeys can only be used once you have 10 or more stars!\n\nDungeon credits:\n Art: Thqdfthqdf, Artauris, Nmin,\n Aurum</Description>
      <ExtraTooltipData>
         <EffectInfo name="" description="Usable only in Guild Hall or Vault"/>
         <EffectInfo name="Player limit" description="25 players"/>
      </ExtraTooltipData>
      <Sound>use_key</Sound>
      <Soulbound/>
      <feedPower>200</feedPower>
      <BagType>7</BagType>
      <Track/>
      <Consumable/>
      <Activate onlyIn="vault,guild_hall" id="AI Forax Wormhole">CreatePortal</Activate>
   </Object>
   <Object type="0x588" id="Katalund Key">
      <Class>Equipment</Class>
      <Item/>
      <DisplayId>Katalund Key</DisplayId>
      <Texture>
         <File>alienInvasionObjects8x8</File>
         <Index>0x71</Index>
      </Texture>
      <SlotType>10</SlotType>
      <Description>A key which generates a wormhole to Katalund, a planet coated in low flying clouds of unbreathable gas where only metallic, inorganic creatures can survive. \n\nKeys can only be used once you have 10 or more stars!\n\nDungeon credits:\n Art: Trensient, Thqdfthqdf, Nmin,\n Aurum</Description>
      <ExtraTooltipData>
         <EffectInfo name="" description="Usable only in Guild Hall or Vault"/>
         <EffectInfo name="Player limit" description="25 players"/>
      </ExtraTooltipData>
      <Sound>use_key</Sound>
      <Soulbound/>
      <feedPower>200</feedPower>
      <BagType>7</BagType>
      <Track/>
      <Consumable/>
      <Activate onlyIn="vault,guild_hall" id="AI Katalund Wormhole">CreatePortal</Activate>
   </Object>
   <Object type="0x584" id="Fungal Cavern Key">
      <Class>Equipment</Class>
      <Item/>
      <DisplayId>Fungal Cavern Key</DisplayId>
      <Texture>
         <File>fungalCavernObjects8x8</File>
         <Index>0x04</Index>
      </Texture>
      <SlotType>10</SlotType>
      <Description>A key which opens an entrance to the Fungal Cavern, a forgotten mine taken over by mushroom tribes over the years. \n\nKeys can only be used once you have 10 or more stars! \n\nDungeon credits:\n Art: Aurum, Trensient</Description>
      <Sound>use_key</Sound>
      <Soulbound/>
      <feedPower>200</feedPower>
      <BagType>7</BagType>
      <Track/>
      <Consumable/>
      <Activate id="GC Gigantic Cave Portal">CreatePortal</Activate>
   </Object>
   <Object type="0x72c6" id="Fungal Cavern Guild Key">
      <Class>Equipment</Class>
      <Item/>
      <Texture>
         <File>d2LofiObjEmbed</File>
         <Index>0x1e7</Index>
      </Texture>
      <SlotType>10</SlotType>
      <Description>A key which opens an entrance to the Fungal Cavern, a forgotten mine taken over by mushroom tribes over the years. \n\nKeys can only be used once you have 10 or more stars! \n\nDungeon credits:\n Art: Aurum, Trensient</Description>
      <ExtraTooltipData>
         <EffectInfo name="Guild Key" description="This key can only be used in the Guild Hall. Once used, a chest with rewards will spawn for all players in the Guild Hall."/>
      </ExtraTooltipData>
      <Sound>use_key</Sound>
      <Soulbound/>
      <feedPower>200</feedPower>
      <BagType>7</BagType>
      <Track/>
      <Consumable/>
      <Activate id="GC Gigantic Cave Portal" onlyInArea="Guild Hall,Guild Hall 2,Guild Hall 3,Guild Hall 4">CreatePortal</Activate>
      <Activate id="Fungal Cavern Guild Chest" onlyInArea="Guild Hall,Guild Hall 2,Guild Hall 3,Guild Hall 4">Create</Activate>
   </Object>
   <Object type="0x72c8" id="Tomb of the Ancients Guild Key">
      <Class>Equipment</Class>
      <Item/>
      <Texture>
         <File>d2LofiObjEmbed</File>
         <Index>0x1e8</Index>
      </Texture>
      <SlotType>10</SlotType>
      <Description>A key which opens an entrance to the Tomb of the Ancients.\n\nKeys can only be used once you have 10 or more stars!</Description>
      <ExtraTooltipData>
         <EffectInfo name="Guild Key" description="This key can only be used in the Guild Hall. Once used, a chest with rewards will spawn for all players in the Guild Hall."/>
      </ExtraTooltipData>
      <Sound>use_key</Sound>
      <Consumable/>
      <Soulbound/>
      <Activate id="Tomb of the Ancients Portal" onlyInArea="Guild Hall,Guild Hall 2,Guild Hall 3,Guild Hall 4">CreatePortal</Activate>
      <Activate id="Tomb Guild Chest" onlyInArea="Guild Hall,Guild Hall 2,Guild Hall 3,Guild Hall 4">Create</Activate>
      <feedPower>200</feedPower>
      <BagType>7</BagType>
      <Track/>
   </Object>
   <Object type="0x72ca" id="The Nest Guild Key">
      <Class>Equipment</Class>
      <Item/>
      <Texture>
         <File>d2LofiObjEmbed</File>
         <Index>0x1e9</Index>
      </Texture>
      <SlotType>10</SlotType>
      <Description>A key which opens an entrance to The Nest. Home of the Killer Bee Queen and the pinnacle of insect evolution. \n\nKeys can only be used once you have 10 or more stars! \n\nDungeon credits:\n Lead: Mrunibro \n Art: Beige, Poshun, Dappertron,\n BLOODQWEN \n Special thanks: Krathan, Kiddforce, \n Atrapper</Description>
      <ExtraTooltipData>
         <EffectInfo name="Guild Key" description="This key can only be used in the Guild Hall. Once used, a chest with rewards will spawn for all players in the Guild Hall."/>
      </ExtraTooltipData>
      <Sound>use_key</Sound>
      <Consumable/>
      <Soulbound/>
      <Activate id="The Epic Hive Portal" onlyInArea="Guild Hall,Guild Hall 2,Guild Hall 3,Guild Hall 4">CreatePortal</Activate>
      <Activate id="Nest Guild Chest" onlyInArea="Guild Hall,Guild Hall 2,Guild Hall 3,Guild Hall 4">Create</Activate>
      <feedPower>200</feedPower>
      <BagType>7</BagType>
      <Track/>
   </Object>
   <Object type="0x72cc" id="Draconis Guild Key">
      <Class>Equipment</Class>
      <Item/>
      <Texture>
         <File>d2LofiObjEmbed</File>
         <Index>0x1ea</Index>
      </Texture>
      <SlotType>10</SlotType>
      <Description>A key which opens the portal to the Lair of Draconis. Oryx has personally bred these captive dragons to wield immensely powerful elemental capabilities.\n\nKeys can only be used once you have 10 or more stars!\n\nDungeon credits:\n Lead: Kiddforce\n Design: MMoas, Xaklor\n Art: Trensient, Aurum, Piggby,\n Wunderwafe\n Special Thanks: Atrapper, Toastrz,\n Mrunibro</Description>
      <ExtraTooltipData>
         <EffectInfo name="Guild Key" description="This key can only be used in the Guild Hall. Once used, a chest with rewards will spawn for all players in the Guild Hall."/>
      </ExtraTooltipData>
      <Sound>use_key</Sound>
      <Consumable/>
      <Soulbound/>
      <Activate id="Lair of Draconis Portal" onlyInArea="Guild Hall,Guild Hall 2,Guild Hall 3,Guild Hall 4">CreatePortal</Activate>
      <Activate id="LOD Guild Chest" onlyInArea="Guild Hall,Guild Hall 2,Guild Hall 3,Guild Hall 4">Create</Activate>
      <feedPower>200</feedPower>
      <BagType>7</BagType>
      <Track/>
   </Object>
   <Object type="0x72ce" id="Ocean Trench Guild Key">
      <Class>Equipment</Class>
      <Item/>
      <Texture>
         <File>d2LofiObjEmbed</File>
         <Index>0x1d6</Index>
      </Texture>
      <SlotType>10</SlotType>
      <Description>A key which opens an entrance to an Ocean Trench.\n\nKeys can only be used once you have 10 or more stars!</Description>
      <ExtraTooltipData>
         <EffectInfo name="Guild Key" description="This key can only be used in the Guild Hall. Once used, a chest with rewards will spawn for all players in the Guild Hall."/>
      </ExtraTooltipData>
      <Sound>use_key</Sound>
      <Consumable/>
      <Soulbound/>
      <Activate id="Ocean Trench Portal" onlyInArea="Guild Hall,Guild Hall 2,Guild Hall 3,Guild Hall 4">CreatePortal</Activate>
      <Activate id="Ocean Trench Guild Chest" onlyInArea="Guild Hall,Guild Hall 2,Guild Hall 3,Guild Hall 4">Create</Activate>
      <feedPower>200</feedPower>
      <BagType>7</BagType>
      <Track/>
   </Object>
   <Object type="0x72d0" id="Cemetery Guild Key">
      <Class>Equipment</Class>
      <Item/>
      <Texture>
         <File>d2LofiObjEmbed</File>
         <Index>0x1d7</Index>
      </Texture>
      <SlotType>10</SlotType>
      <Description>A key which opens a portal to the Haunted Cemetery. Some of the oldest and most legendary heroes in history were buried along this sequence of graves, their spirits protected by masters of the afterlife.\n\nKeys can only be used once you have 10 or more stars!</Description>
      <ExtraTooltipData>
         <EffectInfo name="Guild Key" description="This key can only be used in the Guild Hall. Once used, a chest with rewards will spawn for all players in the Guild Hall."/>
      </ExtraTooltipData>
      <Sound>use_key</Sound>
      <Consumable/>
      <Soulbound/>
      <Activate id="Haunted Cemetery Portal" onlyInArea="Guild Hall,Guild Hall 2,Guild Hall 3,Guild Hall 4">CreatePortal</Activate>
      <Activate id="Haunted Cemetery Guild Chest" onlyInArea="Guild Hall,Guild Hall 2,Guild Hall 3,Guild Hall 4">Create</Activate>
      <feedPower>200</feedPower>
      <BagType>7</BagType>
      <Track/>
   </Object>
   <Object type="0x72d2" id="Lost Halls Guild Key">
      <DisplayId>Lost Halls Key</DisplayId>
      <Class>Equipment</Class>
      <Item/>
      <Texture>
         <File>d2LofiObjEmbed</File>
         <Index>0x1d8</Index>
      </Texture>
      <SlotType>10</SlotType>
      <Description>A key which opens a passage to the Lost Halls. Forgotten for centuries, those long identical halls are said to house evil itself. All that is truly known is that hope, reason and purpose are no more within those walls.\n\nKeys can only be used once you have 10 or more stars!\n\nDungeon credits:\n  Lead: Kiddforce\n  Design: Toastrz\n  Art: Poshun, Dappertron, Beige,\n  PostMorten, Lovens\n  Special Thanks: Mrunibro, Sues,\n  BLOODQWEN, Kingged</Description>
      <ExtraTooltipData>
         <EffectInfo name="Guild Key" description="This key can only be used in the Guild Hall. Once used, a chest with rewards will spawn for all players in the Guild Hall."/>
      </ExtraTooltipData>
      <Sound>use_key</Sound>
      <Consumable/>
      <Soulbound/>
      <Activate id="Lost Halls Portal" onlyInArea="Guild Hall,Guild Hall 2,Guild Hall 3,Guild Hall 4">CreatePortal</Activate>
      <Activate id="Lost Halls Guild Chest" onlyInArea="Guild Hall,Guild Hall 2,Guild Hall 3,Guild Hall 4">Create</Activate>
      <feedPower>200</feedPower>
      <BagType>7</BagType>
      <Track/>
   </Object>
   <Object type="0x72d4" id="Shatters Guild Key">
      <Class>Equipment</Class>
      <Item/>
      <Texture>
         <File>d2LofiObjEmbed</File>
         <Index>0x1d9</Index>
      </Texture>
      <SlotType>10</SlotType>
      <Description>A key which opens an entrance to The Shatters.\n\nKeys can only be used once you have 10 or more stars!</Description>
      <ExtraTooltipData>
         <EffectInfo name="Guild Key" description="This key can only be used in the Guild Hall. Once used, a chest with rewards will spawn for all players in the Guild Hall."/>
      </ExtraTooltipData>
      <Sound>use_key</Sound>
      <Consumable/>
      <Soulbound/>
      <Activate id="The Shatters" onlyInArea="Guild Hall,Guild Hall 2,Guild Hall 3,Guild Hall 4">CreatePortal</Activate>
      <Activate id="Shatters Guild Chest" onlyInArea="Guild Hall,Guild Hall 2,Guild Hall 3,Guild Hall 4">Create</Activate>
      <feedPower>200</feedPower>
      <BagType>7</BagType>
      <Track/>
   </Object>
   <Object type="0x72d6" id="Mountain Temple Guild Key">
      <Class>Equipment</Class>
      <Item/>
      <DisplayId>Mountain Temple Guild Key</DisplayId>
      <Texture>
         <File>d2LofiObjEmbed</File>
         <Index>0x1da</Index>
      </Texture>
      <SlotType>10</SlotType>
      <Description>A key which opens an entrance to The Mountain Temple. \n\nKeys can only be used once you have 10 or more stars!\n\nDungeon credits:\n Art: Beige</Description>
      <ExtraTooltipData>
         <EffectInfo name="Guild Key" description="This key can only be used in the Guild Hall. Once used, a chest with rewards will spawn for all players in the Guild Hall."/>
      </ExtraTooltipData>
      <Sound>use_key</Sound>
      <Consumable/>
      <Soulbound/>
      <Activate id="Mountain Temple Portal" onlyInArea="Guild Hall,Guild Hall 2,Guild Hall 3,Guild Hall 4">CreatePortal</Activate>
      <Activate id="Mountain Temple Guild Chest" onlyInArea="Guild Hall,Guild Hall 2,Guild Hall 3,Guild Hall 4">Create</Activate>
      <feedPower>200</feedPower>
      <BagType>7</BagType>
      <Track/>
   </Object>
   <Object type="0x72d8" id="Secluded Thicket Guild Key">
      <DisplayId>Secluded Thicket Guild Key</DisplayId>
      <Class>Equipment</Class>
      <Item/>
      <Texture>
         <File>d2LofiObjEmbed</File>
         <Index>0x1db</Index>
      </Texture>
      <SlotType>10</SlotType>
      <Description>A key which opens a passage to the Secluded Thicket. The most remote region of the realm houses a tropical rainforest filled with vicious animals, fierce natives, and a deity said to command lightning itself.\n\nKeys can only be used once you have 10 or more stars!\n\nDungeon credits:\n  Lead: Toastrz\n  Art: Dappertron, Piggby, Tero,\n  Wunderwafe\n  Special Thanks: Kiddforce, Mrunibro</Description>
      <ExtraTooltipData>
         <EffectInfo name="Guild Key" description="This key can only be used in the Guild Hall. Once used, a chest with rewards will spawn for all players in the Guild Hall."/>
      </ExtraTooltipData>
      <Sound>use_key</Sound>
      <Soulbound/>
      <Track/>
      <BagType>7</BagType>
      <Consumable/>
      <feedPower>200</feedPower>
      <Activate id="Secluded Thicket Portal" onlyInArea="Guild Hall,Guild Hall 2,Guild Hall 3,Guild Hall 4">CreatePortal</Activate>
      <Activate id="Secluded Thicket Guild Chest" onlyInArea="Guild Hall,Guild Hall 2,Guild Hall 3,Guild Hall 4">Create</Activate>
   </Object>
   <Object type="0x72da" id="Parasite Chambers Guild Key">
      <Class>Equipment</Class>
      <Item/>
      <DisplayId>Parasite Chambers Guild Key</DisplayId>
      <Texture>
         <File>d2LofiObjEmbed</File>
         <Index>0x1cf</Index>
      </Texture>
      <SlotType>10</SlotType>
      <Description>A key which opens an entrance to the Parasite Chambers. \n\nKeys can only be used once you have 10 or more stars!</Description>
      <ExtraTooltipData>
         <EffectInfo name="Guild Key" description="This key can only be used in the Guild Hall. Once used, a chest with rewards will spawn for all players in the Guild Hall."/>
      </ExtraTooltipData>
      <Sound>use_key</Sound>
      <Consumable/>
      <Soulbound/>
      <Activate id="Parasite Chambers Portal" onlyInArea="Guild Hall,Guild Hall 2,Guild Hall 3,Guild Hall 4">CreatePortal</Activate>
      <Activate id="Parasite Chambers Guild Chest" onlyInArea="Guild Hall,Guild Hall 2,Guild Hall 3,Guild Hall 4">Create</Activate>
      <feedPower>200</feedPower>
      <BagType>7</BagType>
      <Track/>
   </Object>
   <Object type="0x657d" id="Ocean Trench Enchanted Key">
      <Class>Equipment</Class>
      <Item/>
      <Texture>
         <File>d2LofiObjEmbed</File>
         <Index>0x1f4</Index>
      </Texture>
      <SlotType>10</SlotType>
      <Description>A key which opens an entrance to an Ocean Trench.\n\nKeys can only be used once you have 10 or more stars!\n\nSprite Credits: Wawawa</Description>
      <ExtraTooltipData>
         <EffectInfo name="Enchanted Key" description="Once used, the owner will receive a Mystery ST Crate!"/>
      </ExtraTooltipData>
      <Sound>use_key</Sound>
      <Consumable/>
      <Soulbound/>
      <Activate id="Ocean Trench Portal">CreatePortal</Activate>
      <Activate id="Mystery ST Crate">Exchange</Activate>
      <feedPower>200</feedPower>
      <BagType>7</BagType>
      <Track/>
   </Object>
   <Object type="0x657e" id="The Crawling Depths Enchanted Key">
      <Class>Equipment</Class>
      <Item/>
      <Texture>
         <File>d2LofiObjEmbed</File>
         <Index>0x1f5</Index>
      </Texture>
      <SlotType>10</SlotType>
      <Description>A key which opens an entrance to The Crawling Depths.\n\nKeys can only be used once you have 10 or more stars!\n\nSprite Credits: Wawawa</Description>
      <ExtraTooltipData>
         <EffectInfo name="Enchanted Key" description="Once used, the owner will receive a Mystery ST Crate!"/>
      </ExtraTooltipData>
      <Sound>use_key</Sound>
      <Consumable/>
      <Soulbound/>
      <Activate id="The Crawling Depths">CreatePortal</Activate>
      <Activate id="Mystery ST Crate">Exchange</Activate>
      <feedPower>200</feedPower>
      <BagType>7</BagType>
      <Track/>
   </Object>
   <Object type="0x657f" id="Deadwater Docks Enchanted Key">
      <Class>Equipment</Class>
      <Item/>
      <Texture>
         <File>d2LofiObjEmbed</File>
         <Index>0x1f6</Index>
      </Texture>
      <SlotType>10</SlotType>
      <Description>A key which opens an entrance to Deadwater Docks.\n\nKeys can only be used once you have 10 or more stars!\n\nSprite Credits: Wawawa</Description>
      <ExtraTooltipData>
         <EffectInfo name="Enchanted Key" description="Once used, the owner will receive a Mystery ST Crate!"/>
      </ExtraTooltipData>
      <Sound>use_key</Sound>
      <Consumable/>
      <Soulbound/>
      <Activate id="Deadwater Docks">CreatePortal</Activate>
      <Activate id="Mystery ST Crate">Exchange</Activate>
      <feedPower>200</feedPower>
      <BagType>7</BagType>
      <Track/>
   </Object>
   <Object type="0x6580" id="Woodland Labyrinth Enchanted Key">
      <Class>Equipment</Class>
      <Item/>
      <Texture>
         <File>d2LofiObjEmbed</File>
         <Index>0x1f7</Index>
      </Texture>
      <SlotType>10</SlotType>
      <Description>A key which opens an entrance to the Woodland Labyrinth.\n\nKeys can only be used once you have 10 or more stars!\n\nSprite Credits: Wawawa</Description>
      <ExtraTooltipData>
         <EffectInfo name="Enchanted Key" description="Once used, the owner will receive a Mystery ST Crate!"/>
      </ExtraTooltipData>
      <Sound>use_key</Sound>
      <Consumable/>
      <Soulbound/>
      <Activate id="Woodland Labyrinth">CreatePortal</Activate>
      <Activate id="Mystery ST Crate">Exchange</Activate>
      <feedPower>200</feedPower>
      <BagType>7</BagType>
      <Track/>
   </Object>
   <Object type="0x6581" id="Ice Tomb Enchanted Key">
      <Class>Equipment</Class>
      <Item/>
      <DisplayId>Ice Tomb Enchanted Key</DisplayId>
      <Texture>
         <File>d2LofiObjEmbed</File>
         <Index>0x1f8</Index>
      </Texture>
      <SlotType>10</SlotType>
      <Description>A key which opens an entrance to Ice Tomb.\n\nKeys can only be used once you have 10 or more stars!\n\nSprite Credits: Wawawa</Description>
      <ExtraTooltipData>
         <EffectInfo name="Enchanted Key" description="Once used, the owner will receive a Mystery ST Crate!"/>
      </ExtraTooltipData>
      <Sound>use_key</Sound>
      <Consumable/>
      <Soulbound/>
      <Activate id="Ice Tomb Portal">CreatePortal</Activate>
      <Activate id="Mystery ST Crate">Exchange</Activate>
      <feedPower>200</feedPower>
      <BagType>7</BagType>
      <Track/>
   </Object>
   <Object type="0x6582" id="Cemetery Enchanted Key">
      <Class>Equipment</Class>
      <Item/>
      <Texture>
         <File>d2LofiObjEmbed</File>
         <Index>0x1f9</Index>
      </Texture>
      <SlotType>10</SlotType>
      <Description>A key which opens a portal to the Haunted Cemetery. Some of the oldest and most legendary heroes in history were buried along this sequence of graves, their spirits protected by masters of the afterlife.\n\nKeys can only be used once you have 10 or more stars!\n\nSprite Credits: Wawawa and CrystalPX</Description>
      <ExtraTooltipData>
         <EffectInfo name="Enchanted Key" description="Once used, the owner will receive a Mystery ST Crate!"/>
      </ExtraTooltipData>
      <Sound>use_key</Sound>
      <Consumable/>
      <Soulbound/>
      <Activate id="Haunted Cemetery Portal">CreatePortal</Activate>
      <Activate id="Mystery ST Crate">Exchange</Activate>
      <feedPower>200</feedPower>
      <BagType>7</BagType>
      <Track/>
   </Object>
   <Object type="0x6583" id="Fungal Cavern Enchanted Key">
      <Class>Equipment</Class>
      <Item/>
      <DisplayId>Fungal Cavern Key</DisplayId>
      <Texture>
         <File>d2LofiObjEmbed</File>
         <Index>0x1fa</Index>
      </Texture>
      <SlotType>10</SlotType>
      <Description>A key which opens an entrance to the Fungal Cavern, a forgotten mine taken over by mushroom tribes over the years. \n\nKeys can only be used once you have 10 or more stars! \n\nDungeon credits:\n Art: Aurum, Trensient\n\nSprite Credits: Wawawa</Description>
      <ExtraTooltipData>
         <EffectInfo name="Enchanted Key" description="Once used, the owner will receive a Mystery ST Crate!"/>
      </ExtraTooltipData>
      <Sound>use_key</Sound>
      <Soulbound/>
      <feedPower>200</feedPower>
      <BagType>7</BagType>
      <Track/>
      <Consumable/>
      <Activate id="GC Gigantic Cave Portal">CreatePortal</Activate>
      <Activate id="Mystery ST Crate">Exchange</Activate>
   </Object>
   <Object type="0x6584" id="Ice Cave Enchanted Key">
      <Class>Equipment</Class>
      <Item/>
      <Texture>
         <File>d2LofiObjEmbed</File>
         <Index>0x1fb</Index>
      </Texture>
      <SlotType>10</SlotType>
      <Description>It's cold in here.\n\nKeys can only be used once you have 10 or more stars!\n\nSprite Credits: Wawawa</Description>
      <ExtraTooltipData>
         <EffectInfo name="Enchanted Key" description="Once used, the owner will receive a Mystery ST Crate!"/>
      </ExtraTooltipData>
      <Sound>use_key</Sound>
      <Consumable/>
      <Soulbound/>
      <Activate id="Ice Cave Portal">CreatePortal</Activate>
      <Activate id="Mystery ST Crate">Exchange</Activate>
      <feedPower>200</feedPower>
      <BagType>7</BagType>
      <Track/>
   </Object>
   <Object type="0x6585" id="Lost Halls Enchanted Key">
      <DisplayId>Lost Halls Enchanted Key</DisplayId>
      <Class>Equipment</Class>
      <Item/>
      <Texture>
         <File>d2LofiObjEmbed</File>
         <Index>0x1fc</Index>
      </Texture>
      <SlotType>10</SlotType>
      <Description>A key which opens a passage to the Lost Halls. Forgotten for centuries, those long identical halls are said to house evil itself. All that is truly known is that hope, reason and purpose are no more within those walls.\n\nKeys can only be used once you have 10 or more stars!\n\nDungeon credits:\n  Lead: Kiddforce\n  Design: Toastrz\n  Art: Poshun, Dappertron, Beige,\n  PostMorten, Lovens\n  Special Thanks: Mrunibro, Sues,\n  BLOODQWEN, Kingged\n\nSprite Credits: Wawawa</Description>
      <ExtraTooltipData>
         <EffectInfo name="Enchanted Key" description="Once used, the owner will receive a Mystery ST Crate!"/>
      </ExtraTooltipData>
      <Sound>use_key</Sound>
      <Consumable/>
      <Soulbound/>
      <Activate id="Lost Halls Portal">CreatePortal</Activate>
      <Activate id="Mystery ST Crate">Exchange</Activate>
      <feedPower>200</feedPower>
      <BagType>7</BagType>
      <Track/>
   </Object>
   <Object type="0x246f" id="Tomb of the Ancients Enchanted Key">
      <Class>Equipment</Class>
      <Item/>
      <Texture>
         <File>d2LofiObjEmbed</File>
         <Index>0x1fd</Index>
      </Texture>
      <SlotType>10</SlotType>
      <Description>A key which opens an entrance to the Tomb of the Ancients.\n\nKeys can only be used once you have 10 or more stars!\n\nSprite Credits: Lily</Description>
      <ExtraTooltipData>
         <EffectInfo name="Enchanted Key" description="Once used, the owner will receive a Mystery ST Crate!"/>
      </ExtraTooltipData>
      <Sound>use_key</Sound>
      <Consumable/>
      <Soulbound/>
      <Activate id="Tomb of the Ancients Portal">CreatePortal</Activate>
      <Activate id="Mystery ST Crate">Exchange</Activate>
      <feedPower>200</feedPower>
      <BagType>7</BagType>
      <Track/>
   </Object>
   <Object type="0x2470" id="The Nest Enchanted Key">
      <Class>Equipment</Class>
      <Item/>
      <DisplayId>The Nest Enchanted Key</DisplayId>
      <Texture>
         <File>d2LofiObjEmbed</File>
         <Index>0x1fe</Index>
      </Texture>
      <SlotType>10</SlotType>
      <Description>A key which opens an entrance to The Nest. Home of the Killer Bee Queen and the pinnacle of insect evolution. \n\nKeys can only be used once you have 10 or more stars! \n\nDungeon credits:\n Lead: Mrunibro \n Art: Beige, Poshun, Dappertron,\n BLOODQWEN \n Special thanks: Krathan, Kiddforce, \n Atrapper\n\nSprite Credits: Lily</Description>
      <ExtraTooltipData>
         <EffectInfo name="Enchanted Key" description="Once used, the owner will receive a Mystery ST Crate!"/>
      </ExtraTooltipData>
      <Sound>use_key</Sound>
      <Consumable/>
      <Soulbound/>
      <Activate id="The Epic Hive Portal">CreatePortal</Activate>
      <Activate id="Mystery ST Crate">Exchange</Activate>
      <feedPower>200</feedPower>
      <BagType>7</BagType>
      <Track/>
   </Object>
   <Object type="0x2471" id="Davy's Enchanted Key">
      <Class>Equipment</Class>
      <Item/>
      <Texture>
         <File>d2LofiObjEmbed</File>
         <Index>0x220</Index>
      </Texture>
      <SlotType>10</SlotType>
      <Description>A key that opens the way to Davy Jones' Locker.\n\nKeys can only be used once you have 10 or more stars!\n\nSprite Credits: Lily</Description>
      <ExtraTooltipData>
         <EffectInfo name="Enchanted Key" description="Once used, the owner will receive a Mystery ST Crate!"/>
      </ExtraTooltipData>
      <Sound>use_key</Sound>
      <Consumable/>
      <Soulbound/>
      <Activate id="Davy Jones' Locker Portal">CreatePortal</Activate>
      <Activate id="Mystery ST Crate">Exchange</Activate>
      <feedPower>200</feedPower>
      <BagType>7</BagType>
      <Track/>
   </Object>
   <Object type="0x2472" id="Mountain Temple Enchanted Key">
      <Class>Equipment</Class>
      <Item/>
      <Texture>
         <File>d2LofiObjEmbed</File>
         <Index>0x221</Index>
      </Texture>
      <SlotType>10</SlotType>
      <Description>A key which opens an entrance to The Mountain Temple. \n\nKeys can only be used once you have 10 or more stars!\n\nDungeon credits:\n Art: Beige\n\nSprite Credits: Lily</Description>
      <ExtraTooltipData>
         <EffectInfo name="Enchanted Key" description="Once used, the owner will receive a Mystery ST Crate!"/>
      </ExtraTooltipData>
      <Sound>use_key</Sound>
      <Consumable/>
      <Soulbound/>
      <Activate id="Mountain Temple Portal">CreatePortal</Activate>
      <Activate id="Mystery ST Crate">Exchange</Activate>
      <feedPower>200</feedPower>
      <BagType>7</BagType>
      <Track/>
   </Object>
   <Object type="0x2473" id="Malogia Enchanted Key">
      <Class>Equipment</Class>
      <Item/>
      <Texture>
         <File>d2LofiObjEmbed</File>
         <Index>0x222</Index>
      </Texture>
      <SlotType>10</SlotType>
      <Description>A key which generates a wormhole to Malogia, a planet with luscious red forests not unsimilar to our own.\n\nKeys can only be used once you have 10 or more stars!\n\nDungeon credits:\n Art: Phophull, Nmin, Aurum\n Special Thanks: ViciousTwo\n\nSprite Credits: Lily</Description>
      <ExtraTooltipData>
         <EffectInfo name="Enchanted Key" description="Once used, the owner will receive a Mystery ST Crate!"/>
      </ExtraTooltipData>
      <Sound>use_key</Sound>
      <Soulbound/>
      <feedPower>200</feedPower>
      <BagType>7</BagType>
      <Track/>
      <Consumable/>
      <Activate id="AI Malogia Wormhole">CreatePortal</Activate>
      <Activate id="Mystery ST Crate">Exchange</Activate>
   </Object>
   <Object type="0x2474" id="Untaris Enchanted Key">
      <Class>Equipment</Class>
      <Item/>
      <Texture>
         <File>d2LofiObjEmbed</File>
         <Index>0x223</Index>
      </Texture>
      <SlotType>10</SlotType>
      <Description>A key which generates a wormhole to Untaris, a fragmented planet where ice has consumed all but a few areas. \n\nKeys can only be used once you have 10 or more stars!\n\nDungeon credits:\n Art: Phophull, Aurum\n\nSprite Credits: Lily</Description>
      <ExtraTooltipData>
         <EffectInfo name="Enchanted Key" description="Once used, the owner will receive a Mystery ST Crate!"/>
      </ExtraTooltipData>
      <Sound>use_key</Sound>
      <Soulbound/>
      <feedPower>200</feedPower>
      <BagType>7</BagType>
      <Track/>
      <Consumable/>
      <Activate id="AI Untaris Wormhole">CreatePortal</Activate>
      <Activate id="Mystery ST Crate">Exchange</Activate>
   </Object>
   <Object type="0x2475" id="Forax Enchanted Key">
      <Class>Equipment</Class>
      <Item/>
      <Texture>
         <File>d2LofiObjEmbed</File>
         <Index>0x224</Index>
      </Texture>
      <SlotType>10</SlotType>
      <Description>A key which generates a wormhole to Forax, a planet consumed by acid water leaving just a few livable isles. \n\nKeys can only be used once you have 10 or more stars!\n\nDungeon credits:\n Art: Thqdfthqdf, Artauris, Nmin,\n Aurum\n\nSprite Credits: Lily</Description>
      <ExtraTooltipData>
         <EffectInfo name="Enchanted Key" description="Once used, the owner will receive a Mystery ST Crate!"/>
      </ExtraTooltipData>
      <Sound>use_key</Sound>
      <Soulbound/>
      <feedPower>200</feedPower>
      <BagType>7</BagType>
      <Track/>
      <Consumable/>
      <Activate id="AI Forax Wormhole">CreatePortal</Activate>
      <Activate id="Mystery ST Crate">Exchange</Activate>
   </Object>
   <Object type="0x2476" id="Katalund Enchanted Key">
      <Class>Equipment</Class>
      <Item/>
      <Texture>
         <File>d2LofiObjEmbed</File>
         <Index>0x225</Index>
      </Texture>
      <SlotType>10</SlotType>
      <Description>A key which generates a wormhole to Katalund, a planet coated in low flying clouds of unbreathable gas where only metallic, inorganic creatures can survive. \n\nKeys can only be used once you have 10 or more stars!\n\nDungeon credits:\n Art: Trensient, Thqdfthqdf, Nmin,\n Aurum\n\nSprite Credits: Lily</Description>
      <ExtraTooltipData>
         <EffectInfo name="Enchanted Key" description="Once used, the owner will receive a Mystery ST Crate!"/>
      </ExtraTooltipData>
      <Sound>use_key</Sound>
      <Soulbound/>
      <feedPower>200</feedPower>
      <BagType>7</BagType>
      <Track/>
      <Consumable/>
      <Activate id="AI Katalund Wormhole">CreatePortal</Activate>
      <Activate id="Mystery ST Crate">Exchange</Activate>
   </Object>
</Objects>
