<?xml version="1.0" encoding="ISO-8859-1"?>

<GroundTypes>
   <Ground type="0x4800" id="AN FG R">
      <Texture>
         <File>autumnNexusObjects8x8</File>
         <Index>0x0</Index>
      </Texture>
      <BlendPriority>8</BlendPriority>
   </Ground>
   <Ground type="0x4801" id="AN FG B">
      <Texture>
         <File>autumnNexusObjects8x8</File>
         <Index>0x1</Index>
      </Texture>
      <BlendPriority>6</BlendPriority>
   </Ground>
   <Ground type="0x4802" id="AN FG O">
      <Texture>
         <File>autumnNexusObjects8x8</File>
         <Index>0x2</Index>
      </Texture>
      <BlendPriority>4</BlendPriority>
   </Ground>
   <Ground type="0x4803" id="AN FG G">
      <Texture>
         <File>autumnNexusObjects8x8</File>
         <Index>0x3</Index>
      </Texture>
      <BlendPriority>2</BlendPriority>
   </Ground>
   <Ground type="0x4804" id="AN Rk">
      <Texture>
         <File>autumnNexusObjects8x8</File>
         <Index>0x4</Index>
      </Texture>
      <BlendPriority>0</BlendPriority>
   </Ground>
   <Ground type="0x4805" id="AN BrRo1dk">
      <Texture>
         <File>autumnNexusObjects8x8</File>
         <Index>0xa</Index>
      </Texture>
      <BlendPriority>2</BlendPriority>
   </Ground>
   <Ground type="0x4806" id="AN BrRo1">
      <Texture>
         <File>autumnNexusObjects8x8</File>
         <Index>0xb</Index>
      </Texture>
      <BlendPriority>4</BlendPriority>
   </Ground>
   <Ground type="0x4807" id="AN FG R dk">
      <Texture>
         <File>autumnNexusObjects8x8</File>
         <Index>0x10</Index>
      </Texture>
      <BlendPriority>9</BlendPriority>
   </Ground>
   <Ground type="0x4808" id="AN FG B dk">
      <Texture>
         <File>autumnNexusObjects8x8</File>
         <Index>0x11</Index>
      </Texture>
      <BlendPriority>7</BlendPriority>
   </Ground>
   <Ground type="0x4809" id="AN FG O dk">
      <Texture>
         <File>autumnNexusObjects8x8</File>
         <Index>0x12</Index>
      </Texture>
      <BlendPriority>5</BlendPriority>
   </Ground>
   <Ground type="0x480A" id="AN FG G dk">
      <Texture>
         <File>autumnNexusObjects8x8</File>
         <Index>0x13</Index>
      </Texture>
      <BlendPriority>3</BlendPriority>
   </Ground>
   <Ground type="0x480B" id="AN Rk dk">
      <Texture>
         <File>autumnNexusObjects8x8</File>
         <Index>0x14</Index>
      </Texture>
      <BlendPriority>1</BlendPriority>
   </Ground>
   <Ground type="0x480C" id="AN Rkpt">
      <RandomTexture>
         <Texture>
            <File>autumnNexusObjects8x8</File>
            <Index>0x21</Index>
         </Texture>
         <Texture>
            <File>autumnNexusObjects8x8</File>
            <Index>0x22</Index>
         </Texture>
         <Texture>
            <File>autumnNexusObjects8x8</File>
            <Index>0x23</Index>
         </Texture>
         <Texture>
            <File>autumnNexusObjects8x8</File>
            <Index>0x24</Index>
         </Texture>
      </RandomTexture>
      <BlendPriority>-2</BlendPriority>
   </Ground>
   <Ground type="0x480D" id="AN WBr">
      <RandomTexture>
         <Texture>
            <File>autumnNexusObjects8x8</File>
            <Index>0x2b</Index>
         </Texture>
         <Texture>
            <File>autumnNexusObjects8x8</File>
            <Index>0x2c</Index>
         </Texture>
         <Texture>
            <File>autumnNexusObjects8x8</File>
            <Index>0x2d</Index>
         </Texture>
         <Texture>
            <File>autumnNexusObjects8x8</File>
            <Index>0x2e</Index>
         </Texture>
      </RandomTexture>
      <BlendPriority>0</BlendPriority>
   </Ground>
   <Ground type="0x480E" id="AN WBr Spd">
      <RandomTexture>
         <Texture>
            <File>autumnNexusObjects8x8</File>
            <Index>0x2b</Index>
         </Texture>
         <Texture>
            <File>autumnNexusObjects8x8</File>
            <Index>0x2c</Index>
         </Texture>
         <Texture>
            <File>autumnNexusObjects8x8</File>
            <Index>0x2d</Index>
         </Texture>
         <Texture>
            <File>autumnNexusObjects8x8</File>
            <Index>0x2e</Index>
         </Texture>
      </RandomTexture>
      <BlendPriority>0</BlendPriority>
   </Ground>
   <Ground type="0x480F" id="AN Rv">
      <Texture>
         <File>autumnNexusObjects8x8</File>
         <Index>0x45</Index>
      </Texture>
      <BlendPriority>1</BlendPriority>
      <Animate dx="0.33" dy="0.33">Flow</Animate>
      <Sink/>
      <Speed>0.7</Speed>
   </Ground>
   <Ground type="0x4810" id="AN FoWt">
      <Texture>
         <File>autumnNexusObjects8x8</File>
         <Index>0x46</Index>
      </Texture>
      <BlendPriority>1</BlendPriority>
      <Animate dx="0.33" dy="0.33">Flow</Animate>
      <Sink/>
      <Speed>0.7</Speed>
   </Ground>
   <Ground type="0x4811" id="AN WFP">
      <RandomTexture>
         <Texture>
            <File>autumnNexusObjects8x8</File>
            <Index>0x47</Index>
         </Texture>
         <Texture>
            <File>autumnNexusObjects8x8</File>
            <Index>0x48</Index>
         </Texture>
         <Texture>
            <File>autumnNexusObjects8x8</File>
            <Index>0x49</Index>
         </Texture>
         <Texture>
            <File>autumnNexusObjects8x8</File>
            <Index>0x4a</Index>
         </Texture>
         <Texture>
            <File>autumnNexusObjects8x8</File>
            <Index>0x4b</Index>
         </Texture>
      </RandomTexture>
      <BlendPriority>0</BlendPriority>
   </Ground>
   <Ground type="0x4812" id="AN WFPdk">
      <RandomTexture>
         <Texture>
            <File>autumnNexusObjects8x8</File>
            <Index>0x4c</Index>
         </Texture>
         <Texture>
            <File>autumnNexusObjects8x8</File>
            <Index>0x4d</Index>
         </Texture>
         <Texture>
            <File>autumnNexusObjects8x8</File>
            <Index>0x4e</Index>
         </Texture>
         <Texture>
            <File>autumnNexusObjects8x8</File>
            <Index>0x4f</Index>
         </Texture>
         <Texture>
            <File>autumnNexusObjects8x8</File>
            <Index>0x50</Index>
         </Texture>
      </RandomTexture>
      <BlendPriority>0</BlendPriority>
   </Ground>
   <Ground type="0x4813" id="AN BrRo2">
      <RandomTexture>
         <Texture>
            <File>autumnNexusObjects8x8</File>
            <Index>0x55</Index>
         </Texture>
         <Texture>
            <File>autumnNexusObjects8x8</File>
            <Index>0x56</Index>
         </Texture>
         <Texture>
            <File>autumnNexusObjects8x8</File>
            <Index>0x57</Index>
         </Texture>
         <Texture>
            <File>autumnNexusObjects8x8</File>
            <Index>0x58</Index>
         </Texture>
         <Texture>
            <File>autumnNexusObjects8x8</File>
            <Index>0x59</Index>
         </Texture>
         <Texture>
            <File>autumnNexusObjects8x8</File>
            <Index>0x5a</Index>
         </Texture>
      </RandomTexture>
      <BlendPriority>0</BlendPriority>
      <Speed>1.2</Speed>
   </Ground>
   <Ground type="0x4814" id="AN StEtr">
      <Texture>
         <File>autumnNexusObjects8x8</File>
         <Index>0x6a</Index>
      </Texture>
      <Edge>
         <Texture>
            <File>autumnNexusObjects8x8</File>
            <Index>0x33c</Index>
         </Texture>
      </Edge>
      <Corner>
         <Texture>
            <File>autumnNexusObjects8x8</File>
            <Index>0x33d</Index>
         </Texture>
      </Corner>
      <BlendPriority>0</BlendPriority>
   </Ground>
   <Ground type="0x4817" id="AN WdT">
      <Texture>
         <File>autumnNexusObjects8x8</File>
         <Index>0x73</Index>
      </Texture>
      <BlendPriority>0</BlendPriority>
   </Ground>
   <Ground type="0x4818" id="AN WdT Spd">
      <Texture>
         <File>autumnNexusObjects8x8</File>
         <Index>0x73</Index>
      </Texture>
      <BlendPriority>0</BlendPriority>
      <Speed>1.4</Speed>
   </Ground>
   <Ground type="0x4815" id="AN RG Rug">
      <SameTypeEdgeMode/>
      <Texture>
         <File>autumnNexusObjects8x8</File>
         <Index>0x6f</Index>
      </Texture>
      <Edge>
         <Texture>
            <File>autumnNexusObjects8x8</File>
            <Index>0x70</Index>
         </Texture>
      </Edge>
      <InnerCorner>
         <Texture>
            <File>autumnNexusObjects8x8</File>
            <Index>0x71</Index>
         </Texture>
      </InnerCorner>
      <Corner>
         <Texture>
            <File>autumnNexusObjects8x8</File>
            <Index>0x72</Index>
         </Texture>
      </Corner>
      <Speed>1.4</Speed>
   </Ground>
   <Ground type="0x4819" id="HN StEtr">
      <Texture>
         <File>autumnNexusObjects8x8</File>
         <Index>0x2f8</Index>
      </Texture>
      <Edge>
         <Texture>
            <File>autumnNexusObjects8x8</File>
            <Index>0x33c</Index>
         </Texture>
      </Edge>
      <Corner>
         <Texture>
            <File>autumnNexusObjects8x8</File>
            <Index>0x33d</Index>
         </Texture>
      </Corner>
      <BlendPriority>-2</BlendPriority>
   </Ground>
   <Ground type="0x481A" id="HN StEtr b">
      <Texture>
         <File>autumnNexusObjects8x8</File>
         <Index>0x2f9</Index>
      </Texture>
      <Edge>
         <Texture>
            <File>autumnNexusObjects8x8</File>
            <Index>0x33c</Index>
         </Texture>
      </Edge>
      <Corner>
         <Texture>
            <File>autumnNexusObjects8x8</File>
            <Index>0x33d</Index>
         </Texture>
      </Corner>
   </Ground>
   <Ground type="0x481B" id="HN StEtr dk">
      <Texture>
         <File>autumnNexusObjects8x8</File>
         <Index>0x308</Index>
      </Texture>
      <Edge>
         <Texture>
            <File>autumnNexusObjects8x8</File>
            <Index>0x33c</Index>
         </Texture>
      </Edge>
      <Corner>
         <Texture>
            <File>autumnNexusObjects8x8</File>
            <Index>0x33d</Index>
         </Texture>
      </Corner>
   </Ground>
   <Ground type="0x481C" id="HN StEtr b dk">
      <Texture>
         <File>autumnNexusObjects8x8</File>
         <Index>0x309</Index>
      </Texture>
      <Edge>
         <Texture>
            <File>autumnNexusObjects8x8</File>
            <Index>0x33c</Index>
         </Texture>
      </Edge>
      <Corner>
         <Texture>
            <File>autumnNexusObjects8x8</File>
            <Index>0x33d</Index>
         </Texture>
      </Corner>
   </Ground>
   <Ground type="0x481D" id="HN RcTile">
      <Texture>
         <File>autumnNexusObjects8x8</File>
         <Index>0x2fa</Index>
      </Texture>
      <BlendPriority>0</BlendPriority>
   </Ground>
   <Ground type="0x481E" id="HN Rc Crs">
      <Texture>
         <File>autumnNexusObjects8x8</File>
         <Index>0x2fb</Index>
      </Texture>
      <BlendPriority>0</BlendPriority>
   </Ground>
   <Ground type="0x481F" id="HN RG Rug">
      <SameTypeEdgeMode/>
      <Texture>
         <File>autumnNexusObjects8x8</File>
         <Index>0x2fc</Index>
      </Texture>
      <Edge>
         <Texture>
            <File>autumnNexusObjects8x8</File>
            <Index>0x2fd</Index>
         </Texture>
      </Edge>
      <InnerCorner>
         <Texture>
            <File>autumnNexusObjects8x8</File>
            <Index>0x2fe</Index>
         </Texture>
      </InnerCorner>
      <Corner>
         <Texture>
            <File>autumnNexusObjects8x8</File>
            <Index>0x2ff</Index>
         </Texture>
      </Corner>
      <Speed>1.4</Speed>
   </Ground>
   <Ground type="0x4820" id="HN FG R">
      <Texture>
         <File>autumnNexusObjects8x8</File>
         <Index>0x310</Index>
      </Texture>
      <BlendPriority>8</BlendPriority>
   </Ground>
   <Ground type="0x4821" id="HN FG B">
      <Texture>
         <File>autumnNexusObjects8x8</File>
         <Index>0x311</Index>
      </Texture>
      <BlendPriority>6</BlendPriority>
   </Ground>
   <Ground type="0x4822" id="HN FG O">
      <Texture>
         <File>autumnNexusObjects8x8</File>
         <Index>0x312</Index>
      </Texture>
      <BlendPriority>4</BlendPriority>
   </Ground>
   <Ground type="0x4823" id="HN FG G">
      <Texture>
         <File>autumnNexusObjects8x8</File>
         <Index>0x313</Index>
      </Texture>
      <BlendPriority>2</BlendPriority>
   </Ground>
   <Ground type="0x4824" id="HN Rk">
      <Texture>
         <File>autumnNexusObjects8x8</File>
         <Index>0x314</Index>
      </Texture>
      <BlendPriority>0</BlendPriority>
   </Ground>
   <Ground type="0x4825" id="HN BrRo2">
      <RandomTexture>
         <Texture>
            <File>autumnNexusObjects8x8</File>
            <Index>0x335</Index>
         </Texture>
         <Texture>
            <File>autumnNexusObjects8x8</File>
            <Index>0x336</Index>
         </Texture>
         <Texture>
            <File>autumnNexusObjects8x8</File>
            <Index>0x337</Index>
         </Texture>
         <Texture>
            <File>autumnNexusObjects8x8</File>
            <Index>0x338</Index>
         </Texture>
         <Texture>
            <File>autumnNexusObjects8x8</File>
            <Index>0x339</Index>
         </Texture>
         <Texture>
            <File>autumnNexusObjects8x8</File>
            <Index>0x33a</Index>
         </Texture>
      </RandomTexture>
      <BlendPriority>-2</BlendPriority>
      <Speed>1.2</Speed>
   </Ground>
   <Ground type="0x4826" id="HN BrRo2 dk">
      <RandomTexture>
         <Texture>
            <File>autumnNexusObjects8x8</File>
            <Index>0x345</Index>
         </Texture>
         <Texture>
            <File>autumnNexusObjects8x8</File>
            <Index>0x346</Index>
         </Texture>
         <Texture>
            <File>autumnNexusObjects8x8</File>
            <Index>0x347</Index>
         </Texture>
         <Texture>
            <File>autumnNexusObjects8x8</File>
            <Index>0x348</Index>
         </Texture>
         <Texture>
            <File>autumnNexusObjects8x8</File>
            <Index>0x349</Index>
         </Texture>
         <Texture>
            <File>autumnNexusObjects8x8</File>
            <Index>0x34a</Index>
         </Texture>
      </RandomTexture>
      <BlendPriority>-4</BlendPriority>
      <Speed>1.2</Speed>
   </Ground>
   <Ground type="0x4827" id="HN FG R dk">
      <Texture>
         <File>autumnNexusObjects8x8</File>
         <Index>0x320</Index>
      </Texture>
      <BlendPriority>8</BlendPriority>
   </Ground>
   <Ground type="0x4828" id="HN FG B dk">
      <Texture>
         <File>autumnNexusObjects8x8</File>
         <Index>0x321</Index>
      </Texture>
      <BlendPriority>6</BlendPriority>
   </Ground>
   <Ground type="0x4829" id="HN FG O dk">
      <Texture>
         <File>autumnNexusObjects8x8</File>
         <Index>0x322</Index>
      </Texture>
      <BlendPriority>4</BlendPriority>
   </Ground>
   <Ground type="0x482A" id="HN FG G dk">
      <Texture>
         <File>autumnNexusObjects8x8</File>
         <Index>0x323</Index>
      </Texture>
      <BlendPriority>2</BlendPriority>
   </Ground>
   <Ground type="0x482B" id="HN Rk dk">
      <Texture>
         <File>autumnNexusObjects8x8</File>
         <Index>0x324</Index>
      </Texture>
      <BlendPriority>2</BlendPriority>
   </Ground>
   <Ground type="0x482C" id="HN Rkpt">
      <RandomTexture>
         <Texture>
            <File>autumnNexusObjects8x8</File>
            <Index>0x331</Index>
         </Texture>
         <Texture>
            <File>autumnNexusObjects8x8</File>
            <Index>0x332</Index>
         </Texture>
         <Texture>
            <File>autumnNexusObjects8x8</File>
            <Index>0x333</Index>
         </Texture>
         <Texture>
            <File>autumnNexusObjects8x8</File>
            <Index>0x334</Index>
         </Texture>
      </RandomTexture>
      <BlendPriority>-2</BlendPriority>
   </Ground>
   <Ground type="0x482D" id="HN Rkdk">
      <RandomTexture>
         <Texture>
            <File>autumnNexusObjects8x8</File>
            <Index>0x341</Index>
         </Texture>
         <Texture>
            <File>autumnNexusObjects8x8</File>
            <Index>0x342</Index>
         </Texture>
         <Texture>
            <File>autumnNexusObjects8x8</File>
            <Index>0x343</Index>
         </Texture>
         <Texture>
            <File>autumnNexusObjects8x8</File>
            <Index>0x344</Index>
         </Texture>
      </RandomTexture>
      <BlendPriority>0</BlendPriority>
   </Ground>
   <Ground type="0x482E" id="HN WFP">
      <RandomTexture>
         <Texture>
            <File>autumnNexusObjects8x8</File>
            <Index>0x397</Index>
         </Texture>
         <Texture>
            <File>autumnNexusObjects8x8</File>
            <Index>0x398</Index>
         </Texture>
         <Texture>
            <File>autumnNexusObjects8x8</File>
            <Index>0x399</Index>
         </Texture>
         <Texture>
            <File>autumnNexusObjects8x8</File>
            <Index>0x39a</Index>
         </Texture>
         <Texture>
            <File>autumnNexusObjects8x8</File>
            <Index>0x39b</Index>
         </Texture>
      </RandomTexture>
      <BlendPriority>2</BlendPriority>
      <Speed>1.2</Speed>
   </Ground>
   <Ground type="0x482F" id="HN WFPdk">
      <RandomTexture>
         <Texture>
            <File>autumnNexusObjects8x8</File>
            <Index>0x39c</Index>
         </Texture>
         <Texture>
            <File>autumnNexusObjects8x8</File>
            <Index>0x39d</Index>
         </Texture>
         <Texture>
            <File>autumnNexusObjects8x8</File>
            <Index>0x39e</Index>
         </Texture>
         <Texture>
            <File>autumnNexusObjects8x8</File>
            <Index>0x39f</Index>
         </Texture>
         <Texture>
            <File>autumnNexusObjects8x8</File>
            <Index>0x3a0</Index>
         </Texture>
      </RandomTexture>
      <BlendPriority>0</BlendPriority>
   </Ground>
   <Ground type="0x4816" id="HN BlWt">
      <Texture>
         <File>lofiEnvironment2</File>
         <Index>0x163</Index>
      </Texture>
      <BlendPriority>1</BlendPriority>
      <Animate dx="0.33" dy="0.33">Flow</Animate>
      <Sink/>
      <Speed>0.7</Speed>
   </Ground>
   <Ground type="0x4830" id="HN FG Nwk R dk">
      <Texture>
         <File>autumnNexusObjects8x8</File>
         <Index>0x320</Index>
      </Texture>
      <BlendPriority>8</BlendPriority>
      <NoWalk/>
   </Ground>
   <Ground type="0x4831" id="HN FG Nwk B dk">
      <Texture>
         <File>autumnNexusObjects8x8</File>
         <Index>0x321</Index>
      </Texture>
      <BlendPriority>6</BlendPriority>
      <NoWalk/>
   </Ground>
   <Ground type="0x4832" id="HN FG Nwk O dk">
      <Texture>
         <File>autumnNexusObjects8x8</File>
         <Index>0x322</Index>
      </Texture>
      <BlendPriority>4</BlendPriority>
      <NoWalk/>
   </Ground>
   <Ground type="0x4833" id="HN FG Nwk G dk">
      <Texture>
         <File>autumnNexusObjects8x8</File>
         <Index>0x323</Index>
      </Texture>
      <BlendPriority>2</BlendPriority>
      <NoWalk/>
   </Ground>
   <Ground type="0x4834" id="HN Rk Nwk dk">
      <Texture>
         <File>autumnNexusObjects8x8</File>
         <Index>0x324</Index>
      </Texture>
      <BlendPriority>2</BlendPriority>
      <NoWalk/>
   </Ground>
   <Ground type="0x4835" id="HN Rkdk2">
      <RandomTexture>
         <Texture>
            <File>autumnNexusObjects8x8</File>
            <Index>0x34b</Index>
         </Texture>
         <Texture>
            <File>autumnNexusObjects8x8</File>
            <Index>0x34c</Index>
         </Texture>
         <Texture>
            <File>autumnNexusObjects8x8</File>
            <Index>0x34d</Index>
         </Texture>
         <Texture>
            <File>autumnNexusObjects8x8</File>
            <Index>0x34e</Index>
         </Texture>
      </RandomTexture>
      <BlendPriority>2</BlendPriority>
   </Ground>
   <Ground type="0x4836" id="HN BrRo2 li">
      <RandomTexture>
         <Texture>
            <File>autumnNexusObjects8x8</File>
            <Index>0x387</Index>
         </Texture>
         <Texture>
            <File>autumnNexusObjects8x8</File>
            <Index>0x388</Index>
         </Texture>
         <Texture>
            <File>autumnNexusObjects8x8</File>
            <Index>0x389</Index>
         </Texture>
         <Texture>
            <File>autumnNexusObjects8x8</File>
            <Index>0x38a</Index>
         </Texture>
         <Texture>
            <File>autumnNexusObjects8x8</File>
            <Index>0x38b</Index>
         </Texture>
         <Texture>
            <File>autumnNexusObjects8x8</File>
            <Index>0x38c</Index>
         </Texture>
      </RandomTexture>
      <BlendPriority>-2</BlendPriority>
      <Speed>1.2</Speed>
   </Ground>
   <Ground type="0x4837" id="HN Rv">
      <Texture>
         <File>autumnNexusObjects8x8</File>
         <Index>0x30a</Index>
      </Texture>
      <BlendPriority>1</BlendPriority>
      <Animate dx="0.33" dy="0.33">Flow</Animate>
      <Sink/>
      <Speed>0.7</Speed>
   </Ground>
   <Ground type="0x4838" id="HN Rk Mst1">
      <Texture>
         <File>autumnNexusObjects8x8</File>
         <Index>0x314</Index>
      </Texture>
      <Top>
         <Texture>
            <File>autumnNexusObjects8x8</File>
            <Index>0x3ec</Index>
         </Texture>
      </Top>
      <TopAnimate dx=".2" dy=".2">Flow</TopAnimate>
      <BlendPriority>0</BlendPriority>
   </Ground>
   <Ground type="0x4839" id="HN Rk Mst2">
      <Texture>
         <File>autumnNexusObjects8x8</File>
         <Index>0x314</Index>
      </Texture>
      <Top>
         <Texture>
            <File>autumnNexusObjects8x8</File>
            <Index>0x3ed</Index>
         </Texture>
      </Top>
      <TopAnimate dx=".2" dy=".2">Flow</TopAnimate>
      <BlendPriority>0</BlendPriority>
   </Ground>
   <Ground type="0x483a" id="HN Rk Mst3">
      <Texture>
         <File>autumnNexusObjects8x8</File>
         <Index>0x324</Index>
      </Texture>
      <BlendPriority>2</BlendPriority>
   </Ground>
   <Ground type="0x483b" id="HN Rk Mst3 Nwk">
      <Texture>
         <File>autumnNexusObjects8x8</File>
         <Index>0x314</Index>
      </Texture>
      <Top>
         <Texture>
            <File>autumnNexusObjects8x8</File>
            <Index>0x3ee</Index>
         </Texture>
      </Top>
      <TopAnimate dx=".2" dy=".2">Flow</TopAnimate>
      <BlendPriority>0</BlendPriority>
      <NoWalk/>
   </Ground>
   <Ground type="0x483c" id="HN WH Pl G">
      <Texture>
         <File>autumnNexusObjects8x8</File>
         <Index>0x427</Index>
      </Texture>
      <Sink/>
      <BlendPriority>0</BlendPriority>
      <Speed>0.7</Speed>
   </Ground>
   <Ground type="0x483d" id="HN WH Pl C">
      <Texture>
         <File>autumnNexusObjects8x8</File>
         <Index>0x426</Index>
      </Texture>
      <Sink/>
      <BlendPriority>0</BlendPriority>
      <Speed>0.7</Speed>
   </Ground>
   <Ground type="0x483e" id="HN WH WFP">
      <RandomTexture>
         <Texture>
            <File>autumnNexusObjects8x8</File>
            <Index>0x428</Index>
         </Texture>
         <Texture>
            <File>autumnNexusObjects8x8</File>
            <Index>0x429</Index>
         </Texture>
         <Texture>
            <File>autumnNexusObjects8x8</File>
            <Index>0x42a</Index>
         </Texture>
         <Texture>
            <File>autumnNexusObjects8x8</File>
            <Index>0x42b</Index>
         </Texture>
      </RandomTexture>
      <BlendPriority>0</BlendPriority>
   </Ground>
   <Ground type="0x483f" id="HN WH WFP dk">
      <RandomTexture>
         <Texture>
            <File>autumnNexusObjects8x8</File>
            <Index>0x42c</Index>
         </Texture>
         <Texture>
            <File>autumnNexusObjects8x8</File>
            <Index>0x42d</Index>
         </Texture>
         <Texture>
            <File>autumnNexusObjects8x8</File>
            <Index>0x42e</Index>
         </Texture>
         <Texture>
            <File>autumnNexusObjects8x8</File>
            <Index>0x42f</Index>
         </Texture>
      </RandomTexture>
      <BlendPriority>2</BlendPriority>
   </Ground>
   <Ground type="0x4840" id="AN StP">
      <RandomTexture>
         <Texture>
            <File>autumnNexusObjects8x8</File>
            <Index>0x440</Index>
         </Texture>
         <Texture>
            <File>autumnNexusObjects8x8</File>
            <Index>0x441</Index>
         </Texture>
         <Texture>
            <File>autumnNexusObjects8x8</File>
            <Index>0x442</Index>
         </Texture>
         <Texture>
            <File>autumnNexusObjects8x8</File>
            <Index>0x443</Index>
         </Texture>
         <Texture>
            <File>autumnNexusObjects8x8</File>
            <Index>0x444</Index>
         </Texture>
      </RandomTexture>
      <BlendPriority>0</BlendPriority>
   </Ground>
   <Ground type="0x4841" id="AN StP2">
      <RandomTexture>
         <Texture>
            <File>autumnNexusObjects8x8</File>
            <Index>0x445</Index>
         </Texture>
         <Texture>
            <File>autumnNexusObjects8x8</File>
            <Index>0x446</Index>
         </Texture>
         <Texture>
            <File>autumnNexusObjects8x8</File>
            <Index>0x447</Index>
         </Texture>
         <Texture>
            <File>autumnNexusObjects8x8</File>
            <Index>0x448</Index>
         </Texture>
         <Texture>
            <File>autumnNexusObjects8x8</File>
            <Index>0x449</Index>
         </Texture>
         <Texture>
            <File>autumnNexusObjects8x8</File>
            <Index>0x455</Index>
         </Texture>
         <Texture>
            <File>autumnNexusObjects8x8</File>
            <Index>0x456</Index>
         </Texture>
         <Texture>
            <File>autumnNexusObjects8x8</File>
            <Index>0x457</Index>
         </Texture>
      </RandomTexture>
      <BlendPriority>0</BlendPriority>
   </Ground>
   <Ground type="0x4842" id="AN StP3">
      <RandomTexture>
         <Texture>
            <File>autumnNexusObjects8x8</File>
            <Index>0x44a</Index>
         </Texture>
         <Texture>
            <File>autumnNexusObjects8x8</File>
            <Index>0x44b</Index>
         </Texture>
         <Texture>
            <File>autumnNexusObjects8x8</File>
            <Index>0x44c</Index>
         </Texture>
         <Texture>
            <File>autumnNexusObjects8x8</File>
            <Index>0x44d</Index>
         </Texture>
         <Texture>
            <File>autumnNexusObjects8x8</File>
            <Index>0x44e</Index>
         </Texture>
         <Texture>
            <File>autumnNexusObjects8x8</File>
            <Index>0x45a</Index>
         </Texture>
         <Texture>
            <File>autumnNexusObjects8x8</File>
            <Index>0x45b</Index>
         </Texture>
         <Texture>
            <File>autumnNexusObjects8x8</File>
            <Index>0x45c</Index>
         </Texture>
      </RandomTexture>
      <BlendPriority>0</BlendPriority>
   </Ground>
   <Ground type="0x4843" id="AN StP4">
      <RandomTexture>
         <Texture>
            <File>autumnNexusObjects8x8</File>
            <Index>0x450</Index>
         </Texture>
         <Texture>
            <File>autumnNexusObjects8x8</File>
            <Index>0x451</Index>
         </Texture>
         <Texture>
            <File>autumnNexusObjects8x8</File>
            <Index>0x452</Index>
         </Texture>
         <Texture>
            <File>autumnNexusObjects8x8</File>
            <Index>0x453</Index>
         </Texture>
         <Texture>
            <File>autumnNexusObjects8x8</File>
            <Index>0x454</Index>
         </Texture>
         <Texture>
            <File>autumnNexusObjects8x8</File>
            <Index>0x45d</Index>
         </Texture>
         <Texture>
            <File>autumnNexusObjects8x8</File>
            <Index>0x45e</Index>
         </Texture>
         <Texture>
            <File>autumnNexusObjects8x8</File>
            <Index>0x45f</Index>
         </Texture>
      </RandomTexture>
      <BlendPriority>0</BlendPriority>
   </Ground>
   <Ground type="0x4844" id="AN WBrL">
      <RandomTexture>
         <Texture>
            <File>autumnNexusObjects8x8</File>
            <Index>0x463</Index>
         </Texture>
         <Texture>
            <File>autumnNexusObjects8x8</File>
            <Index>0x464</Index>
         </Texture>
         <Texture>
            <File>autumnNexusObjects8x8</File>
            <Index>0x465</Index>
         </Texture>
         <Texture>
            <File>autumnNexusObjects8x8</File>
            <Index>0x466</Index>
         </Texture>
      </RandomTexture>
      <BlendPriority>0</BlendPriority>
   </Ground>
   <Ground type="0x4845" id="AN WBrL Spd">
      <RandomTexture>
         <Texture>
            <File>autumnNexusObjects8x8</File>
            <Index>0x463</Index>
         </Texture>
         <Texture>
            <File>autumnNexusObjects8x8</File>
            <Index>0x464</Index>
         </Texture>
         <Texture>
            <File>autumnNexusObjects8x8</File>
            <Index>0x465</Index>
         </Texture>
         <Texture>
            <File>autumnNexusObjects8x8</File>
            <Index>0x466</Index>
         </Texture>
      </RandomTexture>
      <BlendPriority>0</BlendPriority>
   </Ground>
   <Ground type="0x4846" id="AN WdTL">
      <Texture>
         <File>autumnNexusObjects8x8</File>
         <Index>0x462</Index>
      </Texture>
      <BlendPriority>0</BlendPriority>
   </Ground>
   <Ground type="0x4847" id="AN WdTL Spd">
      <Texture>
         <File>autumnNexusObjects8x8</File>
         <Index>0x462</Index>
      </Texture>
      <BlendPriority>0</BlendPriority>
      <Speed>1.4</Speed>
   </Ground>
</GroundTypes>
