<Particles>
	<Particle id="SwirlingMist">
		<Texture><File>lofiParts</File><Index>0x00</Index></Texture>
		<Animation prob=".5" period="0">
			<Frame time="0.2"><Texture><File>lofiParts</File><Index>0x01</Index></Texture></Frame>
			<Frame time="0.2"><Texture><File>lofiParts</File><Index>0x02</Index></Texture></Frame>
			<Frame time="0.2"><Texture><File>lofiParts</File><Index>0x03</Index></Texture></Frame>
			<Frame time="0.2"><Texture><File>lofiParts</File><Index>0x04</Index></Texture></Frame>
			<Frame time="0.2"><Texture><File>lofiParts</File><Index>0x05</Index></Texture></Frame>
			
			<Frame time="0.2"><Texture><File>lofiParts</File><Index>0x06</Index></Texture></Frame>
			<Frame time="0.2"><Texture><File>lofiParts</File><Index>0x00</Index></Texture></Frame>
			<Frame time="0.2"><Texture><File>lofiParts</File><Index>0x07</Index></Texture></Frame>
			<Frame time="0.2"><Texture><File>lofiParts</File><Index>0x08</Index></Texture></Frame>
			<Frame time="0.2"><Texture><File>lofiParts</File><Index>0x09</Index></Texture></Frame>
			
			<Frame time="0.2"><Texture><File>lofiParts</File><Index>0x0a</Index></Texture></Frame>
			<Frame time="0.2"><Texture><File>lofiParts</File><Index>0x0b</Index></Texture></Frame>
			<Frame time="0.2"><Texture><File>lofiParts</File><Index>0x0c</Index></Texture></Frame>
			<Frame time="0.2"><Texture><File>lofiParts</File><Index>0x0d</Index></Texture></Frame>
			<Frame time="1"><Texture><File>invisible</File><Index>0</Index></Texture></Frame>
		</Animation>
		<Animation prob=".5" period="0">
			<Frame time="0.2"><Texture><File>lofiParts</File><Index>0x01</Index></Texture></Frame>
			<Frame time="0.2"><Texture><File>lofiParts</File><Index>0x03</Index></Texture></Frame>
			<Frame time="0.2"><Texture><File>lofiParts</File><Index>0x04</Index></Texture></Frame>
			<Frame time="0.2"><Texture><File>lofiParts</File><Index>0x05</Index></Texture></Frame>
	
			<Frame time="0.2"><Texture><File>lofiParts</File><Index>0x06</Index></Texture></Frame>
			<Frame time="0.2"><Texture><File>lofiParts</File><Index>0x07</Index></Texture></Frame>
			<Frame time="0.2"><Texture><File>lofiParts</File><Index>0x08</Index></Texture></Frame>
			
			<Frame time="0.2"><Texture><File>lofiParts</File><Index>0x0a</Index></Texture></Frame>
			<Frame time="0.2"><Texture><File>lofiParts</File><Index>0x0b</Index></Texture></Frame>
			<Frame time="0.2"><Texture><File>lofiParts</File><Index>0x0c</Index></Texture></Frame>
			<Frame time="0.2"><Texture><File>lofiParts</File><Index>0x0d</Index></Texture></Frame>
			<Frame time="1.2"><Texture><File>invisible</File><Index>0</Index></Texture></Frame>
		</Animation>
		<Size>100</Size>
		<Z>0.2</Z>
		<Flying/>
		<Duration>3.0</Duration>
		<Movement speed="0.1">RandomDirection</Movement>
	</Particle>
	  <Particle id="Steam">
    <Texture>
      <File>HanamiParts</File>
      <Index>0x00</Index>
    </Texture>
    <Animation prob=".5" period="0">
      <Frame time="0.2">
        <Texture>
          <File>HanamiParts</File>
          <Index>0x00</Index>
        </Texture>
      </Frame>
      <Frame time="0.2">
        <Texture>
          <File>HanamiParts</File>
          <Index>0x01</Index>
        </Texture>
      </Frame>
      <Frame time="0.2">
        <Texture>
          <File>HanamiParts</File>
          <Index>0x02</Index>
        </Texture>
      </Frame>
      <Frame time="0.2">
        <Texture>
          <File>HanamiParts</File>
          <Index>0x03</Index>
        </Texture>
      </Frame>
      <Frame time="0.2">
        <Texture>
          <File>HanamiParts</File>
          <Index>0x04</Index>
        </Texture>
      </Frame>
      <Frame time="0.2">
        <Texture>
          <File>HanamiParts</File>
          <Index>0x05</Index>
        </Texture>
      </Frame>
      <Frame time="0.2">
        <Texture>
          <File>HanamiParts</File>
          <Index>0x06</Index>
        </Texture>
      </Frame>
      <Frame time="0.2">
        <Texture>
          <File>HanamiParts</File>
          <Index>0x07</Index>
        </Texture>
      </Frame>
      <Frame time="1">
        <Texture>
          <File>invisible</File>
          <Index>0</Index>
        </Texture>
      </Frame>
    </Animation>
    <Animation prob=".5" period="0">
      <Frame time="0.2">
        <Texture>
          <File>HanamiParts</File>
          <Index>0x00</Index>
        </Texture>
      </Frame>
      <Frame time="0.2">
        <Texture>
          <File>HanamiParts</File>
          <Index>0x01</Index>
        </Texture>
      </Frame>
      <Frame time="0.2">
        <Texture>
          <File>HanamiParts</File>
          <Index>0x02</Index>
        </Texture>
      </Frame>
      <Frame time="0.2">
        <Texture>
          <File>HanamiParts</File>
          <Index>0x03</Index>
        </Texture>
      </Frame>
      <Frame time="0.2">
        <Texture>
          <File>HanamiParts</File>
          <Index>0x04</Index>
        </Texture>
      </Frame>
      <Frame time="0.2">
        <Texture>
          <File>HanamiParts</File>
          <Index>0x05</Index>
        </Texture>
      </Frame>
      <Frame time="0.2">
        <Texture>
          <File>HanamiParts</File>
          <Index>0x06</Index>
        </Texture>
      </Frame>
      <Frame time="0.2">
        <Texture>
          <File>HanamiParts</File>
          <Index>0x07</Index>
        </Texture>
      </Frame>
      <Frame time="1.2">
        <Texture>
          <File>invisible</File>
          <Index>0</Index>
        </Texture>
      </Frame>
    </Animation>
    <Size>100</Size>
    <Z>0.2</Z>
    <Flying/>
    <Duration>2.6</Duration>
  </Particle>

 <Particle id="Dirt">
     <Texture>
      <File>HanamiParts</File>
      <Index>0x00</Index>
    </Texture>
    <Animation prob=".5" period="0">
      <Frame time="0.2">
        <Texture>
          <File>HanamiParts</File>
          <Index>0x00</Index>
        </Texture>
      </Frame>
      <Frame time="0.2">
        <Texture>
          <File>HanamiParts</File>
          <Index>0x01</Index>
        </Texture>
      </Frame>
      <Frame time="0.2">
        <Texture>
          <File>HanamiParts</File>
          <Index>0x02</Index>
        </Texture>
      </Frame>
      <Frame time="0.2">
        <Texture>
          <File>HanamiParts</File>
          <Index>0x03</Index>
        </Texture>
      </Frame>
      <Frame time="0.2">
        <Texture>
          <File>HanamiParts</File>
          <Index>0x04</Index>
        </Texture>
      </Frame>
      <Frame time="0.2">
        <Texture>
          <File>HanamiParts</File>
          <Index>0x05</Index>
        </Texture>
      </Frame>
      <Frame time="0.2">
        <Texture>
          <File>HanamiParts</File>
          <Index>0x06</Index>
        </Texture>
      </Frame>
      <Frame time="0.2">
        <Texture>
          <File>HanamiParts</File>
          <Index>0x07</Index>
        </Texture>
      </Frame>
      <Frame time="1">
        <Texture>
          <File>invisible</File>
          <Index>0</Index>
        </Texture>
      </Frame>
    </Animation>
    <Animation prob=".5" period="0">
      <Frame time="0.2">
        <Texture>
          <File>HanamiParts</File>
          <Index>0x00</Index>
        </Texture>
      </Frame>
      <Frame time="0.2">
        <Texture>
          <File>HanamiParts</File>
          <Index>0x01</Index>
        </Texture>
      </Frame>
      <Frame time="0.2">
        <Texture>
          <File>HanamiParts</File>
          <Index>0x02</Index>
        </Texture>
      </Frame>
      <Frame time="0.2">
        <Texture>
          <File>HanamiParts</File>
          <Index>0x03</Index>
        </Texture>
      </Frame>
      <Frame time="0.2">
        <Texture>
          <File>HanamiParts</File>
          <Index>0x04</Index>
        </Texture>
      </Frame>
      <Frame time="0.2">
        <Texture>
          <File>HanamiParts</File>
          <Index>0x05</Index>
        </Texture>
      </Frame>
      <Frame time="0.2">
        <Texture>
          <File>HanamiParts</File>
          <Index>0x06</Index>
        </Texture>
      </Frame>
      <Frame time="0.2">
        <Texture>
          <File>HanamiParts</File>
          <Index>0x07</Index>
        </Texture>
      </Frame>
      <Frame time="1.2">
        <Texture>
          <File>invisible</File>
          <Index>0</Index>
        </Texture>
      </Frame>
    </Animation>
    <Size>100</Size>
    <Z>-0.5</Z>
    <Flying/>
    <Duration>2.6</Duration>
    <Movement speed="0.2">RandomDirection</Movement>
  </Particle>

</Particles>
