<?xml version="1.0" encoding="ISO-8859-1"?>

<GroundTypes>
   <Ground type="0xab56" id="Library Carpet Red">
      <SameTypeEdgeMode/>
      <Texture>
         <File>cursedLibraryObjects8x8</File>
         <Index>0x07</Index>
      </Texture>
      <Edge>
         <Texture>
            <File>cursedLibraryObjects8x8</File>
            <Index>0x08</Index>
         </Texture>
      </Edge>
      <Corner>
         <Texture>
            <File>cursedLibraryObjects8x8</File>
            <Index>0x0a</Index>
         </Texture>
      </Corner>
      <InnerCorner>
         <Texture>
            <File>cursedLibraryObjects8x8</File>
            <Index>0x09</Index>
         </Texture>
      </InnerCorner>
   </Ground>
   <Ground type="0xab57" id="Library Carpet Blue">
      <SameTypeEdgeMode/>
      <Texture>
         <File>cursedLibraryObjects8x8</File>
         <Index>0x0b</Index>
      </Texture>
      <Edge>
         <Texture>
            <File>cursedLibraryObjects8x8</File>
            <Index>0x0c</Index>
         </Texture>
      </Edge>
      <Corner>
         <Texture>
            <File>cursedLibraryObjects8x8</File>
            <Index>0x0e</Index>
         </Texture>
      </Corner>
      <InnerCorner>
         <Texture>
            <File>cursedLibraryObjects8x8</File>
            <Index>0x0d</Index>
         </Texture>
      </InnerCorner>
   </Ground>
   <Ground type="0xab58" id="Library Slabs Very Light">
      <Texture>
         <File>cursedLibraryObjects8x8</File>
         <Index>0x03</Index>
      </Texture>
      <Edge>
         <Texture>
            <File>cursedLibraryObjects8x8</File>
            <Index>0x35</Index>
         </Texture>
      </Edge>
      <Corner>
         <Texture>
            <File>cursedLibraryObjects8x8</File>
            <Index>0x36</Index>
         </Texture>
      </Corner>
   </Ground>
   <Ground type="0xab59" id="Library Slabs Light">
      <Texture>
         <File>cursedLibraryObjects8x8</File>
         <Index>0x04</Index>
      </Texture>
      <Edge>
         <Texture>
            <File>cursedLibraryObjects8x8</File>
            <Index>0x35</Index>
         </Texture>
      </Edge>
      <Corner>
         <Texture>
            <File>cursedLibraryObjects8x8</File>
            <Index>0x36</Index>
         </Texture>
      </Corner>
   </Ground>
   <Ground type="0xab5a" id="Library Slabs Dark">
      <Texture>
         <File>cursedLibraryObjects8x8</File>
         <Index>0x05</Index>
      </Texture>
      <Edge>
         <Texture>
            <File>cursedLibraryObjects8x8</File>
            <Index>0x37</Index>
         </Texture>
      </Edge>
      <Corner>
         <Texture>
            <File>cursedLibraryObjects8x8</File>
            <Index>0x38</Index>
         </Texture>
      </Corner>
   </Ground>
   <Ground type="0xab5b" id="Library Slabs Very Dark">
      <Texture>
         <File>cursedLibraryObjects8x8</File>
         <Index>0x06</Index>
      </Texture>
      <Edge>
         <Texture>
            <File>cursedLibraryObjects8x8</File>
            <Index>0x37</Index>
         </Texture>
      </Edge>
      <Corner>
         <Texture>
            <File>cursedLibraryObjects8x8</File>
            <Index>0x38</Index>
         </Texture>
      </Corner>
   </Ground>
   <Ground type="0xab5c" id="Library Tile Dark">
      <Texture>
         <File>cursedLibraryObjects8x8</File>
         <Index>0x00</Index>
      </Texture>
      <Edge>
         <Texture>
            <File>cursedLibraryObjects8x8</File>
            <Index>0x35</Index>
         </Texture>
      </Edge>
      <Corner>
         <Texture>
            <File>cursedLibraryObjects8x8</File>
            <Index>0x36</Index>
         </Texture>
      </Corner>
   </Ground>
   <Ground type="0xab5d" id="Library Bookshelf Top">
      <Texture>
         <File>cursedLibraryObjects8x8</File>
         <Index>0x0f</Index>
      </Texture>
      <Edge>
         <Texture>
            <File>cursedLibraryObjects8x8</File>
            <Index>0x37</Index>
         </Texture>
      </Edge>
      <Corner>
         <Texture>
            <File>cursedLibraryObjects8x8</File>
            <Index>0x38</Index>
         </Texture>
      </Corner>
   </Ground>
   <Ground type="0xab5e" id="Library Bookshelf Top Warning">
      <Texture>
         <File>cursedLibraryObjects8x8</File>
         <Index>0x39</Index>
      </Texture>
      <Edge>
         <Texture>
            <File>cursedLibraryObjects8x8</File>
            <Index>0x35</Index>
         </Texture>
      </Edge>
      <Corner>
         <Texture>
            <File>cursedLibraryObjects8x8</File>
            <Index>0x36</Index>
         </Texture>
      </Corner>
   </Ground>
   <Ground type="0xab5f" id="Library Slabs Dark ST">
      <Texture>
         <File>cursedLibraryObjects8x8</File>
         <Index>0x3f</Index>
      </Texture>
      <Edge>
         <Texture>
            <File>cursedLibraryObjects8x8</File>
            <Index>0x37</Index>
         </Texture>
      </Edge>
      <Corner>
         <Texture>
            <File>cursedLibraryObjects8x8</File>
            <Index>0x38</Index>
         </Texture>
      </Corner>
   </Ground>
   <Ground type="0xab60" id="Library Slabs Dark SL">
      <Texture>
         <File>cursedLibraryObjects8x8</File>
         <Index>0x40</Index>
      </Texture>
      <Edge>
         <Texture>
            <File>cursedLibraryObjects8x8</File>
            <Index>0x37</Index>
         </Texture>
      </Edge>
      <Corner>
         <Texture>
            <File>cursedLibraryObjects8x8</File>
            <Index>0x38</Index>
         </Texture>
      </Corner>
   </Ground>
   <Ground type="0xab61" id="Library Slabs Dark SB">
      <Texture>
         <File>cursedLibraryObjects8x8</File>
         <Index>0x41</Index>
      </Texture>
      <Edge>
         <Texture>
            <File>cursedLibraryObjects8x8</File>
            <Index>0x37</Index>
         </Texture>
      </Edge>
      <Corner>
         <Texture>
            <File>cursedLibraryObjects8x8</File>
            <Index>0x38</Index>
         </Texture>
      </Corner>
   </Ground>
   <Ground type="0xab62" id="Library Slabs Dark SR">
      <Texture>
         <File>cursedLibraryObjects8x8</File>
         <Index>0x42</Index>
      </Texture>
      <Edge>
         <Texture>
            <File>cursedLibraryObjects8x8</File>
            <Index>0x37</Index>
         </Texture>
      </Edge>
      <Corner>
         <Texture>
            <File>cursedLibraryObjects8x8</File>
            <Index>0x38</Index>
         </Texture>
      </Corner>
   </Ground>
   <Ground type="0xab63" id="Library Slabs Dark STL">
      <Texture>
         <File>cursedLibraryObjects8x8</File>
         <Index>0x43</Index>
      </Texture>
   </Ground>
   <Ground type="0xab64" id="Library Slabs Dark STR">
      <Texture>
         <File>cursedLibraryObjects8x8</File>
         <Index>0x44</Index>
      </Texture>
   </Ground>
   <Ground type="0xab65" id="Library Slabs Dark SBR">
      <Texture>
         <File>cursedLibraryObjects8x8</File>
         <Index>0x45</Index>
      </Texture>
   </Ground>
   <Ground type="0xab66" id="Library Slabs Dark SBL">
      <Texture>
         <File>cursedLibraryObjects8x8</File>
         <Index>0x46</Index>
      </Texture>
   </Ground>
</GroundTypes>
