<?xml version="1.0" encoding="ISO-8859-1"?>

<Objects>
   <Object type="0x01ff" id="Sheep">
      <Group>Sheep</Group>
      <Class>Character</Class>
      <AnimatedTexture>
         <File>chars8x8rBeach</File>
         <Index>0</Index>
      </AnimatedTexture>
      <Size>100</Size>
   </Object>
   <Object type="0x5e29" id="Halloween Bat">
      <Class>Character</Class>
      <AnimatedTexture>
         <File>chars8x8rEncounters</File>
         <Index>26</Index>
      </AnimatedTexture>
      <Z>0.24</Z>
      <Flying/>
      <Size>80</Size>
      <ShadowSize>80</ShadowSize>
      <Color>0xFF0000</Color>
   </Object>
   <Object type="0x074c" id="Nexus Turkey">
      <DisplayId>Turkey</DisplayId>
      <Class>Character</Class>
      <AnimatedTexture>
         <File>chars8x8rPets1</File>
         <Index>44</Index>
      </AnimatedTexture>
      <Size>110</Size>
   </Object>
   <Object type="0x074d" id="Winter Bunny">
      <Class>Character</Class>
      <AnimatedTexture>
         <File>chars8x8rEncounters</File>
         <Index>82</Index>
      </AnimatedTexture>
      <Size>110</Size>
   </Object>
   <Object type="0x18f9" id="Holloween Big Jacko">
      <Class>GameObject</Class>
      <Model>Jacko</Model>
      <Texture>
         <File>lofiObjBig</File>
         <Index>0x89</Index>
      </Texture>
      <Static/>
      <OccupySquare/>
      <EnemyOccupySquare/>
      <ShadowSize>0</ShadowSize>
   </Object>
   <Object type="0x222a" id="Pumpkin1">
      <DisplayId>Creepy Talking Jack-O-Lantern</DisplayId>
      <Class>GameObject</Class>
      <Texture>
         <File>invisible</File>
         <Index>0</Index>
      </Texture>
      <Size>-1</Size>
   </Object>
   <Object type="0x0e78" id="Nexus Crier">
      <Class>Character</Class>
      <AnimatedTexture>
         <File>chars8x8rEncounters</File>
         <Index>83</Index>
      </AnimatedTexture>
      <AltTexture id="1">
         <AnimatedTexture>
            <File>chars8x8rEncounters</File>
            <Index>84</Index>
         </AnimatedTexture>
      </AltTexture>
      <Size>140</Size>
      <ShadowSize>50</ShadowSize>
   </Object>
   <Object type="0x0c5a" id="Guill Hearticles">
      <Class>GameObject</Class>
      <Effect color="0x49290f" color2="0x753719" minRadius="0.2" maxRadius="2" rise="0.9" life="3.0" amount="40">Heart</Effect>
      <Texture>
         <File>invisible</File>
         <Index>0</Index>
      </Texture>
      <Size>-1</Size>
   </Object>
   <Object type="0x0cd7" id="Guill Cooldowns Pots">
      <Class>GameObject</Class>
      <Texture>
         <File>invisible</File>
         <Index>0</Index>
      </Texture>
      <Size>0</Size>
   </Object>
   <Object type="0x0cd8" id="Guill Cooldowns Jump">
      <Class>GameObject</Class>
      <Texture>
         <File>invisible</File>
         <Index>0</Index>
      </Texture>
      <Size>0</Size>
   </Object>
   <Object type="0x0cd9" id="Guill Cooldowns Oryx">
      <Class>GameObject</Class>
      <Texture>
         <File>invisible</File>
         <Index>0</Index>
      </Texture>
      <Size>0</Size>
   </Object>
   <Object type="0x0807" id="Guill">
      <Class>Character</Class>
      <AnimatedTexture>
         <File>d3Chars8x8rEmbed</File>
         <Index>17</Index>
      </AnimatedTexture>
      <AltTexture id="1">
         <AnimatedTexture>
            <File>d3Chars8x8rEmbed</File>
            <Index>18</Index>
         </AnimatedTexture>
      </AltTexture>
      <Projectile id="0">
         <ObjectId>Invisible</ObjectId>
         <Speed>0</Speed>
         <Damage>0</Damage>
      </Projectile>
      <Sound id="0">monster/oryx_death</Sound>
      <Size>140</Size>
      <ShadowSize>50</ShadowSize>
   </Object>
   <Object type="0xc1b" id="Guill Potion Gift">
      <Class>Character</Class>
      <StasisImmune/>
      <Enemy/>
      <MaxHitPoints>2000</MaxHitPoints>
      <Exp>0</Exp>
      <Size>80</Size>
      <Texture>
         <File>lofiObj</File>
         <Index>0x02</Index>
      </Texture>
   </Object>
   <Object type="0x0c26" id="Craig Portal">
      <Class>GameObject</Class>
      <Texture>
         <File>d3LofiObjEmbed</File>
         <Index>0xea</Index>
      </Texture>
      <ShadowSize>0</ShadowSize>
      <AltTexture id="0">
         <Texture>
            <File>d3LofiObjEmbed</File>
            <Index>0xea</Index>
         </Texture>
      </AltTexture>
      <AltTexture id="1">
         <Texture>
            <File>d3LofiObjEmbed</File>
            <Index>0xe9</Index>
         </Texture>
      </AltTexture>
      <AltTexture id="2">
         <Texture>
            <File>d3LofiObjEmbed</File>
            <Index>0xe8</Index>
         </Texture>
      </AltTexture>
      <AltTexture id="3">
         <Texture>
            <File>d3LofiObjEmbed</File>
            <Index>0xe7</Index>
         </Texture>
      </AltTexture>
      <AltTexture id="4">
         <Texture>
            <File>d3LofiObjEmbed</File>
            <Index>0xe6</Index>
         </Texture>
      </AltTexture>
      <AltTexture id="5">
         <Texture>
            <File>invisible</File>
            <Index>0</Index>
         </Texture>
      </AltTexture>
   </Object>
   <Object type="0x0c5e" id="Craig">
      <Class>Character</Class>
      <AnimatedTexture>
         <File>d3Chars8x8rEmbed</File>
         <Index>19</Index>
      </AnimatedTexture>
      <ShadowSize>50</ShadowSize>
   </Object>
   <Object type="0x74a2" id="GTest">
      <Class>Character</Class>
      <Enemy/>
      <Texture>
         <File>invisible</File>
         <Index>0</Index>
      </Texture>
      <Size>0</Size>
      <NoMiniMap/>
      <MaxHitPoints>999999</MaxHitPoints>
      <Defense>999</Defense>
      <Exp>0</Exp>
   </Object>
   <Object type="0x5f2a" id="OverHere">
      <Class>Character</Class>
      <Enemy/>
      <Texture>
         <File>invisible</File>
         <Index>0</Index>
      </Texture>
      <Size>0</Size>
      <NoMiniMap/>
      <MaxHitPoints>250000</MaxHitPoints>
      <Defense>30</Defense>
      <Exp>0</Exp>
   </Object>
</Objects>
