<?xml version="1.0" encoding="ISO-8859-1"?>

<GroundTypes>
   <Ground type="0x202c" id="Ohorde Poison">
      <DisplayId>Oryx Poison</DisplayId>
      <Texture>
         <File>oryxHordeObjects8x8</File>
         <Index>0x1a</Index>
      </Texture>
      <MinDamage>45</MinDamage>
      <MaxDamage>45</MaxDamage>
      <Animate dx=".33" dy=".33">Flow</Animate>
      <Sink/>
      <Speed>.666</Speed>
   </Ground>
   <Ground type="0x280d" id="XMAS Dragon Tile Cream">
      <Texture>
         <File>oryxHordeObjects8x8</File>
         <Index>0x2e</Index>
      </Texture>
   </Ground>
   <Ground type="0x280e" id="XMAS Dragon Tile Cream 2">
      <Texture>
         <File>oryxHordeObjects8x8</File>
         <Index>0x3e</Index>
      </Texture>
   </Ground>
</GroundTypes>
