<?xml version="1.0" encoding="ISO-8859-1"?>

<Objects>
   <Object type="0x0715" id="Decoy">
      <Class>Character</Class>
      <AnimatedTexture>
         <File>players</File>
         <Index>11</Index>
      </AnimatedTexture>
      <Friendly/>
      <CanUseTexes/>
      <NoMiniMap/>
   </Object>
   <Object type="0x755f" id="Dire Decoy">
      <Class>Character</Class>
      <Texture>
         <File>d3LofiObjEmbed</File>
         <Index>0x2c</Index>
      </Texture>
      <Friendly/>
      <NoMiniMap/>
   </Object>
   <Object type="0xb101" id="Golem Decoy 2">
      <Class>GameObject</Class>
      <Texture>
         <File>lostHallsObjects8x8</File>
         <Index>0xbe</Index>
      </Texture>
      <Friendly/>
   </Object>
   <Object type="0xb053" id="Eye of Marble">
      <Class>GameObject</Class>
      <Texture>
         <File>lostHallsObjects16x16</File>
         <Index>0x00</Index>
      </Texture>
      <Size>140</Size>
      <ShadowSize>80</ShadowSize>
      <Effect color="0xFFDF3F" rate="15" life=".5" lifeVariance="0" speed="0" speedVariance="0" size="8" rise="0" riseAcc="0" riseVariance="0" rangeX="4" rangeY="4">CustomParticles</Effect>
   </Object>
   <Object type="0x9f9" id="CR Friendly Cnidarian">
      <Class>GameObject</Class>
      <Texture>
         <File>cnidarianReefObjects8x8</File>
         <Index>0x24</Index>
      </Texture>
      <AltTexture id="1">
         <Texture>
            <File>cnidarianReefObjects8x8</File>
            <Index>0x25</Index>
         </Texture>
      </AltTexture>
      <Size>85</Size>
      <ShadowColor>0xFFA447</ShadowColor>
   </Object>
   <Object type="0x367f" id="Heart Decoy">
      <Class>Character</Class>
      <AnimatedTexture>
         <File>oryxHordeChars8x8</File>
         <Index>19</Index>
      </AnimatedTexture>
      <Friendly/>
      <NoMiniMap/>
   </Object>
   <Object type="0x1400" id="Purple Drake">
      <Class>Character</Class>
      <Texture>
         <File>lofiChar216x8</File>
         <Index>0x30</Index>
      </Texture>
      <Flying/>
      <Z>0.2</Z>
      <NoMiniMap/>
   </Object>
   <Object type="0x1401" id="White Drake">
      <Class>Character</Class>
      <Texture>
         <File>lofiChar216x8</File>
         <Index>0x31</Index>
      </Texture>
      <Flying/>
      <Z>0.2</Z>
      <NoMiniMap/>
   </Object>
   <Object type="0x1402" id="Blue Drake">
      <Class>Character</Class>
      <Texture>
         <File>lofiChar216x8</File>
         <Index>0x32</Index>
      </Texture>
      <Flying/>
      <Z>0.2</Z>
      <NoMiniMap/>
   </Object>
   <Object type="0x1403" id="Orange Drake">
      <Class>Character</Class>
      <Texture>
         <File>lofiChar216x8</File>
         <Index>0x33</Index>
      </Texture>
      <Flying/>
      <Z>0.2</Z>
      <NoMiniMap/>
   </Object>
   <Object type="0x1404" id="Green Drake">
      <Class>Character</Class>
      <Texture>
         <File>lofiChar216x8</File>
         <Index>0x34</Index>
      </Texture>
      <Flying/>
      <Z>0.2</Z>
      <NoMiniMap/>
   </Object>
   <Object type="0x1405" id="Yellow Drake">
      <Class>Character</Class>
      <Texture>
         <File>lofiChar216x8</File>
         <Index>0x35</Index>
      </Texture>
      <Flying/>
      <Z>0.2</Z>
      <NoMiniMap/>
   </Object>
   <Object type="0x1406" id="Red Drake">
      <Class>Character</Class>
      <AnimatedTexture>
         <File>chars16x8rEncounters</File>
         <Index>0</Index>
      </AnimatedTexture>
      <Flying/>
      <Z>0.2</Z>
      <NoMiniMap/>
   </Object>
   <Object type="0x1407" id="Lil Firecracker">
      <Class>Character</Class>
      <Texture>
         <File>invisible</File>
         <Index>0</Index>
      </Texture>
      <NoMiniMap/>
      <Sound id="0">weapon/firework</Sound>
      <ShadowSize>0</ShadowSize>
      <Size>0</Size>
   </Object>
   <Object type="0x1408" id="Big Firecracker">
      <Class>Character</Class>
      <Texture>
         <File>invisible</File>
         <Index>0</Index>
      </Texture>
      <NoMiniMap/>
      <Sound id="0">weapon/firework</Sound>
      <ShadowSize>0</ShadowSize>
      <Size>0</Size>
   </Object>
   <Object type="0x1409" id="Spirit Prism Bomb">
      <Class>Character</Class>
      <Texture>
         <File>lofiObj3</File>
         <Index>0xce</Index>
      </Texture>
      <Animation prob="1" period="0.4">
         <Frame time="0.2">
            <Texture>
               <File>lofiObj3</File>
               <Index>0xcf</Index>
            </Texture>
         </Frame>
         <Frame time="0.2">
            <Texture>
               <File>lofiObj3</File>
               <Index>0xd6</Index>
            </Texture>
         </Frame>
      </Animation>
      <NoMiniMap/>
      <Sound id="0">weapon/fire_wand</Sound>
      <ShadowSize>70</ShadowSize>
      <Size>100</Size>
   </Object>
   <Object type="0x140a" id="Sand Castle">
      <Class>Character</Class>
      <RandomTexture>
         <Texture>
            <File>lofiObj3</File>
            <Index>0x194</Index>
         </Texture>
         <Texture>
            <File>lofiObj3</File>
            <Index>0x195</Index>
         </Texture>
         <Texture>
            <File>lofiObj3</File>
            <Index>0x196</Index>
         </Texture>
         <Texture>
            <File>lofiObj3</File>
            <Index>0x197</Index>
         </Texture>
         <Texture>
            <File>lofiObj3</File>
            <Index>0x198</Index>
         </Texture>
         <Texture>
            <File>lofiObjBig</File>
            <Index>0x47</Index>
         </Texture>
         <Texture>
            <File>lofiObjBig</File>
            <Index>0x48</Index>
         </Texture>
         <Texture>
            <File>lofiObjBig</File>
            <Index>0x49</Index>
         </Texture>
         <Texture>
            <File>lofiObjBig</File>
            <Index>0x4a</Index>
         </Texture>
      </RandomTexture>
      <NoMiniMap/>
      <ShadowSize>0</ShadowSize>
      <MinSize>80</MinSize>
      <MaxSize>120</MaxSize>
   </Object>
   <Object type="0x140b" id="Rock Candy Grenade">
      <Class>Character</Class>
      <Texture>
         <File>invisible</File>
         <Index>0</Index>
      </Texture>
      <NoMiniMap/>
      <Sound id="0">weapon/firework</Sound>
      <ShadowSize>0</ShadowSize>
      <Size>0</Size>
   </Object>
   <Object type="0x140d" id="Trick in a Box">
      <Class>Character</Class>
      <Texture>
         <File>d3LofiObjEmbed</File>
         <Index>0x21</Index>
      </Texture>
      <NoMiniMap/>
      <Sound id="0">weapon/firework</Sound>
      <ShadowSize>65</ShadowSize>
      <MinSize>100</MinSize>
      <MaxSize>120</MaxSize>
   </Object>
   <Object type="0x140e" id="Trick in a Box Normal">
      <DisplayId>Trick in a Box</DisplayId>
      <Class>Character</Class>
      <Texture>
         <File>d3LofiObjEmbed</File>
         <Index>0x22</Index>
      </Texture>
      <Animation prob="1" period="0">
         <Frame time="0.1">
            <Texture>
               <File>d3LofiObjEmbed</File>
               <Index>0x22</Index>
            </Texture>
         </Frame>
         <Frame time="0.1">
            <Texture>
               <File>d3LofiObjEmbed</File>
               <Index>0x23</Index>
            </Texture>
         </Frame>
         <Frame time="0.2">
            <Texture>
               <File>d3LofiObjEmbed</File>
               <Index>0x24</Index>
            </Texture>
         </Frame>
         <Frame time="0.1">
            <Texture>
               <File>d3LofiObjEmbed</File>
               <Index>0x25</Index>
            </Texture>
         </Frame>
         <Frame time="0.1">
            <Texture>
               <File>d3LofiObjEmbed</File>
               <Index>0x26</Index>
            </Texture>
         </Frame>
      </Animation>
      <Friendly/>
      <NoMiniMap/>
      <ShadowSize>65</ShadowSize>
      <MinSize>100</MinSize>
      <MaxSize>120</MaxSize>
   </Object>
   <Object type="0x140f" id="Trick in a Box Oryx">
      <DisplayId>Oryx in a Box</DisplayId>
      <Class>Character</Class>
      <Texture>
         <File>d3LofiObjEmbed</File>
         <Index>0x27</Index>
      </Texture>
      <Animation prob="1" period="0">
         <Frame time="0.1">
            <Texture>
               <File>d3LofiObjEmbed</File>
               <Index>0x27</Index>
            </Texture>
         </Frame>
         <Frame time="0.1">
            <Texture>
               <File>d3LofiObjEmbed</File>
               <Index>0x28</Index>
            </Texture>
         </Frame>
         <Frame time="0.2">
            <Texture>
               <File>d3LofiObjEmbed</File>
               <Index>0x29</Index>
            </Texture>
         </Frame>
         <Frame time="0.1">
            <Texture>
               <File>d3LofiObjEmbed</File>
               <Index>0x2a</Index>
            </Texture>
         </Frame>
         <Frame time="0.1">
            <Texture>
               <File>d3LofiObjEmbed</File>
               <Index>0x2b</Index>
            </Texture>
         </Frame>
      </Animation>
      <Friendly/>
      <NoMiniMap/>
      <ShadowSize>65</ShadowSize>
      <MinSize>100</MinSize>
      <MaxSize>120</MaxSize>
   </Object>
   <Object type="0x1410" id="Fake White Bag">
      <Class>Character</Class>
      <NoMiniMap/>
      <Texture>
         <File>lofiObj4</File>
         <Index>0x94</Index>
      </Texture>
      <Size>80</Size>
      <Sound id="0">weapon/firework</Sound>
   </Object>
   <Object type="0x6b6" id="Dragon Chain 1">
      <Class>Character</Class>
      <Texture>
         <File>lofiChar16x8</File>
         <Index>0x7a</Index>
      </Texture>
      <Size>85</Size>
      <NoMiniMap/>
   </Object>
   <Object type="0x6b7" id="Dragon Chain 2">
      <Class>Character</Class>
      <Texture>
         <File>lofiChar16x8</File>
         <Index>0x7a</Index>
      </Texture>
      <Size>70</Size>
      <NoMiniMap/>
   </Object>
   <Object type="0x6b8" id="Dragon Chain 3">
      <Class>Character</Class>
      <Texture>
         <File>lofiChar16x8</File>
         <Index>0x7a</Index>
      </Texture>
      <Size>55</Size>
      <NoMiniMap/>
   </Object>
   <Object type="0x6b9" id="Dragon Chain 4">
      <Class>Character</Class>
      <Texture>
         <File>lofiChar16x8</File>
         <Index>0x7a</Index>
      </Texture>
      <Size>40</Size>
      <NoMiniMap/>
   </Object>
   <Object type="0x1890" id="Dasher">
      <Class>Character</Class>
      <AnimatedTexture>
         <File>oryxHordeChars8x8</File>
         <Index>11</Index>
      </AnimatedTexture>
      <Flying/>
      <Z>0.2</Z>
      <NoMiniMap/>
   </Object>
   <Object type="0x1891" id="Dancer">
      <Class>Character</Class>
      <AnimatedTexture>
         <File>oryxHordeChars8x8</File>
         <Index>12</Index>
      </AnimatedTexture>
      <Flying/>
      <Z>0.2</Z>
      <NoMiniMap/>
   </Object>
   <Object type="0x1892" id="Prancer">
      <Class>Character</Class>
      <AnimatedTexture>
         <File>oryxHordeChars8x8</File>
         <Index>13</Index>
      </AnimatedTexture>
      <Flying/>
      <Z>0.2</Z>
      <NoMiniMap/>
   </Object>
   <Object type="0x1893" id="Vixen">
      <Class>Character</Class>
      <AnimatedTexture>
         <File>oryxHordeChars8x8</File>
         <Index>14</Index>
      </AnimatedTexture>
      <Flying/>
      <Z>0.2</Z>
      <NoMiniMap/>
   </Object>
   <Object type="0x1894" id="CupidReindeer">
      <DisplayId>Cupid</DisplayId>
      <Class>Character</Class>
      <AnimatedTexture>
         <File>oryxHordeChars8x8</File>
         <Index>15</Index>
      </AnimatedTexture>
      <Flying/>
      <Z>0.2</Z>
      <NoMiniMap/>
   </Object>
   <Object type="0x1895" id="Comet">
      <Class>Character</Class>
      <AnimatedTexture>
         <File>oryxHordeChars8x8</File>
         <Index>16</Index>
      </AnimatedTexture>
      <Flying/>
      <Z>0.2</Z>
      <NoMiniMap/>
   </Object>
   <Object type="0x1896" id="Donner">
      <Class>Character</Class>
      <AnimatedTexture>
         <File>oryxHordeChars8x8</File>
         <Index>17</Index>
      </AnimatedTexture>
      <Flying/>
      <Z>0.2</Z>
      <NoMiniMap/>
   </Object>
   <Object type="0x1897" id="Rudolph">
      <Class>Character</Class>
      <AnimatedTexture>
         <File>oryxHordeChars8x8</File>
         <Index>18</Index>
      </AnimatedTexture>
      <Flying/>
      <Z>0.2</Z>
      <NoMiniMap/>
   </Object>
   <Object type="0x6063" id="Silex Chain 1">
      <Class>Character</Class>
      <AnimatedTexture>
         <File>chars8x8rPets1</File>
         <Index>175</Index>
      </AnimatedTexture>
      <Size>100</Size>
      <NoMiniMap/>
   </Object>
   <Object type="0x6064" id="Silex Chain 2">
      <Class>Character</Class>
      <AnimatedTexture>
         <File>lostHallsChars16x16</File>
         <Index>1</Index>
      </AnimatedTexture>
      <Size>70</Size>
      <NoMiniMap/>
   </Object>
   <Object type="0x6065" id="Silex Chain 3">
      <Class>Character</Class>
      <RandomTexture>
         <Texture>
            <File>lofiChar216x16</File>
            <Index>0x27</Index>
         </Texture>
         <Texture>
            <File>lofiChar216x16</File>
            <Index>0x3d</Index>
         </Texture>
      </RandomTexture>
      <Size>60</Size>
      <NoMiniMap/>
   </Object>
   <Object type="0x6067" id="Silex Chain 4">
      <Class>Character</Class>
      <RandomTexture>
         <Texture>
            <File>lofiChar216x16</File>
            <Index>0x15</Index>
         </Texture>
         <Texture>
            <File>lofiChar216x16</File>
            <Index>0x16</Index>
         </Texture>
         <Texture>
            <File>lofiChar216x16</File>
            <Index>0x17</Index>
         </Texture>
      </RandomTexture>
      <Size>50</Size>
      <NoMiniMap/>
   </Object>
   <Object type="0x23f5" id="St Patrick's Flying Hat">
      <Class>Character</Class>
      <AnimatedTexture>
         <File>chars8x8rPets1</File>
         <Index>187</Index>
      </AnimatedTexture>
      <Flying/>
      <Z>0.4</Z>
      <NoMiniMap/>
   </Object>
   <Object type="0x23f7" id="Flying Rainbow Clover">
      <Class>Character</Class>
      <AnimatedTexture>
         <File>petsDivine</File>
         <Index>68</Index>
      </AnimatedTexture>
      <Flying/>
      <Z>0.2</Z>
      <NoMiniMap/>
   </Object>
   <Object type="0x20c3" id="Aether Trap">
      <Class>Character</Class>
      <Size>-1</Size>
      <ShadowSize>100</ShadowSize>
      <Texture>
         <File>mountainTempleObjects16x16</File>
         <Index>0x60</Index>
      </Texture>
      <AltTexture id="1">
         <Texture>
            <File>mountainTempleObjects16x16</File>
            <Index>0x63</Index>
         </Texture>
      </AltTexture>
      <AltTexture id="2">
         <Texture>
            <File>mountainTempleObjects16x16</File>
            <Index>0x64</Index>
         </Texture>
      </AltTexture>
      <AltTexture id="3">
         <Texture>
            <File>mountainTempleObjects16x16</File>
            <Index>0x65</Index>
         </Texture>
      </AltTexture>
      <AltTexture id="4">
         <Texture>
            <File>mountainTempleObjects16x16</File>
            <Index>0x66</Index>
         </Texture>
      </AltTexture>
      <AltTexture id="5">
         <Texture>
            <File>mountainTempleObjects16x16</File>
            <Index>0x67</Index>
         </Texture>
      </AltTexture>
   </Object>
   <Object type="0x6227" id="Easter Bunny">
      <Class>Character</Class>
      <AnimatedTexture>
         <File>chars8x8rPets1</File>
         <Index>157</Index>
      </AnimatedTexture>
      <NoMiniMap/>
      <Size>100</Size>
   </Object>
   <Object type="0x6226" id="EH Trap Helper">
      <Class>GameObject</Class>
      <Texture>
         <File>epicHiveObjects8x8</File>
         <Index>0x66</Index>
      </Texture>
      <Size>85</Size>
      <ShadowColor>0xFFC300</ShadowColor>
   </Object>
   <Object type="0x0480" id="Healing Shroom">
      <Class>Character</Class>
      <Texture>
         <File>d2LofiObjEmbed</File>
         <Index>0x142</Index>
      </Texture>
      <HitSound>monster/ghosts_hit</HitSound>
      <DeathSound>monster/ghosts_death</DeathSound>
      <Size>100</Size>
   </Object>
   <Object type="0x04b4" id="Killer Shroom">
      <Class>GameObject</Class>
      <Texture>
         <File>d2LofiObjEmbed</File>
         <Index>0x144</Index>
      </Texture>
      <AltTexture id="1">
         <Texture>
            <File>d2LofiObjEmbed</File>
            <Index>0x144</Index>
         </Texture>
      </AltTexture>
      <AltTexture id="2">
         <Texture>
            <File>d2LofiObjEmbed</File>
            <Index>0x145</Index>
         </Texture>
      </AltTexture>
      <Size>100</Size>
   </Object>
   <Object type="0x04b7" id="Crystal Sentry">
      <Class>GameObject</Class>
      <Texture>
         <File>d2LofiObjEmbed</File>
         <Index>0x14c</Index>
      </Texture>
      <AltTexture id="1">
         <Texture>
            <File>d2LofiObjEmbed</File>
            <Index>0x14c</Index>
         </Texture>
      </AltTexture>
      <AltTexture id="2">
         <Texture>
            <File>d2LofiObjEmbed</File>
            <Index>0x14d</Index>
         </Texture>
      </AltTexture>
      <AltTexture id="3">
         <Texture>
            <File>d2LofiObjEmbed</File>
            <Index>0x14e</Index>
         </Texture>
      </AltTexture>
      <AltTexture id="4">
         <Texture>
            <File>d2LofiObjEmbed</File>
            <Index>0x14f</Index>
         </Texture>
      </AltTexture>
   </Object>
   <Object type="0x58c" id="Refraction Cloak Decoy">
      <Class>GameObject</Class>
      <Texture>
         <File>crystalCaveObjects8x8</File>
         <Index>0x9a</Index>
      </Texture>
      <Friendly/>
      <ShadowSize>65</ShadowSize>
   </Object>
   <Object type="0x58b" id="Friendly Neighborhood Gemstone">
      <Class>GameObject</Class>
      <Texture>
         <File>crystalCaveObjects8x8</File>
         <Index>0x88</Index>
      </Texture>
      <Flying/>
      <Size>80</Size>
      <Z>0.3</Z>
   </Object>
   <Object type="0x4b35" id="Mimicry Decoy">
      <Class>Character</Class>
      <AnimatedTexture>
         <File>chars16x16rEncounters</File>
         <Index>137</Index>
      </AnimatedTexture>
      <Friendly/>
      <NoMiniMap/>
   </Object>
   <Object type="0x4b38" id="Prismimic Decoy">
      <Class>Character</Class>
      <AnimatedTexture>
         <File>chars16x16rEncounters</File>
         <Index>137</Index>
      </AnimatedTexture>
      <Friendly/>
      <NoMiniMap/>
   </Object>
   <Object type="0x4b37" id="Prismimic Decoy Master">
      <Class>Character</Class>
      <Size>0</Size>
      <Texture>
         <File>lofiObj6</File>
         <Index>0xb8</Index>
      </Texture>
      <NoMiniMap/>
   </Object>
   <Object type="0x6488" id="HGolem Decoy 2">
      <Class>GameObject</Class>
      <Texture>
         <File>d2LofiObjEmbed</File>
         <Index>0x166</Index>
      </Texture>
      <Friendly/>
   </Object>
   <Object type="0x6101" id="Guided Forgotten Soul">
      <Class>Character</Class>
      <AnimatedTexture>
         <File>chars8x8rEncounters</File>
         <Index>78</Index>
      </AnimatedTexture>
      <Size>75</Size>
      <ShadowSize>75</ShadowSize>
      <Flying/>
      <Z>0.4</Z>
      <NoMiniMap/>
      <Sound id="0">monster/beholder_death</Sound>
   </Object>
   <Object id="ST Huntress Trap" type="0x1848">
      <Class>GameObject</Class>
      <AnimatedTexture>
         <File>chars16x16rEncounters</File>
         <Index>137</Index>
      </AnimatedTexture>
      <Size>0</Size>
   </Object>
   <Object type="0x64c0" id="Energized Tree">
      <Class>GameObject</Class>
      <Texture>
         <File>santaWorkshopObjects16x16</File>
         <Index>0x8a</Index>
      </Texture>
      <Size>140</Size>
      <ShadowSize>80</ShadowSize>
      <Effect color="0x6FA8DC" rate="15" life=".5" lifeVariance="0" speed="0" speedVariance="0" size="8" rise="0" riseAcc="0" riseVariance="0" rangeX="4" rangeY="4">CustomParticles</Effect>
   </Object>
   <Object type="0x64c1" id="Weak Tree">
      <Class>GameObject</Class>
      <Texture>
         <File>santaWorkshopObjects16x16</File>
         <Index>0x8b</Index>
      </Texture>
      <Size>140</Size>
      <ShadowSize>80</ShadowSize>
      <Effect color="0xC3C315" rate="15" life=".5" lifeVariance="0" speed="0" speedVariance="0" size="8" rise="0" riseAcc="0" riseVariance="0" rangeX="4" rangeY="4">CustomParticles</Effect>
   </Object>
   <Object type="0x64c2" id="Exposed Tree">
      <Class>GameObject</Class>
      <Texture>
         <File>santaWorkshopObjects16x16</File>
         <Index>0x8c</Index>
      </Texture>
      <Size>140</Size>
      <ShadowSize>80</ShadowSize>
      <Effect color="0xE50D0D" rate="15" life=".5" lifeVariance="0" speed="0" speedVariance="0" size="8" rise="0" riseAcc="0" riseVariance="0" rangeX="4" rangeY="4">CustomParticles</Effect>
   </Object>
   <Object type="0x64c3" id="Combined Tree">
      <Class>GameObject</Class>
      <Texture>
         <File>santaWorkshopObjects16x16</File>
         <Index>0x8d</Index>
      </Texture>
      <Size>140</Size>
      <ShadowSize>80</ShadowSize>
      <Effect color="0x04D604" rate="15" life=".5" lifeVariance="0" speed="0" speedVariance="0" size="8" rise="0" riseAcc="0" riseVariance="0" rangeX="4" rangeY="4">CustomParticles</Effect>
   </Object>
   <Object type="0x4b95" id="Perennial Cranium Flower">
      <Class>GameObject</Class>
      <Texture>
         <File>lofiObj3</File>
         <Index>0x608</Index>
      </Texture>
      <AltTexture id="1">
         <Texture>
            <File>lofiObj3</File>
            <Index>0x608</Index>
         </Texture>
      </AltTexture>
      <AltTexture id="2">
         <Texture>
            <File>lofiObj3</File>
            <Index>0x609</Index>
         </Texture>
      </AltTexture>
      <Size>100</Size>
   </Object>
   <Object type="0x4b99" id="Hanagasaku Bud Bomb">
      <Class>Character</Class>
      <Texture>
         <File>invisible</File>
         <Index>0</Index>
      </Texture>
      <AltTexture id="1">
         <Texture>
            <File>lofiObj3</File>
            <Index>0x602</Index>
         </Texture>
      </AltTexture>
      <AltTexture id="2">
         <Texture>
            <File>lofiObj3</File>
            <Index>0x603</Index>
         </Texture>
      </AltTexture>
      <AltTexture id="3">
         <Texture>
            <File>lofiObj3</File>
            <Index>0x604</Index>
         </Texture>
      </AltTexture>
      <AltTexture id="4">
         <Texture>
            <File>lofiObj3</File>
            <Index>0x605</Index>
         </Texture>
      </AltTexture>
      <AltTexture id="5">
         <Texture>
            <File>lofiObj3</File>
            <Index>0x606</Index>
         </Texture>
      </AltTexture>
      <AltTexture id="6">
         <Texture>
            <File>lofiObj3</File>
            <Index>0x607</Index>
         </Texture>
      </AltTexture>
      <Size>100</Size>
      <ShadowSize>0</ShadowSize>
      <NoMiniMap/>
   </Object>
   <Object type="0x6214" id="Painbow Bomb">
      <Class>GameObject</Class>
      <Texture>
         <File>stPatricksObjects8x8</File>
         <Index>0x38</Index>
      </Texture>
      <Size>100</Size>
   </Object>
</Objects>
