<?xml version="1.0" encoding="ISO-8859-1"?>

<Objects>
   <Object type="0xaffa" id="Gilded Arrow">
      <Class>Projectile</Class>
      <Texture>
         <File>theMachineObjects8x8</File>
         <Index>0x7e</Index>
      </Texture>
      <AngleCorrection>1</AngleCorrection>
      <Size>100</Size>
   </Object>
   <Object type="0xaffb" id="Mike's Gilded Arrow">
      <Class>Projectile</Class>
      <Texture>
         <File>theMachineObjects8x8</File>
         <Index>0x7f</Index>
      </Texture>
      <AngleCorrection>1</AngleCorrection>
      <Size>100</Size>
   </Object>
   <Object type="0xabf7" id="Undefined">
      <Class>Projectile</Class>
      <RandomTexture>
         <Texture>
            <File>lofiObjBig</File>
            <Index>0xc3</Index>
         </Texture>
         <Texture>
            <File>lofiProjs</File>
            <Index>0x63</Index>
         </Texture>
         <Texture>
            <File>lofiObj3</File>
            <Index>0x26c</Index>
         </Texture>
         <Texture>
            <File>secludedThicketObjects8x8</File>
            <Index>0x3a</Index>
         </Texture>
         <Texture>
            <File>lostHallsObjects8x8</File>
            <Index>0xcc</Index>
         </Texture>
         <Texture>
            <File>lofiObj2</File>
            <Index>0x72</Index>
         </Texture>
         <Texture>
            <File>epicHiveObjects8x8</File>
            <Index>0x1d</Index>
         </Texture>
         <Texture>
            <File>lofiObj3</File>
            <Index>0x55d</Index>
         </Texture>
         <Texture>
            <File>lofiObj3</File>
            <Index>0x163</Index>
         </Texture>
         <Texture>
            <File>lostHallsObjects8x8</File>
            <Index>0xa3</Index>
         </Texture>
         <Texture>
            <File>lofiObj2</File>
            <Index>0x66</Index>
         </Texture>
         <Texture>
            <File>lofiProjs</File>
            <Index>0x59</Index>
         </Texture>
         <Texture>
            <File>lofiObj3</File>
            <Index>0x24c</Index>
         </Texture>
         <Texture>
            <File>lofiProjs</File>
            <Index>0x46</Index>
         </Texture>
         <Texture>
            <File>lofiChar16x16</File>
            <Index>0x54</Index>
         </Texture>
      </RandomTexture>
      <AngleCorrection>1</AngleCorrection>
      <Size>100</Size>
   </Object>
   <Object type="0xabf8" id="Error Orb">
      <Class>Projectile</Class>
      <Texture>
         <File>theMachineObjects8x8</File>
         <Index>0x70</Index>
      </Texture>
      <Rotation>-180</Rotation>
   </Object>
   <Object type="0xabf9" id="Error Pellet">
      <Class>Projectile</Class>
      <Texture>
         <File>theMachineObjects8x8</File>
         <Index>0x71</Index>
      </Texture>
   </Object>
   <Object type="0xabfa" id="Error Blast">
      <Class>Projectile</Class>
      <Texture>
         <File>theMachineObjects8x8</File>
         <Index>0x72</Index>
      </Texture>
      <AngleCorrection>1</AngleCorrection>
   </Object>
   <Object type="0xabfb" id="Error Missile">
      <Class>Projectile</Class>
      <Texture>
         <File>theMachineObjects8x8</File>
         <Index>0x73</Index>
      </Texture>
      <AngleCorrection>1</AngleCorrection>
   </Object>
   <Object type="0xabfc" id="Error Star">
      <Class>Projectile</Class>
      <Texture>
         <File>theMachineObjects8x8</File>
         <Index>0x74</Index>
      </Texture>
      <Rotation>-120</Rotation>
   </Object>
   <Object type="0xabfd" id="Error Spinner">
      <Class>Projectile</Class>
      <Texture>
         <File>theMachineObjects8x8</File>
         <Index>0x75</Index>
      </Texture>
      <Rotation>80</Rotation>
   </Object>
   <Object type="0xabfe" id="Error Spike">
      <Class>Projectile</Class>
      <Texture>
         <File>theMachineObjects8x8</File>
         <Index>0x76</Index>
      </Texture>
      <AngleCorrection>1</AngleCorrection>
   </Object>
   <Object type="0xabff" id="Error Bolt">
      <Class>Projectile</Class>
      <Texture>
         <File>theMachineObjects8x8</File>
         <Index>0x77</Index>
      </Texture>
      <AngleCorrection>1</AngleCorrection>
   </Object>
   <Object type="0xac00" id="Error Shield">
      <Class>Projectile</Class>
      <Texture>
         <File>theMachineObjects8x8</File>
         <Index>0x78</Index>
      </Texture>
      <AngleCorrection>1</AngleCorrection>
   </Object>
   <Object type="0xac01" id="Error Wave">
      <Class>Projectile</Class>
      <Texture>
         <File>theMachineObjects8x8</File>
         <Index>0x79</Index>
      </Texture>
      <AngleCorrection>1</AngleCorrection>
   </Object>
   <Object type="0xac03" id="MMissile">
      <Class>Projectile</Class>
      <Texture>
         <File>theMachineObjects16x16</File>
         <Index>0x02</Index>
      </Texture>
      <Rotation>100</Rotation>
   </Object>
   <Object type="0xac05" id="Mango">
      <Class>Projectile</Class>
      <RandomTexture>
         <Texture>
            <File>theMachineObjects8x8</File>
            <Index>0x86</Index>
         </Texture>
         <Texture>
            <File>theMachineObjects8x8</File>
            <Index>0x86</Index>
         </Texture>
         <Texture>
            <File>theMachineObjects8x8</File>
            <Index>0x86</Index>
         </Texture>
         <Texture>
            <File>theMachineObjects8x8</File>
            <Index>0x86</Index>
         </Texture>
         <Texture>
            <File>theMachineObjects8x8</File>
            <Index>0x86</Index>
         </Texture>
         <Texture>
            <File>theMachineObjects8x8</File>
            <Index>0x86</Index>
         </Texture>
         <Texture>
            <File>theMachineObjects8x8</File>
            <Index>0x86</Index>
         </Texture>
         <Texture>
            <File>theMachineObjects8x8</File>
            <Index>0x86</Index>
         </Texture>
         <Texture>
            <File>theMachineObjects8x8</File>
            <Index>0x86</Index>
         </Texture>
         <Texture>
            <File>theMachineObjects8x8</File>
            <Index>0x86</Index>
         </Texture>
         <Texture>
            <File>theMachineObjects8x8</File>
            <Index>0x86</Index>
         </Texture>
         <Texture>
            <File>theMachineObjects8x8</File>
            <Index>0x86</Index>
         </Texture>
         <Texture>
            <File>theMachineObjects8x8</File>
            <Index>0x86</Index>
         </Texture>
         <Texture>
            <File>theMachineObjects8x8</File>
            <Index>0x86</Index>
         </Texture>
         <Texture>
            <File>theMachineObjects8x8</File>
            <Index>0x86</Index>
         </Texture>
         <Texture>
            <File>theMachineObjects8x8</File>
            <Index>0x86</Index>
         </Texture>
         <Texture>
            <File>theMachineObjects8x8</File>
            <Index>0x86</Index>
         </Texture>
         <Texture>
            <File>theMachineObjects8x8</File>
            <Index>0x86</Index>
         </Texture>
         <Texture>
            <File>theMachineObjects8x8</File>
            <Index>0x86</Index>
         </Texture>
         <Texture>
            <File>theMachineObjects8x8</File>
            <Index>0x86</Index>
         </Texture>
         <Texture>
            <File>theMachineObjects8x8</File>
            <Index>0x96</Index>
         </Texture>
      </RandomTexture>
      <Rotation>140</Rotation>
   </Object>
   <Object type="0xac06" id="Resplendent Rocket">
      <Class>Projectile</Class>
      <Texture>
         <File>theMachineObjects8x8</File>
         <Index>0x8b</Index>
      </Texture>
      <AngleCorrection>1</AngleCorrection>
   </Object>
   <Object type="0xac07" id="Toast">
      <Class>Projectile</Class>
      <RandomTexture>
         <Texture>
            <File>theMachineObjects8x8</File>
            <Index>0x87</Index>
         </Texture>
         <Texture>
            <File>theMachineObjects8x8</File>
            <Index>0x97</Index>
         </Texture>
         <Texture>
            <File>theMachineObjects8x8</File>
            <Index>0xa7</Index>
         </Texture>
      </RandomTexture>
      <AngleCorrection>1</AngleCorrection>
   </Object>
   <Object type="0xac0a" id="Indecisive Missile">
      <Class>Projectile</Class>
      <RandomTexture>
         <Texture>
            <File>lofiObj5</File>
            <Index>0x40</Index>
         </Texture>
         <Texture>
            <File>lofiObj5</File>
            <Index>0x41</Index>
         </Texture>
         <Texture>
            <File>lofiObj5</File>
            <Index>0x42</Index>
         </Texture>
         <Texture>
            <File>lofiObj5</File>
            <Index>0x43</Index>
         </Texture>
         <Texture>
            <File>lofiObj5</File>
            <Index>0x44</Index>
         </Texture>
         <Texture>
            <File>lofiObj5</File>
            <Index>0x45</Index>
         </Texture>
         <Texture>
            <File>lofiObj5</File>
            <Index>0x46</Index>
         </Texture>
         <Texture>
            <File>lofiObj5</File>
            <Index>0x47</Index>
         </Texture>
         <Texture>
            <File>lofiObj5</File>
            <Index>0x48</Index>
         </Texture>
         <Texture>
            <File>lofiObj5</File>
            <Index>0x49</Index>
         </Texture>
         <Texture>
            <File>lofiObj5</File>
            <Index>0x4a</Index>
         </Texture>
         <Texture>
            <File>lofiObj5new</File>
            <Index>0x4b</Index>
         </Texture>
         <Texture>
            <File>theMachineObjects8x8</File>
            <Index>0x88</Index>
         </Texture>
         <Texture>
            <File>lofiObj2</File>
            <Index>0x61</Index>
         </Texture>
         <Texture>
            <File>lofiObj2</File>
            <Index>0x1c</Index>
         </Texture>
         <Texture>
            <File>lofiObj2</File>
            <Index>0x63</Index>
         </Texture>
         <Texture>
            <File>lofiObj3</File>
            <Index>0x1b2</Index>
         </Texture>
         <Texture>
            <File>mountainTempleObjects8x8</File>
            <Index>0x9d</Index>
         </Texture>
         <Texture>
            <File>lofiObj2</File>
            <Index>0x6c</Index>
         </Texture>
      </RandomTexture>
      <Rotation>-80</Rotation>
   </Object>
   <Object type="0xac0c" id="Slowpoke Slash">
      <Class>Projectile</Class>
      <Texture>
         <File>theMachineObjects8x8</File>
         <Index>0x89</Index>
      </Texture>
      <AngleCorrection>1</AngleCorrection>
   </Object>
   <Object type="0xac11" id="K.I.D.D. Force Energy 1.0">
      <Class>Projectile</Class>
      <RandomTexture>
         <Texture>
            <File>theMachineObjects8x8</File>
            <Index>0xa3</Index>
         </Texture>
         <Texture>
            <File>theMachineObjects8x8</File>
            <Index>0xb4</Index>
         </Texture>
         <Texture>
            <File>theMachineObjects16x16</File>
            <Index>0x09</Index>
         </Texture>
         <Texture>
            <File>theMachineObjects8x8</File>
            <Index>0xd3</Index>
         </Texture>
         <Texture>
            <File>theMachineObjects16x16</File>
            <Index>0x05</Index>
         </Texture>
         <Texture>
            <File>theMachineObjects8x8</File>
            <Index>0xd4</Index>
         </Texture>
         <Texture>
            <File>theMachineObjects16x16</File>
            <Index>0x0a</Index>
         </Texture>
         <Texture>
            <File>theMachineObjects16x16</File>
            <Index>0x07</Index>
         </Texture>
         <Texture>
            <File>theMachineObjects8x8</File>
            <Index>0xe3</Index>
         </Texture>
         <Texture>
            <File>theMachineObjects8x8</File>
            <Index>0xc4</Index>
         </Texture>
         <Texture>
            <File>theMachineObjects8x8</File>
            <Index>0xf2</Index>
         </Texture>
         <Texture>
            <File>theMachineObjects8x8</File>
            <Index>0xa3</Index>
         </Texture>
         <Texture>
            <File>theMachineObjects16x16</File>
            <Index>0x04</Index>
         </Texture>
         <Texture>
            <File>theMachineObjects8x8</File>
            <Index>0xf4</Index>
         </Texture>
         <Texture>
            <File>theMachineObjects8x8</File>
            <Index>0x93</Index>
         </Texture>
         <Texture>
            <File>theMachineObjects8x8</File>
            <Index>0xf3</Index>
         </Texture>
         <Texture>
            <File>theMachineObjects8x8</File>
            <Index>0xb3</Index>
         </Texture>
         <Texture>
            <File>theMachineObjects16x16</File>
            <Index>0x06</Index>
         </Texture>
         <Texture>
            <File>theMachineObjects8x8</File>
            <Index>0xe4</Index>
         </Texture>
         <Texture>
            <File>theMachineObjects8x8</File>
            <Index>0x83</Index>
         </Texture>
         <Texture>
            <File>theMachineObjects16x16</File>
            <Index>0x03</Index>
         </Texture>
         <Texture>
            <File>theMachineObjects16x16</File>
            <Index>0x08</Index>
         </Texture>
         <Texture>
            <File>theMachineObjects16x16</File>
            <Index>0x0b</Index>
         </Texture>
         <Texture>
            <File>theMachineObjects8x8</File>
            <Index>0xc3</Index>
         </Texture>
      </RandomTexture>
      <Rotation>170</Rotation>
   </Object>
   <Object type="0xabd2" id="The Machine Portal">
      <DisplayId>The Machine</DisplayId>
      <Class>Portal</Class>
      <IntergamePortal/>
      <DungeonName>The Machine</DungeonName>
      <Texture>
         <File>theMachineObjects8x8</File>
         <Index>0x80</Index>
      </Texture>
      <Animation period="0" prob="1">
         <Frame time="0.2">
            <Texture>
               <File>theMachineObjects8x8</File>
               <Index>0x80</Index>
            </Texture>
         </Frame>
         <Frame time="0.2">
            <Texture>
               <File>theMachineObjects8x8</File>
               <Index>0x90</Index>
            </Texture>
         </Frame>
         <Frame time="0.2">
            <Texture>
               <File>theMachineObjects8x8</File>
               <Index>0xa0</Index>
            </Texture>
         </Frame>
         <Frame time="0.2">
            <Texture>
               <File>theMachineObjects8x8</File>
               <Index>0xb0</Index>
            </Texture>
         </Frame>
         <Frame time="0.2">
            <Texture>
               <File>theMachineObjects8x8</File>
               <Index>0xc0</Index>
            </Texture>
         </Frame>
         <Frame time="0.2">
            <Texture>
               <File>theMachineObjects8x8</File>
               <Index>0xd0</Index>
            </Texture>
         </Frame>
         <Frame time="0.2">
            <Texture>
               <File>theMachineObjects8x8</File>
               <Index>0xe0</Index>
            </Texture>
         </Frame>
         <Frame time="0.2">
            <Texture>
               <File>theMachineObjects8x8</File>
               <Index>0xf0</Index>
            </Texture>
         </Frame>
      </Animation>
      <ShadowSize>0</ShadowSize>
   </Object>
   <Object type="0xabf4" id="The Glitch">
      <Enemy/>
      <Class>Character</Class>
      <Texture>
         <File>theMachineObjects8x8</File>
         <Index>0x6d</Index>
      </Texture>
      <Animation period="0.0" prob="1">
         <Frame time="0.2">
            <RandomTexture>
               <Texture>
                  <File>theMachineObjects8x8</File>
                  <Index>0x2a</Index>
               </Texture>
               <Texture>
                  <File>theMachineObjects8x8</File>
                  <Index>0x2b</Index>
               </Texture>
               <Texture>
                  <File>theMachineObjects8x8</File>
                  <Index>0x2c</Index>
               </Texture>
               <Texture>
                  <File>theMachineObjects8x8</File>
                  <Index>0x2d</Index>
               </Texture>
               <Texture>
                  <File>theMachineObjects8x8</File>
                  <Index>0x2e</Index>
               </Texture>
               <Texture>
                  <File>theMachineObjects8x8</File>
                  <Index>0x2f</Index>
               </Texture>
               <Texture>
                  <File>theMachineObjects8x8</File>
                  <Index>0x3a</Index>
               </Texture>
               <Texture>
                  <File>theMachineObjects8x8</File>
                  <Index>0x3b</Index>
               </Texture>
               <Texture>
                  <File>theMachineObjects8x8</File>
                  <Index>0x3c</Index>
               </Texture>
               <Texture>
                  <File>theMachineObjects8x8</File>
                  <Index>0x3d</Index>
               </Texture>
               <Texture>
                  <File>theMachineObjects8x8</File>
                  <Index>0x3e</Index>
               </Texture>
               <Texture>
                  <File>theMachineObjects8x8</File>
                  <Index>0x3f</Index>
               </Texture>
               <Texture>
                  <File>theMachineObjects8x8</File>
                  <Index>0x4a</Index>
               </Texture>
               <Texture>
                  <File>theMachineObjects8x8</File>
                  <Index>0x4b</Index>
               </Texture>
               <Texture>
                  <File>theMachineObjects8x8</File>
                  <Index>0x4c</Index>
               </Texture>
               <Texture>
                  <File>theMachineObjects8x8</File>
                  <Index>0x4d</Index>
               </Texture>
               <Texture>
                  <File>theMachineObjects8x8</File>
                  <Index>0x4e</Index>
               </Texture>
               <Texture>
                  <File>theMachineObjects8x8</File>
                  <Index>0x4f</Index>
               </Texture>
               <Texture>
                  <File>theMachineObjects8x8</File>
                  <Index>0x5a</Index>
               </Texture>
               <Texture>
                  <File>theMachineObjects8x8</File>
                  <Index>0x5b</Index>
               </Texture>
               <Texture>
                  <File>theMachineObjects8x8</File>
                  <Index>0x5c</Index>
               </Texture>
               <Texture>
                  <File>theMachineObjects8x8</File>
                  <Index>0x5d</Index>
               </Texture>
               <Texture>
                  <File>theMachineObjects8x8</File>
                  <Index>0x5e</Index>
               </Texture>
               <Texture>
                  <File>theMachineObjects8x8</File>
                  <Index>0x5f</Index>
               </Texture>
               <Texture>
                  <File>theMachineObjects8x8</File>
                  <Index>0x6a</Index>
               </Texture>
               <Texture>
                  <File>theMachineObjects8x8</File>
                  <Index>0x6b</Index>
               </Texture>
               <Texture>
                  <File>theMachineObjects8x8</File>
                  <Index>0x6c</Index>
               </Texture>
               <Texture>
                  <File>theMachineObjects8x8</File>
                  <Index>0x6d</Index>
               </Texture>
               <Texture>
                  <File>theMachineObjects8x8</File>
                  <Index>0x6e</Index>
               </Texture>
               <Texture>
                  <File>theMachineObjects8x8</File>
                  <Index>0x6f</Index>
               </Texture>
            </RandomTexture>
         </Frame>
      </Animation>
      <HitSound>error</HitSound>
      <DeathSound>death_screen</DeathSound>
      <Size>0</Size>
      <MaxHitPoints>55000</MaxHitPoints>
      <Defense>1</Defense>
      <Exp>1</Exp>
      <Terrain>Mountains</Terrain>
      <God/>
      <Z>0.2</Z>
      <Flying/>
      <StasisImmune/>
      <ParalyzeImmune/>
      <StunImmune/>
      <Projectile id="0">
         <ObjectId>Error Spike</ObjectId>
         <Damage>90</Damage>
         <Speed>80</Speed>
         <LifetimeMS>3000</LifetimeMS>
         <Size>100</Size>
         <MultiHit/>
         <Boomerang/>
         <ArmorPiercing/>
         <PassesCover/>
      </Projectile>
      <Projectile id="1">
         <ObjectId>Error Star</ObjectId>
         <Damage>115</Damage>
         <Speed>60</Speed>
         <LifetimeMS>4000</LifetimeMS>
         <Size>100</Size>
         <Magnitude>2</Magnitude>
         <Parametric/>
         <PassesCover/>
         <ConditionEffect duration="3">Slowed</ConditionEffect>
      </Projectile>
      <Projectile id="2">
         <ObjectId>Undefined</ObjectId>
         <Damage>0</Damage>
         <Speed>40</Speed>
         <Size>100</Size>
         <LifetimeMS>3000</LifetimeMS>
         <MultiHit/>
         <PassesCover/>
      </Projectile>
   </Object>
   <Object id="Glitch Corpse" type="0xabf5">
      <DisplayId>The Glitch</DisplayId>
      <Class>GameObject</Class>
      <Enemy/>
      <Invincible/>
      <Texture>
         <File>lofiEnvironment</File>
         <Index>0xa4</Index>
      </Texture>
      <Size>0</Size>
      <Projectile id="2">
         <ObjectId>Undefined</ObjectId>
         <Damage>1</Damage>
         <Speed>40</Speed>
         <Size>100</Size>
         <LifetimeMS>3000</LifetimeMS>
         <MultiHit/>
         <PassesCover/>
      </Projectile>
   </Object>
   <Object type="0xabd5" id="Null">
      <DisplayId>Null</DisplayId>
      <Enemy/>
      <Class>Character</Class>
      <AnimatedTexture>
         <File>theMachineChars16x16</File>
         <Index>0</Index>
      </AnimatedTexture>
      <Portrait>
         <AnimatedTexture>
            <File>theMachineChars16x16</File>
            <Index>0</Index>
         </AnimatedTexture>
      </Portrait>
      <HitSound>weapon/wand_of_death</HitSound>
      <DeathSound>monster/sprite_god_death</DeathSound>
      <Size>130</Size>
      <MaxHitPoints>120000</MaxHitPoints>
      <Defense>30</Defense>
      <Exp>1010</Exp>
      <Quest/>
      <God/>
      <StasisImmune/>
      <ParalyzeImmune/>
      <StunImmune/>
      <TrackLoot/>
      <AltTexture id="3">
         <Texture>
            <File>invisible</File>
            <Index>0</Index>
         </Texture>
      </AltTexture>
      <AltTexture id="1">
         <Texture>
            <File>theMachineObjects16x16</File>
            <Index>0x01</Index>
         </Texture>
      </AltTexture>
      <AltTexture id="2">
         <Texture>
            <File>theMachineObjects16x16</File>
            <Index>0x00</Index>
         </Texture>
      </AltTexture>
      <Sound id="0">laser_build</Sound>
      <Sound id="1">laser_end</Sound>
      <Projectile id="0">
         <ObjectId>Error Spike</ObjectId>
         <Damage>100</Damage>
         <Speed>70</Speed>
         <Size>110</Size>
         <LifetimeMS>4000</LifetimeMS>
         <Boomerang/>
         <MultiHit/>
         <FaceDir/>
         <ConditionEffect duration="0.8">Paralyzed</ConditionEffect>
      </Projectile>
      <Projectile id="1">
         <ObjectId>Error Star</ObjectId>
         <Damage>80</Damage>
         <Speed>80</Speed>
         <Size>110</Size>
         <LifetimeMS>4000</LifetimeMS>
         <Boomerang/>
         <MultiHit/>
         <ConditionEffect duration="1">Unstable</ConditionEffect>
      </Projectile>
      <Projectile id="2">
         <ObjectId>Error Shield</ObjectId>
         <Damage>40</Damage>
         <Speed>55</Speed>
         <LifetimeMS>1500</LifetimeMS>
         <Size>28</Size>
         <MultiHit/>
         <PassesCover/>
         <ConditionEffect duration="1.2">Slowed</ConditionEffect>
      </Projectile>
      <Projectile id="3">
         <ObjectId>Error Shield</ObjectId>
         <Damage>60</Damage>
         <Speed>58</Speed>
         <LifetimeMS>1500</LifetimeMS>
         <Size>45</Size>
         <MultiHit/>
         <PassesCover/>
         <ConditionEffect duration="1">Slowed</ConditionEffect>
      </Projectile>
      <Projectile id="4">
         <ObjectId>Error Shield</ObjectId>
         <Damage>80</Damage>
         <Speed>63</Speed>
         <LifetimeMS>1500</LifetimeMS>
         <Size>73</Size>
         <MultiHit/>
         <PassesCover/>
         <ConditionEffect duration="0.8">Slowed</ConditionEffect>
      </Projectile>
      <Projectile id="5">
         <ObjectId>Error Shield</ObjectId>
         <Damage>100</Damage>
         <Speed>71</Speed>
         <LifetimeMS>1500</LifetimeMS>
         <Size>117</Size>
         <MultiHit/>
         <PassesCover/>
         <ConditionEffect duration="0.6">Slowed</ConditionEffect>
      </Projectile>
      <Projectile id="6">
         <ObjectId>Error Shield</ObjectId>
         <Damage>120</Damage>
         <Speed>84</Speed>
         <LifetimeMS>1500</LifetimeMS>
         <Size>190</Size>
         <MultiHit/>
         <PassesCover/>
         <ConditionEffect duration="0.4">Slowed</ConditionEffect>
      </Projectile>
      <Projectile id="7">
         <ObjectId>Error Orb</ObjectId>
         <Damage>100</Damage>
         <Speed>25</Speed>
         <Size>110</Size>
         <LifetimeMS>12000</LifetimeMS>
         <ConditionEffect duration="0.4">Confused</ConditionEffect>
         <PassesCover/>
      </Projectile>
      <Projectile id="8">
         <ObjectId>Error Spinner</ObjectId>
         <Speed>35</Speed>
         <Damage>145</Damage>
         <LifetimeMS>5500</LifetimeMS>
         <Size>80</Size>
         <ConditionEffect duration="2">Blind</ConditionEffect>
         <MultiHit/>
      </Projectile>
   </Object>
   <Object type="0xabde" id="Firewall">
      <DisplayId>Firewall</DisplayId>
      <Enemy/>
      <Class>Character</Class>
      <Texture>
         <File>summerNexusObjects16x16</File>
         <Index>0x4f</Index>
      </Texture>
      <Animation prob="1.0" period="0">
         <Frame time="0.2">
            <Texture>
               <File>summerNexusObjects16x16</File>
               <Index>0x50</Index>
            </Texture>
         </Frame>
         <Frame time="0.2">
            <Texture>
               <File>summerNexusObjects16x16</File>
               <Index>0x51</Index>
            </Texture>
         </Frame>
         <Frame time="0.2">
            <Texture>
               <File>summerNexusObjects16x16</File>
               <Index>0x52</Index>
            </Texture>
         </Frame>
         <Frame time="0.2">
            <Texture>
               <File>summerNexusObjects16x16</File>
               <Index>0x4f</Index>
            </Texture>
         </Frame>
      </Animation>
      <Size>90</Size>
      <Invincible/>
      <Projectile id="0">
         <ObjectId>Molek Shockwave</ObjectId>
         <Damage>100</Damage>
         <Speed>70</Speed>
         <LifetimeMS>1286</LifetimeMS>
         <Size>80</Size>
         <Amplitude>0.4</Amplitude>
         <Frequency>0.2</Frequency>
         <MultiHit/>
         <ArmorPiercing/>
         <PassesCover/>
      </Projectile>
   </Object>
   <Object type="0xabdf" id="Firewall North Spawner">
      <DisplayId>Firewall</DisplayId>
      <Class>GameObject</Class>
      <Enemy/>
      <Invincible/>
      <NoMiniMap/>
      <Texture>
         <File>summerNexusObjects16x16</File>
         <Index>0x4f</Index>
      </Texture>
      <Animation prob="1.0" period="0">
         <Frame time="0.2">
            <Texture>
               <File>summerNexusObjects16x16</File>
               <Index>0x50</Index>
            </Texture>
         </Frame>
         <Frame time="0.2">
            <Texture>
               <File>summerNexusObjects16x16</File>
               <Index>0x51</Index>
            </Texture>
         </Frame>
         <Frame time="0.2">
            <Texture>
               <File>summerNexusObjects16x16</File>
               <Index>0x52</Index>
            </Texture>
         </Frame>
         <Frame time="0.2">
            <Texture>
               <File>summerNexusObjects16x16</File>
               <Index>0x4f</Index>
            </Texture>
         </Frame>
      </Animation>
      <Size>0</Size>
      <Projectile id="0">
         <ObjectId>Molek Shockwave</ObjectId>
         <Damage>100</Damage>
         <Speed>70</Speed>
         <LifetimeMS>2572</LifetimeMS>
         <Size>80</Size>
         <MultiHit/>
         <ArmorPiercing/>
         <PassesCover/>
      </Projectile>
   </Object>
   <Object type="0xabe0" id="Firewall South Spawner">
      <DisplayId>Firewall</DisplayId>
      <Class>GameObject</Class>
      <Enemy/>
      <Invincible/>
      <NoMiniMap/>
      <Texture>
         <File>summerNexusObjects16x16</File>
         <Index>0x4f</Index>
      </Texture>
      <Animation prob="1.0" period="0">
         <Frame time="0.2">
            <Texture>
               <File>summerNexusObjects16x16</File>
               <Index>0x50</Index>
            </Texture>
         </Frame>
         <Frame time="0.2">
            <Texture>
               <File>summerNexusObjects16x16</File>
               <Index>0x51</Index>
            </Texture>
         </Frame>
         <Frame time="0.2">
            <Texture>
               <File>summerNexusObjects16x16</File>
               <Index>0x52</Index>
            </Texture>
         </Frame>
         <Frame time="0.2">
            <Texture>
               <File>summerNexusObjects16x16</File>
               <Index>0x4f</Index>
            </Texture>
         </Frame>
      </Animation>
      <Size>0</Size>
      <Projectile id="0">
         <ObjectId>Molek Shockwave</ObjectId>
         <Damage>100</Damage>
         <Speed>70</Speed>
         <LifetimeMS>2572</LifetimeMS>
         <Size>80</Size>
         <MultiHit/>
         <ArmorPiercing/>
         <PassesCover/>
      </Projectile>
   </Object>
   <Object type="0xabf3" id="Disconnector">
      <DisplayId>The Glitch</DisplayId>
      <Class>GameObject</Class>
      <Enemy/>
      <Invincible/>
      <NoMiniMap/>
      <Texture>
         <File>lofiEnvironment</File>
         <Index>0xa4</Index>
      </Texture>
      <Size>0</Size>
      <Projectile id="0">
         <ObjectId>binary</ObjectId>
         <Speed>55</Speed>
         <ArmorPiercing/>
         <Damage>50</Damage>
         <LifetimeMS>3500</LifetimeMS>
         <Size>100</Size>
         <Boomerang/>
         <PassesCover/>
         <MultiHit/>
      </Projectile>
   </Object>
   <Object type="0xabf1" id="Dimensional Rift">
      <Class>GameObject</Class>
      <ShadowSize>0</ShadowSize>
      <Texture>
         <File>invisible</File>
         <Index>0</Index>
      </Texture>
      <AltTexture id="0">
         <Texture>
            <File>invisible</File>
            <Index>0</Index>
         </Texture>
      </AltTexture>
      <AltTexture id="1">
         <Texture>
            <File>theMachineObjects8x8</File>
            <Index>0x1a</Index>
         </Texture>
      </AltTexture>
      <AltTexture id="2">
         <Texture>
            <File>theMachineObjects8x8</File>
            <Index>0x1b</Index>
         </Texture>
      </AltTexture>
      <AltTexture id="3">
         <Texture>
            <File>theMachineObjects8x8</File>
            <Index>0x1c</Index>
         </Texture>
      </AltTexture>
      <AltTexture id="4">
         <Texture>
            <File>theMachineObjects8x8</File>
            <Index>0x1d</Index>
         </Texture>
      </AltTexture>
      <AltTexture id="5">
         <Texture>
            <File>theMachineObjects8x8</File>
            <Index>0x1e</Index>
         </Texture>
      </AltTexture>
      <Size>140</Size>
      <Z>0.2</Z>
   </Object>
   <Object type="0xabf2" id="Rift Spawn">
      <Class>GameObject</Class>
      <RandomTexture>
         <AnimatedTexture>
            <File>magicWoodsChars8x8</File>
            <Index>4</Index>
         </AnimatedTexture>
         <AnimatedTexture>
            <File>chars8x8rBeach</File>
            <Index>1</Index>
         </AnimatedTexture>
         <AnimatedTexture>
            <File>chars16x16dEncounters</File>
            <Index>7</Index>
         </AnimatedTexture>
         <AnimatedTexture>
            <File>chars8x8rLow2</File>
            <Index>4</Index>
         </AnimatedTexture>
         <AnimatedTexture>
            <File>chars8x8rLow2</File>
            <Index>6</Index>
         </AnimatedTexture>
         <AnimatedTexture>
            <File>chars8x8rMid2</File>
            <Index>0</Index>
         </AnimatedTexture>
         <AnimatedTexture>
            <File>chars8x8rMid</File>
            <Index>0x02</Index>
         </AnimatedTexture>
         <AnimatedTexture>
            <File>chars8x8rHigh</File>
            <Index>0x0d</Index>
         </AnimatedTexture>
         <AnimatedTexture>
            <File>chars8x8rHigh</File>
            <Index>0x15</Index>
         </AnimatedTexture>
         <AnimatedTexture>
            <File>chars16x16dMountains1</File>
            <Index>0x04</Index>
         </AnimatedTexture>
         <AnimatedTexture>
            <File>chars16x16dMountains1</File>
            <Index>0x02</Index>
         </AnimatedTexture>
         <AnimatedTexture>
            <File>chars16x16dMountains1</File>
            <Index>0x03</Index>
         </AnimatedTexture>
         <AnimatedTexture>
            <File>chars8x8rEncounters</File>
            <Index>10</Index>
         </AnimatedTexture>
         <AnimatedTexture>
            <File>mountainTempleChars16x16</File>
            <Index>14</Index>
         </AnimatedTexture>
         <AnimatedTexture>
            <File>chars8x8rEncounters</File>
            <Index>37</Index>
         </AnimatedTexture>
         <AnimatedTexture>
            <File>chars16x16rEncounters</File>
            <Index>2</Index>
         </AnimatedTexture>
         <AnimatedTexture>
            <File>chars8x8rHero1</File>
            <Index>0x13</Index>
         </AnimatedTexture>
         <AnimatedTexture>
            <File>chars16x16dEncounters2</File>
            <Index>55</Index>
         </AnimatedTexture>
         <AnimatedTexture>
            <File>chars16x16dEncounters2</File>
            <Index>38</Index>
         </AnimatedTexture>
         <AnimatedTexture>
            <File>chars16x16rEncounters</File>
            <Index>3</Index>
         </AnimatedTexture>
         <AnimatedTexture>
            <File>chars16x16dEncounters2</File>
            <Index>20</Index>
         </AnimatedTexture>
         <AnimatedTexture>
            <File>chars8x8rEncounters</File>
            <Index>118</Index>
         </AnimatedTexture>
         <AnimatedTexture>
            <File>parasiteDenChars8x8</File>
            <Index>28</Index>
         </AnimatedTexture>
         <AnimatedTexture>
            <File>chars16x16rEncounters</File>
            <Index>10</Index>
         </AnimatedTexture>
         <AnimatedTexture>
            <File>chars8x8dEncounters</File>
            <Index>25</Index>
         </AnimatedTexture>
         <AnimatedTexture>
            <File>mountainTempleChars8x8</File>
            <Index>5</Index>
         </AnimatedTexture>
         <AnimatedTexture>
            <File>chars8x8dEncounters</File>
            <Index>31</Index>
         </AnimatedTexture>
         <AnimatedTexture>
            <File>chars16x16dEncounters2</File>
            <Index>8</Index>
         </AnimatedTexture>
         <AnimatedTexture>
            <File>chars8x8rEncounters</File>
            <Index>39</Index>
         </AnimatedTexture>
         <AnimatedTexture>
            <File>chars8x8rEncounters</File>
            <Index>111</Index>
         </AnimatedTexture>
         <AnimatedTexture>
            <File>chars8x8rEncounters</File>
            <Index>141</Index>
         </AnimatedTexture>
         <AnimatedTexture>
            <File>chars8x8rEncounters</File>
            <Index>1</Index>
         </AnimatedTexture>
         <AnimatedTexture>
            <File>chars8x8rEncounters</File>
            <Index>27</Index>
         </AnimatedTexture>
         <AnimatedTexture>
            <File>epicHiveChars16x16</File>
            <Index>4</Index>
         </AnimatedTexture>
         <AnimatedTexture>
            <File>chars16x16dEncounters2</File>
            <Index>33</Index>
         </AnimatedTexture>
         <AnimatedTexture>
            <File>chars8x8dEncounters</File>
            <Index>38</Index>
         </AnimatedTexture>
         <Texture>
            <File>lofiChar216x8</File>
            <Index>0x58</Index>
         </Texture>
         <Texture>
            <File>lofiChar8x8</File>
            <Index>0xb8</Index>
         </Texture>
         <Texture>
            <File>lofiChar8x8</File>
            <Index>0x64</Index>
         </Texture>
         <Texture>
            <File>lofiChar216x16</File>
            <Index>0x2a</Index>
         </Texture>
         <Texture>
            <File>lofiChar8x8</File>
            <Index>0x61</Index>
         </Texture>
      </RandomTexture>
      <Size>100</Size>
   </Object>
   <Object type="0xabd6" id="USWest3">
      <DisplayId>USWest3</DisplayId>
      <Group>The Servers</Group>
      <Enemy/>
      <Class>Character</Class>
      <AnimatedTexture>
         <File>theMachineChars8x8</File>
         <Index>0</Index>
      </AnimatedTexture>
      <HitSound>weapon/dirk</HitSound>
      <DeathSound>weapon/mithril_dagger</DeathSound>
      <Size>125</Size>
      <MaxHitPoints>15000</MaxHitPoints>
      <Defense>15</Defense>
      <God/>
      <ParalyzeImmune/>
      <StasisImmune/>
      <AltTexture id="1">
         <AnimatedTexture>
            <File>theMachineChars8x8</File>
            <Index>1</Index>
         </AnimatedTexture>
      </AltTexture>
      <Projectile id="0">
         <ObjectId>Error Pellet</ObjectId>
         <Damage>90</Damage>
         <Speed>100</Speed>
         <Size>100</Size>
         <LifetimeMS>1200</LifetimeMS>
         <MultiHit/>
         <ArmorPiercing/>
      </Projectile>
      <Projectile id="1">
         <ObjectId>Error Bolt</ObjectId>
         <Damage>100</Damage>
         <Speed>60</Speed>
         <Size>105</Size>
         <LifetimeMS>2000</LifetimeMS>
         <MultiHit/>
         <ConditionEffect duration="1.8">Slowed</ConditionEffect>
      </Projectile>
   </Object>
   <Object type="0xabd7" id="USWest2">
      <DisplayId>USWest2</DisplayId>
      <Group>The Servers</Group>
      <Enemy/>
      <Class>Character</Class>
      <AnimatedTexture>
         <File>theMachineChars8x8</File>
         <Index>0</Index>
      </AnimatedTexture>
      <HitSound>weapon/dirk</HitSound>
      <DeathSound>weapon/mithril_dagger</DeathSound>
      <Size>125</Size>
      <MaxHitPoints>15000</MaxHitPoints>
      <Defense>15</Defense>
      <God/>
      <ParalyzeImmune/>
      <StasisImmune/>
      <AltTexture id="1">
         <AnimatedTexture>
            <File>theMachineChars8x8</File>
            <Index>1</Index>
         </AnimatedTexture>
      </AltTexture>
      <Projectile id="0">
         <ObjectId>Error Pellet</ObjectId>
         <Damage>90</Damage>
         <Speed>100</Speed>
         <Size>100</Size>
         <LifetimeMS>1200</LifetimeMS>
         <MultiHit/>
         <ArmorPiercing/>
      </Projectile>
      <Projectile id="1">
         <ObjectId>Error Bolt</ObjectId>
         <Damage>100</Damage>
         <Speed>60</Speed>
         <Size>105</Size>
         <LifetimeMS>2000</LifetimeMS>
         <MultiHit/>
         <ConditionEffect duration="1.8">Slowed</ConditionEffect>
      </Projectile>
   </Object>
   <Object type="0xabd8" id="USWest">
      <DisplayId>USWest</DisplayId>
      <Group>The Servers</Group>
      <Enemy/>
      <Class>Character</Class>
      <AnimatedTexture>
         <File>theMachineChars8x8</File>
         <Index>0</Index>
      </AnimatedTexture>
      <HitSound>weapon/dirk</HitSound>
      <DeathSound>weapon/mithril_dagger</DeathSound>
      <Size>125</Size>
      <MaxHitPoints>15000</MaxHitPoints>
      <Defense>15</Defense>
      <God/>
      <ParalyzeImmune/>
      <StasisImmune/>
      <AltTexture id="1">
         <AnimatedTexture>
            <File>theMachineChars8x8</File>
            <Index>1</Index>
         </AnimatedTexture>
      </AltTexture>
      <Projectile id="0">
         <ObjectId>Error Pellet</ObjectId>
         <Damage>90</Damage>
         <Speed>100</Speed>
         <Size>100</Size>
         <LifetimeMS>1200</LifetimeMS>
         <MultiHit/>
         <ArmorPiercing/>
      </Projectile>
      <Projectile id="1">
         <ObjectId>Error Bolt</ObjectId>
         <Damage>100</Damage>
         <Speed>60</Speed>
         <Size>105</Size>
         <LifetimeMS>2000</LifetimeMS>
         <MultiHit/>
         <ConditionEffect duration="1.8">Slowed</ConditionEffect>
      </Projectile>
   </Object>
   <Object type="0xabd9" id="USSouthWest">
      <DisplayId>USSouthWest</DisplayId>
      <Group>The Servers</Group>
      <Enemy/>
      <Class>Character</Class>
      <AnimatedTexture>
         <File>theMachineChars8x8</File>
         <Index>0</Index>
      </AnimatedTexture>
      <HitSound>weapon/dirk</HitSound>
      <DeathSound>weapon/mithril_dagger</DeathSound>
      <Size>125</Size>
      <MaxHitPoints>15000</MaxHitPoints>
      <Defense>15</Defense>
      <God/>
      <ParalyzeImmune/>
      <StasisImmune/>
      <AltTexture id="1">
         <AnimatedTexture>
            <File>theMachineChars8x8</File>
            <Index>1</Index>
         </AnimatedTexture>
      </AltTexture>
      <Projectile id="0">
         <ObjectId>Error Missile</ObjectId>
         <Damage>85</Damage>
         <Speed>65</Speed>
         <Size>100</Size>
         <LifetimeMS>2300</LifetimeMS>
         <MultiHit/>
         <ConditionEffect duration="2">Slowed</ConditionEffect>
      </Projectile>
      <Projectile id="1">
         <ObjectId>Error Spinner</ObjectId>
         <Damage>110</Damage>
         <Speed>0</Speed>
         <Size>105</Size>
         <LifetimeMS>5000</LifetimeMS>
         <ConditionEffect duration="1">Paralyzed</ConditionEffect>
      </Projectile>
   </Object>
   <Object type="0xabda" id="USNorthWest">
      <DisplayId>USNorthWest</DisplayId>
      <Group>The Servers</Group>
      <Enemy/>
      <Class>Character</Class>
      <AnimatedTexture>
         <File>theMachineChars8x8</File>
         <Index>0</Index>
      </AnimatedTexture>
      <HitSound>weapon/dirk</HitSound>
      <DeathSound>weapon/mithril_dagger</DeathSound>
      <Size>125</Size>
      <MaxHitPoints>15000</MaxHitPoints>
      <Defense>15</Defense>
      <God/>
      <ParalyzeImmune/>
      <StasisImmune/>
      <AltTexture id="1">
         <AnimatedTexture>
            <File>theMachineChars8x8</File>
            <Index>1</Index>
         </AnimatedTexture>
      </AltTexture>
      <Projectile id="0">
         <ObjectId>Error Missile</ObjectId>
         <Damage>85</Damage>
         <Speed>65</Speed>
         <Size>100</Size>
         <LifetimeMS>2300</LifetimeMS>
         <MultiHit/>
         <ConditionEffect duration="2">Slowed</ConditionEffect>
      </Projectile>
      <Projectile id="1">
         <ObjectId>Error Spinner</ObjectId>
         <Damage>110</Damage>
         <Speed>0</Speed>
         <Size>105</Size>
         <LifetimeMS>5000</LifetimeMS>
         <ConditionEffect duration="1">Paralyzed</ConditionEffect>
      </Projectile>
   </Object>
   <Object type="0xabdb" id="USSouth3">
      <DisplayId>USSouth3</DisplayId>
      <Group>The Servers</Group>
      <Enemy/>
      <Class>Character</Class>
      <AnimatedTexture>
         <File>theMachineChars8x8</File>
         <Index>0</Index>
      </AnimatedTexture>
      <HitSound>weapon/dirk</HitSound>
      <DeathSound>weapon/mithril_dagger</DeathSound>
      <Size>125</Size>
      <MaxHitPoints>15000</MaxHitPoints>
      <Defense>15</Defense>
      <God/>
      <StasisImmune/>
      <AltTexture id="1">
         <AnimatedTexture>
            <File>theMachineChars8x8</File>
            <Index>1</Index>
         </AnimatedTexture>
      </AltTexture>
      <Projectile id="0">
         <ObjectId>Error Orb</ObjectId>
         <Damage>130</Damage>
         <Speed>40</Speed>
         <LifetimeMS>8000</LifetimeMS>
         <Size>120</Size>
         <Amplitude>0.4</Amplitude>
         <Frequency>0.2</Frequency>
         <MultiHit/>
         <Boomerang/>
         <ConditionEffect duration="1.8">Confused</ConditionEffect>
      </Projectile>
   </Object>
   <Object type="0xabdc" id="USSouth2">
      <DisplayId>USSouth2</DisplayId>
      <Group>The Servers</Group>
      <Enemy/>
      <Class>Character</Class>
      <AnimatedTexture>
         <File>theMachineChars8x8</File>
         <Index>0</Index>
      </AnimatedTexture>
      <HitSound>weapon/dirk</HitSound>
      <DeathSound>weapon/mithril_dagger</DeathSound>
      <Size>125</Size>
      <MaxHitPoints>15000</MaxHitPoints>
      <Defense>15</Defense>
      <God/>
      <StasisImmune/>
      <AltTexture id="1">
         <AnimatedTexture>
            <File>theMachineChars8x8</File>
            <Index>1</Index>
         </AnimatedTexture>
      </AltTexture>
      <Projectile id="0">
         <ObjectId>Error Wave</ObjectId>
         <Damage>95</Damage>
         <Speed>75</Speed>
         <LifetimeMS>2900</LifetimeMS>
         <Size>120</Size>
         <MultiHit/>
      </Projectile>
   </Object>
   <Object type="0xabdd" id="USSouth">
      <DisplayId>USSouth</DisplayId>
      <Group>The Servers</Group>
      <Enemy/>
      <Class>Character</Class>
      <AnimatedTexture>
         <File>theMachineChars8x8</File>
         <Index>0</Index>
      </AnimatedTexture>
      <HitSound>weapon/dirk</HitSound>
      <DeathSound>weapon/mithril_dagger</DeathSound>
      <Size>125</Size>
      <MaxHitPoints>15000</MaxHitPoints>
      <Defense>15</Defense>
      <God/>
      <StasisImmune/>
      <AltTexture id="1">
         <AnimatedTexture>
            <File>theMachineChars8x8</File>
            <Index>1</Index>
         </AnimatedTexture>
      </AltTexture>
      <Projectile id="0">
         <ObjectId>Error Bolt</ObjectId>
         <Damage>70</Damage>
         <Speed>85</Speed>
         <LifetimeMS>2000</LifetimeMS>
         <Size>100</Size>
         <Amplitude>0.4</Amplitude>
         <Frequency>0.2</Frequency>
         <MultiHit/>
      </Projectile>
   </Object>
   <Object type="0xabe1" id="USMidWest2">
      <DisplayId>USMidWest2</DisplayId>
      <Group>The Servers</Group>
      <Enemy/>
      <Class>Character</Class>
      <AnimatedTexture>
         <File>theMachineChars8x8</File>
         <Index>0</Index>
      </AnimatedTexture>
      <HitSound>weapon/dirk</HitSound>
      <DeathSound>weapon/mithril_dagger</DeathSound>
      <Size>125</Size>
      <MaxHitPoints>15000</MaxHitPoints>
      <Defense>15</Defense>
      <God/>
      <StasisImmune/>
      <StunImmune/>
      <AltTexture id="1">
         <AnimatedTexture>
            <File>theMachineChars8x8</File>
            <Index>1</Index>
         </AnimatedTexture>
      </AltTexture>
      <Projectile id="0">
         <ObjectId>Error Spike</ObjectId>
         <Damage>110</Damage>
         <Speed>110</Speed>
         <LifetimeMS>1000</LifetimeMS>
         <Size>90</Size>
         <MultiHit/>
      </Projectile>
   </Object>
   <Object type="0xabe2" id="USMidWest">
      <DisplayId>USMidWest</DisplayId>
      <Group>The Servers</Group>
      <Enemy/>
      <Class>Character</Class>
      <AnimatedTexture>
         <File>theMachineChars8x8</File>
         <Index>0</Index>
      </AnimatedTexture>
      <HitSound>weapon/dirk</HitSound>
      <DeathSound>weapon/mithril_dagger</DeathSound>
      <Size>125</Size>
      <MaxHitPoints>15000</MaxHitPoints>
      <Defense>15</Defense>
      <God/>
      <StasisImmune/>
      <StunImmune/>
      <AltTexture id="1">
         <AnimatedTexture>
            <File>theMachineChars8x8</File>
            <Index>1</Index>
         </AnimatedTexture>
      </AltTexture>
      <Projectile id="0">
         <ObjectId>Error Spike</ObjectId>
         <Damage>110</Damage>
         <Speed>110</Speed>
         <LifetimeMS>1000</LifetimeMS>
         <Size>90</Size>
         <MultiHit/>
      </Projectile>
   </Object>
   <Object type="0xabe3" id="USEast3">
      <DisplayId>USEast3</DisplayId>
      <Group>The Servers</Group>
      <Enemy/>
      <Class>Character</Class>
      <AnimatedTexture>
         <File>theMachineChars8x8</File>
         <Index>0</Index>
      </AnimatedTexture>
      <HitSound>weapon/dirk</HitSound>
      <DeathSound>weapon/mithril_dagger</DeathSound>
      <Size>125</Size>
      <MaxHitPoints>15000</MaxHitPoints>
      <Defense>15</Defense>
      <God/>
      <StasisImmune/>
      <StunImmune/>
      <ParalyzeImmune/>
      <AltTexture id="1">
         <AnimatedTexture>
            <File>theMachineChars8x8</File>
            <Index>1</Index>
         </AnimatedTexture>
      </AltTexture>
      <Projectile id="0">
         <ObjectId>Error Blast</ObjectId>
         <Speed>43</Speed>
         <Damage>100</Damage>
         <Size>100</Size>
         <LifetimeMS>4500</LifetimeMS>
         <MultiHit/>
         <ConditionEffect duration="3">Silenced</ConditionEffect>
      </Projectile>
      <Projectile id="1">
         <ObjectId>Error Missile</ObjectId>
         <Damage>100</Damage>
         <Speed>40</Speed>
         <LifetimeMS>4000</LifetimeMS>
         <Size>100</Size>
         <MultiHit/>
         <ConditionEffect duration="3">Silenced</ConditionEffect>
      </Projectile>
   </Object>
   <Object type="0xabe4" id="USEast2">
      <DisplayId>USEast2</DisplayId>
      <Group>The Servers</Group>
      <Enemy/>
      <Class>Character</Class>
      <AnimatedTexture>
         <File>theMachineChars8x8</File>
         <Index>0</Index>
      </AnimatedTexture>
      <HitSound>weapon/dirk</HitSound>
      <DeathSound>weapon/mithril_dagger</DeathSound>
      <Size>125</Size>
      <MaxHitPoints>15000</MaxHitPoints>
      <Defense>15</Defense>
      <God/>
      <StasisImmune/>
      <StunImmune/>
      <ParalyzeImmune/>
      <AltTexture id="1">
         <AnimatedTexture>
            <File>theMachineChars8x8</File>
            <Index>1</Index>
         </AnimatedTexture>
      </AltTexture>
      <Projectile id="0">
         <ObjectId>Error Blast</ObjectId>
         <Speed>43</Speed>
         <Damage>100</Damage>
         <Size>100</Size>
         <LifetimeMS>4500</LifetimeMS>
         <MultiHit/>
         <ConditionEffect duration="3">Silenced</ConditionEffect>
      </Projectile>
      <Projectile id="1">
         <ObjectId>Error Missile</ObjectId>
         <Damage>100</Damage>
         <Speed>40</Speed>
         <LifetimeMS>4000</LifetimeMS>
         <Size>100</Size>
         <MultiHit/>
         <ConditionEffect duration="3">Silenced</ConditionEffect>
      </Projectile>
   </Object>
   <Object type="0xabe5" id="USEast">
      <DisplayId>USEast</DisplayId>
      <Group>The Servers</Group>
      <Enemy/>
      <Class>Character</Class>
      <AnimatedTexture>
         <File>theMachineChars8x8</File>
         <Index>0</Index>
      </AnimatedTexture>
      <HitSound>weapon/dirk</HitSound>
      <DeathSound>weapon/mithril_dagger</DeathSound>
      <Size>125</Size>
      <MaxHitPoints>15000</MaxHitPoints>
      <Defense>15</Defense>
      <God/>
      <StasisImmune/>
      <StunImmune/>
      <ParalyzeImmune/>
      <AltTexture id="1">
         <AnimatedTexture>
            <File>theMachineChars8x8</File>
            <Index>1</Index>
         </AnimatedTexture>
      </AltTexture>
      <Projectile id="0">
         <ObjectId>Error Blast</ObjectId>
         <Speed>43</Speed>
         <Damage>100</Damage>
         <Size>100</Size>
         <LifetimeMS>4500</LifetimeMS>
         <MultiHit/>
         <ConditionEffect duration="3">Silenced</ConditionEffect>
      </Projectile>
      <Projectile id="1">
         <ObjectId>Error Missile</ObjectId>
         <Damage>100</Damage>
         <Speed>40</Speed>
         <LifetimeMS>4000</LifetimeMS>
         <Size>100</Size>
         <MultiHit/>
         <ConditionEffect duration="3">Silenced</ConditionEffect>
      </Projectile>
   </Object>
   <Object type="0xabe6" id="EUWest2">
      <DisplayId>EUWest2</DisplayId>
      <Group>The Servers</Group>
      <Enemy/>
      <Class>Character</Class>
      <AnimatedTexture>
         <File>theMachineChars8x8</File>
         <Index>0</Index>
      </AnimatedTexture>
      <HitSound>weapon/dirk</HitSound>
      <DeathSound>weapon/mithril_dagger</DeathSound>
      <Size>125</Size>
      <MaxHitPoints>15000</MaxHitPoints>
      <Defense>15</Defense>
      <God/>
      <StasisImmune/>
      <ParalyzeImmune/>
      <StunImmune/>
      <AltTexture id="1">
         <AnimatedTexture>
            <File>theMachineChars8x8</File>
            <Index>1</Index>
         </AnimatedTexture>
      </AltTexture>
   </Object>
   <Object type="0xabe7" id="EUWest">
      <DisplayId>EUWest</DisplayId>
      <Group>The Servers</Group>
      <Enemy/>
      <Class>Character</Class>
      <AnimatedTexture>
         <File>theMachineChars8x8</File>
         <Index>0</Index>
      </AnimatedTexture>
      <HitSound>weapon/dirk</HitSound>
      <DeathSound>weapon/mithril_dagger</DeathSound>
      <Size>125</Size>
      <MaxHitPoints>15000</MaxHitPoints>
      <Defense>15</Defense>
      <God/>
      <StasisImmune/>
      <ParalyzeImmune/>
      <AltTexture id="1">
         <AnimatedTexture>
            <File>theMachineChars8x8</File>
            <Index>1</Index>
         </AnimatedTexture>
      </AltTexture>
      <Projectile id="0">
         <ObjectId>Error Wave</ObjectId>
         <Damage>135</Damage>
         <Speed>45</Speed>
         <Size>115</Size>
         <LifetimeMS>1200</LifetimeMS>
         <MultiHit/>
      </Projectile>
   </Object>
   <Object type="0xabe8" id="EUNorth2">
      <DisplayId>EUNorth2</DisplayId>
      <Group>The Servers</Group>
      <Enemy/>
      <Class>Character</Class>
      <AnimatedTexture>
         <File>theMachineChars8x8</File>
         <Index>0</Index>
      </AnimatedTexture>
      <HitSound>weapon/dirk</HitSound>
      <DeathSound>weapon/mithril_dagger</DeathSound>
      <Size>125</Size>
      <MaxHitPoints>15000</MaxHitPoints>
      <Defense>15</Defense>
      <God/>
      <StasisImmune/>
      <ParalyzeImmune/>
      <AltTexture id="1">
         <AnimatedTexture>
            <File>theMachineChars8x8</File>
            <Index>1</Index>
         </AnimatedTexture>
      </AltTexture>
      <Projectile id="0">
         <ObjectId>Error Star</ObjectId>
         <Damage>115</Damage>
         <Speed>50</Speed>
         <LifetimeMS>10000</LifetimeMS>
         <Size>120</Size>
         <Magnitude>4</Magnitude>
         <Parametric/>
         <FaceDir/>
         <MultiHit/>
      </Projectile>
   </Object>
   <Object type="0xabe9" id="EUNorth">
      <DisplayId>EUNorth</DisplayId>
      <Group>The Servers</Group>
      <Enemy/>
      <Class>Character</Class>
      <AnimatedTexture>
         <File>theMachineChars8x8</File>
         <Index>0</Index>
      </AnimatedTexture>
      <HitSound>weapon/dirk</HitSound>
      <DeathSound>weapon/mithril_dagger</DeathSound>
      <Size>125</Size>
      <MaxHitPoints>15000</MaxHitPoints>
      <Defense>15</Defense>
      <God/>
      <StasisImmune/>
      <ParalyzeImmune/>
      <StunImmune/>
      <AltTexture id="1">
         <AnimatedTexture>
            <File>theMachineChars8x8</File>
            <Index>1</Index>
         </AnimatedTexture>
      </AltTexture>
      <Projectile id="0">
         <ObjectId>Error Blast</ObjectId>
         <Damage>90</Damage>
         <Speed>70</Speed>
         <Size>110</Size>
         <LifetimeMS>7000</LifetimeMS>
         <MultiHit/>
         <ConditionEffect duration="0.2">Quiet</ConditionEffect>
      </Projectile>
   </Object>
   <Object type="0xabea" id="EUSouthWest">
      <DisplayId>EUSouthWest</DisplayId>
      <Group>The Servers</Group>
      <Enemy/>
      <Class>Character</Class>
      <AnimatedTexture>
         <File>theMachineChars8x8</File>
         <Index>0</Index>
      </AnimatedTexture>
      <HitSound>weapon/dirk</HitSound>
      <DeathSound>weapon/mithril_dagger</DeathSound>
      <Size>125</Size>
      <MaxHitPoints>15000</MaxHitPoints>
      <Defense>15</Defense>
      <God/>
      <StasisImmune/>
      <ParalyzeImmune/>
      <AltTexture id="1">
         <AnimatedTexture>
            <File>theMachineChars8x8</File>
            <Index>1</Index>
         </AnimatedTexture>
      </AltTexture>
      <Projectile id="0">
         <ObjectId>Error Spinner</ObjectId>
         <Damage>50</Damage>
         <Speed>0</Speed>
         <Size>70</Size>
         <LifetimeMS>4500</LifetimeMS>
         <ConditionEffect duration="2.2">Slowed</ConditionEffect>
      </Projectile>
   </Object>
   <Object type="0xabeb" id="EUSouth">
      <DisplayId>EUSouth</DisplayId>
      <Group>The Servers</Group>
      <Enemy/>
      <Class>Character</Class>
      <AnimatedTexture>
         <File>theMachineChars8x8</File>
         <Index>0</Index>
      </AnimatedTexture>
      <HitSound>weapon/dirk</HitSound>
      <DeathSound>weapon/mithril_dagger</DeathSound>
      <Size>125</Size>
      <MaxHitPoints>15000</MaxHitPoints>
      <Defense>15</Defense>
      <God/>
      <StasisImmune/>
      <ParalyzeImmune/>
      <StunImmune/>
      <AltTexture id="1">
         <AnimatedTexture>
            <File>theMachineChars8x8</File>
            <Index>1</Index>
         </AnimatedTexture>
      </AltTexture>
      <Projectile id="0">
         <ObjectId>Error Pellet</ObjectId>
         <Damage>70</Damage>
         <Speed>80</Speed>
         <LifetimeMS>4000</LifetimeMS>
         <Size>110</Size>
         <ConditionEffect duration="0.6">Paralyzed</ConditionEffect>
      </Projectile>
   </Object>
   <Object type="0xabec" id="EUEast">
      <DisplayId>EUEast</DisplayId>
      <Group>The Servers</Group>
      <Enemy/>
      <Class>Character</Class>
      <AnimatedTexture>
         <File>theMachineChars8x8</File>
         <Index>0</Index>
      </AnimatedTexture>
      <HitSound>weapon/dirk</HitSound>
      <DeathSound>weapon/mithril_dagger</DeathSound>
      <Size>125</Size>
      <MaxHitPoints>15000</MaxHitPoints>
      <Defense>15</Defense>
      <God/>
      <StasisImmune/>
      <ParalyzeImmune/>
      <StunImmune/>
      <AltTexture id="1">
         <AnimatedTexture>
            <File>theMachineChars8x8</File>
            <Index>1</Index>
         </AnimatedTexture>
      </AltTexture>
      <Projectile id="0">
         <ObjectId>Error Shield</ObjectId>
         <Damage>75</Damage>
         <Speed>80</Speed>
         <LifetimeMS>500</LifetimeMS>
         <Size>130</Size>
         <ConditionEffect duration="3">Stunned</ConditionEffect>
         <ArmorPiercing/>
      </Projectile>
   </Object>
   <Object type="0xabed" id="AsiaSouthEast">
      <DisplayId>AsiaSouthEast</DisplayId>
      <Group>The Servers</Group>
      <Enemy/>
      <Class>Character</Class>
      <AnimatedTexture>
         <File>theMachineChars8x8</File>
         <Index>0</Index>
      </AnimatedTexture>
      <HitSound>weapon/dirk</HitSound>
      <DeathSound>weapon/mithril_dagger</DeathSound>
      <Size>125</Size>
      <MaxHitPoints>15000</MaxHitPoints>
      <Defense>15</Defense>
      <God/>
      <StasisImmune/>
      <ParalyzeImmune/>
      <AltTexture id="1">
         <AnimatedTexture>
            <File>theMachineChars8x8</File>
            <Index>1</Index>
         </AnimatedTexture>
      </AltTexture>
      <Projectile id="0">
         <ObjectId>Error Spinner</ObjectId>
         <Damage>55</Damage>
         <Speed>0</Speed>
         <Size>100</Size>
         <LifetimeMS>4500</LifetimeMS>
         <ConditionEffect duration="1">Quiet</ConditionEffect>
         <ArmorPiercing/>
      </Projectile>
   </Object>
   <Object type="0xabee" id="AsiaEast">
      <DisplayId>AsiaEast</DisplayId>
      <Group>The Servers</Group>
      <Enemy/>
      <Class>Character</Class>
      <AnimatedTexture>
         <File>theMachineChars8x8</File>
         <Index>0</Index>
      </AnimatedTexture>
      <HitSound>weapon/dirk</HitSound>
      <DeathSound>weapon/mithril_dagger</DeathSound>
      <Size>125</Size>
      <MaxHitPoints>15000</MaxHitPoints>
      <Defense>15</Defense>
      <God/>
      <StasisImmune/>
      <ParalyzeImmune/>
      <AltTexture id="1">
         <AnimatedTexture>
            <File>theMachineChars8x8</File>
            <Index>1</Index>
         </AnimatedTexture>
      </AltTexture>
      <Projectile id="0">
         <ObjectId>Error Spinner</ObjectId>
         <Damage>55</Damage>
         <Speed>0</Speed>
         <Size>100</Size>
         <LifetimeMS>4500</LifetimeMS>
         <ConditionEffect duration="1">Quiet</ConditionEffect>
         <ArmorPiercing/>
      </Projectile>
   </Object>
   <Object type="0xabef" id="Australia">
      <DisplayId>Australia</DisplayId>
      <Group>The Servers</Group>
      <Enemy/>
      <Class>Character</Class>
      <AnimatedTexture>
         <File>theMachineChars8x8</File>
         <Index>2</Index>
      </AnimatedTexture>
      <HitSound>weapon/dirk</HitSound>
      <DeathSound>weapon/mithril_dagger</DeathSound>
      <Size>125</Size>
      <MaxHitPoints>15000</MaxHitPoints>
      <Defense>15</Defense>
      <God/>
      <StasisImmune/>
      <ParalyzeImmune/>
      <AltTexture id="1">
         <AnimatedTexture>
            <File>theMachineChars8x8</File>
            <Index>3</Index>
         </AnimatedTexture>
      </AltTexture>
      <Projectile id="0">
         <ObjectId>Error Shield</ObjectId>
         <Damage>40</Damage>
         <Speed>80</Speed>
         <Size>130</Size>
         <LifetimeMS>700</LifetimeMS>
         <MultiHit/>
         <ArmorPiercing/>
         <Boomerang/>
         <ConditionEffect duration="0.4">Confused</ConditionEffect>
      </Projectile>
   </Object>
   <Object type="0xabf0" id="Australia Leap">
      <DisplayId>Australia</DisplayId>
      <Enemy/>
      <Class>GameObject</Class>
      <Texture>
         <File>lofiEnvironment</File>
         <Index>0xa4</Index>
      </Texture>
      <Size>0</Size>
      <NoMiniMap/>
      <Invincible/>
   </Object>
   <Object type="0xabd4" id="Machine Wall">
      <Class>Wall</Class>
      <Texture>
         <File>theMachineObjects8x8</File>
         <Index>0x0a</Index>
      </Texture>
      <Top>
         <Texture>
            <File>theMachineObjects8x8</File>
            <Index>0x0b</Index>
         </Texture>
      </Top>
      <Static/>
      <FullOccupy/>
      <OccupySquare/>
      <EnemyOccupySquare/>
      <BlocksSight/>
   </Object>
   <Object type="0xac10" id="Glitch Spread">
      <Class>Character</Class>
      <NoMiniMap/>
      <DrawOnGround/>
      <Texture>
         <File>theMachineObjects8x8</File>
         <Index>0x9a</Index>
      </Texture>
      <AltTexture id="1">
         <Texture>
            <File>theMachineObjects8x8</File>
            <Index>0x9a</Index>
         </Texture>
      </AltTexture>
      <AltTexture id="2">
         <Texture>
            <File>theMachineObjects8x8</File>
            <Index>0x9b</Index>
         </Texture>
      </AltTexture>
      <AltTexture id="3">
         <Texture>
            <File>theMachineObjects8x8</File>
            <Index>0x9c</Index>
         </Texture>
      </AltTexture>
      <AltTexture id="4">
         <Texture>
            <File>theMachineObjects8x8</File>
            <Index>0x9d</Index>
         </Texture>
      </AltTexture>
      <AltTexture id="5">
         <Texture>
            <File>theMachineObjects8x8</File>
            <Index>0x9e</Index>
         </Texture>
      </AltTexture>
      <AltTexture id="6">
         <Texture>
            <File>theMachineObjects8x8</File>
            <Index>0x9f</Index>
         </Texture>
      </AltTexture>
   </Object>
   <Object type="0xac13" id="Machine OA N">
      <Class>GameObject</Class>
      <Texture>
         <File>lofiEnvironment</File>
         <Index>0xa4</Index>
      </Texture>
      <Size>0</Size>
   </Object>
   <Object type="0xac14" id="Machine OA W">
      <Class>GameObject</Class>
      <Texture>
         <File>lofiEnvironment</File>
         <Index>0xa4</Index>
      </Texture>
      <Size>0</Size>
   </Object>
   <Object type="0xac15" id="Machine OA E">
      <Class>GameObject</Class>
      <Texture>
         <File>lofiEnvironment</File>
         <Index>0xa4</Index>
      </Texture>
      <Size>0</Size>
   </Object>
   <Object type="0xac16" id="Machine OA SW">
      <Class>GameObject</Class>
      <Texture>
         <File>lofiEnvironment</File>
         <Index>0xa4</Index>
      </Texture>
      <Size>0</Size>
   </Object>
   <Object type="0xac17" id="Machine OA SE">
      <Class>GameObject</Class>
      <Texture>
         <File>lofiEnvironment</File>
         <Index>0xa4</Index>
      </Texture>
      <Size>0</Size>
   </Object>
   <Object type="0xac18" id="Machine IA N">
      <Class>GameObject</Class>
      <Texture>
         <File>lofiEnvironment</File>
         <Index>0x94</Index>
      </Texture>
      <Size>0</Size>
   </Object>
   <Object type="0xac19" id="Machine IA W">
      <Class>GameObject</Class>
      <Texture>
         <File>lofiEnvironment</File>
         <Index>0x94</Index>
      </Texture>
      <Size>0</Size>
   </Object>
   <Object type="0xac1a" id="Machine IA E">
      <Class>GameObject</Class>
      <Texture>
         <File>lofiEnvironment</File>
         <Index>0x94</Index>
      </Texture>
      <Size>0</Size>
   </Object>
   <Object type="0xac1b" id="Machine IA SW">
      <Class>GameObject</Class>
      <Texture>
         <File>lofiEnvironment</File>
         <Index>0x94</Index>
      </Texture>
      <Size>0</Size>
   </Object>
   <Object type="0xac1c" id="Machine IA SE">
      <Class>GameObject</Class>
      <Texture>
         <File>lofiEnvironment</File>
         <Index>0x94</Index>
      </Texture>
      <Size>0</Size>
   </Object>
</Objects>
